month,year,department,cost_center,metric,value
Jan,2023,Sales,Field Sales,actual_revenue,415200
Jan,2023,Sales,Field Sales,budget_revenue,420000
Jan,2023,Sales,Field Sales,forecast_revenue,430000
Jan,2023,Sales,Field Sales,revenue_variance,-4800
Jan,2023,Sales,Field Sales,revenue_variance_pct,-0.0114
Jan,2023,Sales,Field Sales,actual_expense,192500
Jan,2023,Sales,Field Sales,budget_expense,180000
Jan,2023,Sales,Field Sales,forecast_expense,185000
Jan,2023,Sales,Field Sales,expense_variance,12500
Jan,2023,Sales,Field Sales,expense_variance_pct,0.0694
Jan,2023,Sales,Field Sales,gross_margin,222700
Jan,2023,Sales,Field Sales,gross_margin_pct,0.5364
Jan,2023,Sales,Field Sales,forecast_error_revenue,-14800
Jan,2023,Sales,Field Sales,forecast_accuracy_revenue_pct,0.9643
Jan,2023,Sales,Field Sales,forecast_error_expense,7500
Jan,2023,Sales,Field Sales,forecast_accuracy_expense_pct,0.9611
Jan,2023,Sales,Field Sales,variance_driver_rate,N/A
Jan,2023,Sales,Field Sales,variance_driver_volume,N/A

Jan,2023,Sales,Inside Sales,actual_revenue,298400
Jan,2023,Sales,Inside Sales,budget_revenue,310000
Jan,2023,Sales,Inside Sales,forecast_revenue,305000
Jan,2023,Sales,Inside Sales,revenue_variance,-11600
Jan,2023,Sales,Inside Sales,revenue_variance_pct,-0.0374
Jan,2023,Sales,Inside Sales,actual_expense,126300
Jan,2023,Sales,Inside Sales,budget_expense,120000
Jan,2023,Sales,Inside Sales,forecast_expense,122000
Jan,2023,Sales,Inside Sales,expense_variance,6300
Jan,2023,Sales,Inside Sales,expense_variance_pct,0.0525
Jan,2023,Sales,Inside Sales,gross_margin,172100
Jan,2023,Sales,Inside Sales,gross_margin_pct,0.5765
Jan,2023,Sales,Inside Sales,forecast_error_revenue,-6600
Jan,2023,Sales,Inside Sales,forecast_accuracy_revenue_pct,0.9779
Jan,2023,Sales,Inside Sales,forecast_error_expense,4300
Jan,2023,Sales,Inside Sales,forecast_accuracy_expense_pct,0.9659
Jan,2023,Sales,Inside Sales,variance_driver_rate,N/A
Jan,2023,Sales,Inside Sales,variance_driver_volume,N/A

Jan,2023,Sales,Sales Ops,actual_revenue,87000
Jan,2023,Sales,Sales Ops,budget_revenue,90000
Jan,2023,Sales,Sales Ops,forecast_revenue,92000
Jan,2023,Sales,Sales Ops,revenue_variance,-3000
Jan,2023,Sales,Sales Ops,revenue_variance_pct,-0.0333
Jan,2023,Sales,Sales Ops,actual_expense,64500
Jan,2023,Sales,Sales Ops,budget_expense,60000
Jan,2023,Sales,Sales Ops,forecast_expense,61000
Jan,2023,Sales,Sales Ops,expense_variance,4500
Jan,2023,Sales,Sales Ops,expense_variance_pct,0.075
Jan,2023,Sales,Sales Ops,gross_margin,22500
Jan,2023,Sales,Sales Ops,gross_margin_pct,0.2586
Jan,2023,Sales,Sales Ops,forecast_error_revenue,-5000
Jan,2023,Sales,Sales Ops,forecast_accuracy_revenue_pct,0.9425
Jan,2023,Sales,Sales Ops,forecast_error_expense,3500
Jan,2023,Sales,Sales Ops,forecast_accuracy_expense_pct,0.9457
Jan,2023,Sales,Sales Ops,variance_driver_rate,N/A
Jan,2023,Sales,Sales Ops,variance_driver_volume,N/A

Jan,2023,Marketing,Digital,actual_revenue,162000
Jan,2023,Marketing,Digital,budget_revenue,150000
Jan,2023,Marketing,Digital,forecast_revenue,155000
Jan,2023,Marketing,Digital,revenue_variance,12000
Jan,2023,Marketing,Digital,revenue_variance_pct,0.08
Jan,2023,Marketing,Digital,actual_expense,138400
Jan,2023,Marketing,Digital,budget_expense,130000
Jan,2023,Marketing,Digital,forecast_expense,132000
Jan,2023,Marketing,Digital,expense_variance,8400
Jan,2023,Marketing,Digital,expense_variance_pct,0.0646
Jan,2023,Marketing,Digital,gross_margin,23600
Jan,2023,Marketing,Digital,gross_margin_pct,0.1457
Jan,2023,Marketing,Digital,forecast_error_revenue,7000
Jan,2023,Marketing,Digital,forecast_accuracy_revenue_pct,0.9568
Jan,2023,Marketing,Digital,forecast_error_expense,6400
Jan,2023,Marketing,Digital,forecast_accuracy_expense_pct,0.9537
Jan,2023,Marketing,Digital,variance_driver_rate,N/A
Jan,2023,Marketing,Digital,variance_driver_volume,N/A

Jan,2023,Marketing,Events,actual_revenue,72000
Jan,2023,Marketing,Events,budget_revenue,80000
Jan,2023,Marketing,Events,forecast_revenue,78000
Jan,2023,Marketing,Events,revenue_variance,-8000
Jan,2023,Marketing,Events,revenue_variance_pct,-0.1
Jan,2023,Marketing,Events,actual_expense,101200
Jan,2023,Marketing,Events,budget_expense,95000
Jan,2023,Marketing,Events,forecast_expense,98000
Jan,2023,Marketing,Events,expense_variance,6200
Jan,2023,Marketing,Events,expense_variance_pct,0.0653
Jan,2023,Marketing,Events,gross_margin,-29200
Jan,2023,Marketing,Events,gross_margin_pct,-0.4056
Jan,2023,Marketing,Events,forecast_error_revenue,-6000
Jan,2023,Marketing,Events,forecast_accuracy_revenue_pct,0.9167
Jan,2023,Marketing,Events,forecast_error_expense,3200
Jan,2023,Marketing,Events,forecast_accuracy_expense_pct,0.9684
Jan,2023,Marketing,Events,variance_driver_rate,N/A
Jan,2023,Marketing,Events,variance_driver_volume,N/A

Jan,2023,Marketing,Brand,actual_revenue,58000
Jan,2023,Marketing,Brand,budget_revenue,60000
Jan,2023,Marketing,Brand,forecast_revenue,61000
Jan,2023,Marketing,Brand,revenue_variance,-2000
Jan,2023,Marketing,Brand,revenue_variance_pct,-0.0333
Jan,2023,Marketing,Brand,actual_expense,73500
Jan,2023,Marketing,Brand,budget_expense,70000
Jan,2023,Marketing,Brand,forecast_expense,71000
Jan,2023,Marketing,Brand,expense_variance,3500
Jan,2023,Marketing,Brand,expense_variance_pct,0.05
Jan,2023,Marketing,Brand,gross_margin,-15500
Jan,2023,Marketing,Brand,gross_margin_pct,-0.2672
Jan,2023,Marketing,Brand,forecast_error_revenue,-3000
Jan,2023,Marketing,Brand,forecast_accuracy_revenue_pct,0.9483
Jan,2023,Marketing,Brand,forecast_error_expense,2500
Jan,2023,Marketing,Brand,forecast_accuracy_expense_pct,0.9660
Jan,2023,Marketing,Brand,variance_driver_rate,N/A
Jan,2023,Marketing,Brand,variance_driver_volume,N/A

Feb,2023,Sales,Field Sales,actual_revenue,425000
Feb,2023,Sales,Field Sales,budget_revenue,430000
Feb,2023,Sales,Field Sales,forecast_revenue,440000
Feb,2023,Sales,Field Sales,revenue_variance,-5000
Feb,2023,Sales,Field Sales,revenue_variance_pct,-0.0116
Feb,2023,Sales,Field Sales,actual_expense,193000
Feb,2023,Sales,Field Sales,budget_expense,182000
Feb,2023,Sales,Field Sales,forecast_expense,187000
Feb,2023,Sales,Field Sales,expense_variance,11000
Feb,2023,Sales,Field Sales,expense_variance_pct,0.0604
Feb,2023,Sales,Field Sales,gross_margin,232000
Feb,2023,Sales,Field Sales,gross_margin_pct,0.5459
Feb,2023,Sales,Field Sales,forecast_error_revenue,-15000
Feb,2023,Sales,Field Sales,forecast_accuracy_revenue_pct,0.9647
Feb,2023,Sales,Field Sales,forecast_error_expense,6000
Feb,2023,Sales,Field Sales,forecast_accuracy_expense_pct,0.9689
Feb,2023,Sales,Field Sales,variance_driver_rate,N/A
Feb,2023,Sales,Field Sales,variance_driver_volume,N/A

Mar,2023,Sales,Field Sales,actual_revenue,452000
Mar,2023,Sales,Field Sales,budget_revenue,440000
Mar,2023,Sales,Field Sales,forecast_revenue,445000
Mar,2023,Sales,Field Sales,revenue_variance,12000
Mar,2023,Sales,Field Sales,revenue_variance_pct,0.0273
Mar,2023,Sales,Field Sales,actual_expense,196000
Mar,2023,Sales,Field Sales,budget_expense,184000
Mar,2023,Sales,Field Sales,forecast_expense,189000
Mar,2023,Sales,Field Sales,expense_variance,12000
Mar,2023,Sales,Field Sales,expense_variance_pct,0.0652
Mar,2023,Sales,Field Sales,gross_margin,256000
Mar,2023,Sales,Field Sales,gross_margin_pct,0.5664
Mar,2023,Sales,Field Sales,forecast_error_revenue,7000
Mar,2023,Sales,Field Sales,forecast_accuracy_revenue_pct,0.9845
Mar,2023,Sales,Field Sales,forecast_error_expense,7000
Mar,2023,Sales,Field Sales,forecast_accuracy_expense_pct,0.9643
Mar,2023,Sales,Field Sales,variance_driver_rate,N/A
Mar,2023,Sales,Field Sales,variance_driver_volume,N/A

Mar,2023,Sales,Inside Sales,actual_revenue,318000
Mar,2023,Sales,Inside Sales,budget_revenue,320000
Mar,2023,Sales,Inside Sales,forecast_revenue,325000
Mar,2023,Sales,Inside Sales,revenue_variance,-2000
Mar,2023,Sales,Inside Sales,revenue_variance_pct,-0.0063
Mar,2023,Sales,Inside Sales,actual_expense,127000
Mar,2023,Sales,Inside Sales,budget_expense,123000
Mar,2023,Sales,Inside Sales,forecast_expense,125000
Mar,2023,Sales,Inside Sales,expense_variance,4000
Mar,2023,Sales,Inside Sales,expense_variance_pct,0.0325
Mar,2023,Sales,Inside Sales,gross_margin,191000
Mar,2023,Sales,Inside Sales,gross_margin_pct,0.6006
Mar,2023,Sales,Inside Sales,forecast_error_revenue,-7000
Mar,2023,Sales,Inside Sales,forecast_accuracy_revenue_pct,0.9780
Mar,2023,Sales,Inside Sales,forecast_error_expense,2000
Mar,2023,Sales,Inside Sales,forecast_accuracy_expense_pct,0.9843
Mar,2023,Sales,Inside Sales,variance_driver_rate,N/A
Mar,2023,Sales,Inside Sales,variance_driver_volume,N/A

Mar,2023,Sales,Sales Ops,actual_revenue,91000
Mar,2023,Sales,Sales Ops,budget_revenue,93000
Mar,2023,Sales,Sales Ops,forecast_revenue,94000
Mar,2023,Sales,Sales Ops,revenue_variance,-2000
Mar,2023,Sales,Sales Ops,revenue_variance_pct,-0.0215
Mar,2023,Sales,Sales Ops,actual_expense,65000
Mar,2023,Sales,Sales Ops,budget_expense,61000
Mar,2023,Sales,Sales Ops,forecast_expense,62000
Mar,2023,Sales,Sales Ops,expense_variance,4000
Mar,2023,Sales,Sales Ops,expense_variance_pct,0.0656
Mar,2023,Sales,Sales Ops,gross_margin,26000
Mar,2023,Sales,Sales Ops,gross_margin_pct,0.2857
Mar,2023,Sales,Sales Ops,forecast_error_revenue,-3000
Mar,2023,Sales,Sales Ops,forecast_accuracy_revenue_pct,0.9670
Mar,2023,Sales,Sales Ops,forecast_error_expense,3000
Mar,2023,Sales,Sales Ops,forecast_accuracy_expense_pct,0.9538
Mar,2023,Sales,Sales Ops,variance_driver_rate,N/A
Mar,2023,Sales,Sales Ops,variance_driver_volume,N/A

Mar,2023,Marketing,Digital,actual_revenue,165000
Mar,2023,Marketing,Digital,budget_revenue,155000
Mar,2023,Marketing,Digital,forecast_revenue,160000
Mar,2023,Marketing,Digital,revenue_variance,10000
Mar,2023,Marketing,Digital,revenue_variance_pct,0.0645
Mar,2023,Marketing,Digital,actual_expense,139000
Mar,2023,Marketing,Digital,budget_expense,133000
Mar,2023,Marketing,Digital,forecast_expense,135000
Mar,2023,Marketing,Digital,expense_variance,6000
Mar,2023,Marketing,Digital,expense_variance_pct,0.0451
Mar,2023,Marketing,Digital,gross_margin,26000
Mar,2023,Marketing,Digital,gross_margin_pct,0.1576
Mar,2023,Marketing,Digital,forecast_error_revenue,5000
Mar,2023,Marketing,Digital,forecast_accuracy_revenue_pct,0.9697
Mar,2023,Marketing,Digital,forecast_error_expense,4000
Mar,2023,Marketing,Digital,forecast_accuracy_expense_pct,0.9712
Mar,2023,Marketing,Digital,variance_driver_rate,N/A
Mar,2023,Marketing,Digital,variance_driver_volume,N/A

Mar,2023,Marketing,Events,actual_revenue,78000
Mar,2023,Marketing,Events,budget_revenue,79000
Mar,2023,Marketing,Events,forecast_revenue,80000
Mar,2023,Marketing,Events,revenue_variance,-1000
Mar,2023,Marketing,Events,revenue_variance_pct,-0.0127
Mar,2023,Marketing,Events,actual_expense,101000
Mar,2023,Marketing,Events,budget_expense,94500
Mar,2023,Marketing,Events,forecast_expense,98500
Mar,2023,Marketing,Events,expense_variance,6500
Mar,2023,Marketing,Events,expense_variance_pct,0.0688
Mar,2023,Marketing,Events,gross_margin,-23000
Mar,2023,Marketing,Events,gross_margin_pct,-0.2949
Mar,2023,Marketing,Events,forecast_error_revenue,-2000
Mar,2023,Marketing,Events,forecast_accuracy_revenue_pct,0.9744
Mar,2023,Marketing,Events,forecast_error_expense,2500
Mar,2023,Marketing,Events,forecast_accuracy_expense_pct,0.9752
Mar,2023,Marketing,Events,variance_driver_rate,N/A
Mar,2023,Marketing,Events,variance_driver_volume,N/A

Mar,2023,Marketing,Brand,actual_revenue,60500
Mar,2023,Marketing,Brand,budget_revenue,62000
Mar,2023,Marketing,Brand,forecast_revenue,63000
Mar,2023,Marketing,Brand,revenue_variance,-1500
Mar,2023,Marketing,Brand,revenue_variance_pct,-0.0242
Mar,2023,Marketing,Brand,actual_expense,74000
Mar,2023,Marketing,Brand,budget_expense,71000
Mar,2023,Marketing,Brand,forecast_expense,72000
Mar,2023,Marketing,Brand,expense_variance,3000
Mar,2023,Marketing,Brand,expense_variance_pct,0.0423
Mar,2023,Marketing,Brand,gross_margin,-13500
Mar,2023,Marketing,Brand,gross_margin_pct,-0.2231
Mar,2023,Marketing,Brand,forecast_error_revenue,-2500
Mar,2023,Marketing,Brand,forecast_accuracy_revenue_pct,0.9590
Mar,2023,Marketing,Brand,forecast_error_expense,2000
Mar,2023,Marketing,Brand,forecast_accuracy_expense_pct,0.9729
Mar,2023,Marketing,Brand,variance_driver_rate,N/A
Mar,2023,Marketing,Brand,variance_driver_volume,N/A

Mar,2023,Customer Success,Support,actual_revenue,113000
Mar,2023,Customer Success,Support,budget_revenue,114000
Mar,2023,Customer Success,Support,forecast_revenue,116000
Mar,2023,Customer Success,Support,revenue_variance,-1000
Mar,2023,Customer Success,Support,revenue_variance_pct,-0.0088
Mar,2023,Customer Success,Support,actual_expense,95000
Mar,2023,Customer Success,Support,budget_expense,91000
Mar,2023,Customer Success,Support,forecast_expense,93000
Mar,2023,Customer Success,Support,expense_variance,4000
Mar,2023,Customer Success,Support,expense_variance_pct,0.0440
Mar,2023,Customer Success,Support,gross_margin,18000
Mar,2023,Customer Success,Support,gross_margin_pct,0.1593
Mar,2023,Customer Success,Support,forecast_error_revenue,-3000
Mar,2023,Customer Success,Support,forecast_accuracy_revenue_pct,0.9735
Mar,2023,Customer Success,Support,forecast_error_expense,2000
Mar,2023,Customer Success,Support,forecast_accuracy_expense_pct,0.9789
Mar,2023,Customer Success,Support,variance_driver_rate,N/A
Mar,2023,Customer Success,Support,variance_driver_volume,N/A

Mar,2023,Customer Success,Onboarding,actual_revenue,95000
Mar,2023,Customer Success,Onboarding,budget_revenue,97000
Mar,2023,Customer Success,Onboarding,forecast_revenue,99000
Mar,2023,Customer Success,Onboarding,revenue_variance,-2000
Mar,2023,Customer Success,Onboarding,revenue_variance_pct,-0.0206
Mar,2023,Customer Success,Onboarding,actual_expense,90000
Mar,2023,Customer Success,Onboarding,budget_expense,86000
Mar,2023,Customer Success,Onboarding,forecast_expense,88000
Mar,2023,Customer Success,Onboarding,expense_variance,4000
Mar,2023,Customer Success,Onboarding,expense_variance_pct,0.0465
Mar,2023,Customer Success,Onboarding,gross_margin,5000
Mar,2023,Customer Success,Onboarding,gross_margin_pct,0.0526
Mar,2023,Customer Success,Onboarding,forecast_error_revenue,-4000
Mar,2023,Customer Success,Onboarding,forecast_accuracy_revenue_pct,0.9592
Mar,2023,Customer Success,Onboarding,forecast_error_expense,2000
Mar,2023,Customer Success,Onboarding,forecast_accuracy_expense_pct,0.9778
Mar,2023,Customer Success,Onboarding,variance_driver_rate,N/A
Mar,2023,Customer Success,Onboarding,variance_driver_volume,N/A

Mar,2023,Product,Product Management,actual_revenue,N/A
Mar,2023,Product,Product Management,budget_revenue,N/A
Mar,2023,Product,Product Management,forecast_revenue,N/A
Mar,2023,Product,Product Management,revenue_variance,N/A
Mar,2023,Product,Product Management,revenue_variance_pct,N/A
Mar,2023,Product,Product Management,actual_expense,150000
Mar,2023,Product,Product Management,budget_expense,144000
Mar,2023,Product,Product Management,forecast_expense,146000
Mar,2023,Product,Product Management,expense_variance,6000
Mar,2023,Product,Product Management,expense_variance_pct,0.0417
Mar,2023,Product,Product Management,gross_margin,N/A
Mar,2023,Product,Product Management,gross_margin_pct,N/A
Mar,2023,Product,Product Management,forecast_error_expense,4000
Mar,2023,Product,Product Management,forecast_accuracy_expense_pct,0.9733
Mar,2023,Product,Product Management,variance_driver_rate,N/A
Mar,2023,Product,Product Management,variance_driver_volume,N/A

Mar,2023,Product,UX,actual_revenue,N/A
Mar,2023,Product,UX,budget_revenue,N/A
Mar,2023,Product,UX,forecast_revenue,N/A
Mar,2023,Product,UX,revenue_variance,N/A
Mar,2023,Product,UX,revenue_variance_pct,N/A
Mar,2023,Product,UX,actual_expense,95000
Mar,2023,Product,UX,budget_expense,92000
Mar,2023,Product,UX,forecast_expense,93000
Mar,2023,Product,UX,expense_variance,3000
Mar,2023,Product,UX,expense_variance_pct,0.0326
Mar,2023,Product,UX,gross_margin,N/A
Mar,2023,Product,UX,gross_margin_pct,N/A
Mar,2023,Product,UX,forecast_error_expense,2000
Mar,2023,Product,UX,forecast_accuracy_expense_pct,0.9789
Mar,2023,Product,UX,variance_driver_rate,N/A
Mar,2023,Product,UX,variance_driver_volume,N/A

Mar,2023,Engineering,Backend,actual_revenue,N/A
Mar,2023,Engineering,Backend,budget_revenue,N/A
Mar,2023,Engineering,Backend,forecast_revenue,N/A
Mar,2023,Engineering,Backend,revenue_variance,N/A
Mar,2023,Engineering,Backend,revenue_variance_pct,N/A
Mar,2023,Engineering,Backend,actual_expense,233000
Mar,2023,Engineering,Backend,budget_expense,224000
Mar,2023,Engineering,Backend,forecast_expense,229000
Mar,2023,Engineering,Backend,expense_variance,9000
Mar,2023,Engineering,Backend,expense_variance_pct,0.0402
Mar,2023,Engineering,Backend,gross_margin,N/A
Mar,2023,Engineering,Backend,gross_margin_pct,N/A
Mar,2023,Engineering,Backend,forecast_error_expense,4000
Mar,2023,Engineering,Backend,forecast_accuracy_expense_pct,0.9828
Mar,2023,Engineering,Backend,variance_driver_rate,N/A
Mar,2023,Engineering,Backend,variance_driver_volume,N/A

Mar,2023,Engineering,Frontend,actual_revenue,N/A
Mar,2023,Engineering,Frontend,budget_revenue,N/A
Mar,2023,Engineering,Frontend,forecast_revenue,N/A
Mar,2023,Engineering,Frontend,revenue_variance,N/A
Mar,2023,Engineering,Frontend,revenue_variance_pct,N/A
Mar,2023,Engineering,Frontend,actual_expense,191000
Mar,2023,Engineering,Frontend,budget_expense,184000
Mar,2023,Engineering,Frontend,forecast_expense,187000
Mar,2023,Engineering,Frontend,expense_variance,7000
Mar,2023,Engineering,Frontend,expense_variance_pct,0.0380
Mar,2023,Engineering,Frontend,gross_margin,N/A
Mar,2023,Engineering,Frontend,gross_margin_pct,N/A
Mar,2023,Engineering,Frontend,forecast_error_expense,4000
Mar,2023,Engineering,Frontend,forecast_accuracy_expense_pct,0.9791
Mar,2023,Engineering,Frontend,variance_driver_rate,N/A
Mar,2023,Engineering,Frontend,variance_driver_volume,N/A

Mar,2023,Engineering,DevOps,actual_revenue,N/A
Mar,2023,Engineering,DevOps,budget_revenue,N/A
Mar,2023,Engineering,DevOps,forecast_revenue,N/A
Mar,2023,Engineering,DevOps,revenue_variance,N/A
Mar,2023,Engineering,DevOps,revenue_variance_pct,N/A
Mar,2023,Engineering,DevOps,actual_expense,170000
Mar,2023,Engineering,DevOps,budget_expense,164000
Mar,2023,Engineering,DevOps,forecast_expense,167000
Mar,2023,Engineering,DevOps,expense_variance,6000
Mar,2023,Engineering,DevOps,expense_variance_pct,0.0366
Mar,2023,Engineering,DevOps,gross_margin,N/A
Mar,2023,Engineering,DevOps,gross_margin_pct,N/A
Mar,2023,Engineering,DevOps,forecast_error_expense,3000
Mar,2023,Engineering,DevOps,forecast_accuracy_expense_pct,0.9824
Mar,2023,Engineering,DevOps,variance_driver_rate,N/A
Mar,2023,Engineering,DevOps,variance_driver_volume,N/A

Mar,2023,G&A,HR,actual_revenue,N/A
Mar,2023,G&A,HR,budget_revenue,N/A
Mar,2023,G&A,HR,forecast_revenue,N/A
Mar,2023,G&A,HR,revenue_variance,N/A
Mar,2023,G&A,HR,revenue_variance_pct,N/A
Mar,2023,G&A,HR,actual_expense,74000
Mar,2023,G&A,HR,budget_expense,
Feb,2023,Sales,Inside Sales,actual_revenue,308000
Feb,2023,Sales,Inside Sales,budget_revenue,315000
Feb,2023,Sales,Inside Sales,forecast_revenue,312000
Feb,2023,Sales,Inside Sales,revenue_variance,-7000
Feb,2023,Sales,Inside Sales,revenue_variance_pct,-0.0222
Feb,2023,Sales,Inside Sales,actual_expense,125000
Feb,2023,Sales,Inside Sales,budget_expense,121000
Feb,2023,Sales,Inside Sales,forecast_expense,123000
Feb,2023,Sales,Inside Sales,expense_variance,4000
Feb,2023,Sales,Inside Sales,expense_variance_pct,0.0331
Feb,2023,Sales,Inside Sales,gross_margin,183000
Feb,2023,Sales,Inside Sales,gross_margin_pct,0.5942
Feb,2023,Sales,Inside Sales,forecast_error_revenue,-4000
Feb,2023,Sales,Inside Sales,forecast_accuracy_revenue_pct,0.9870
Feb,2023,Sales,Inside Sales,forecast_error_expense,2000
Feb,2023,Sales,Inside Sales,forecast_accuracy_expense_pct,0.9840
Feb,2023,Sales,Inside Sales,variance_driver_rate,N/A
Feb,2023,Sales,Inside Sales,variance_driver_volume,N/A

Feb,2023,Sales,Sales Ops,actual_revenue,89000
Feb,2023,Sales,Sales Ops,budget_revenue,92000
Feb,2023,Sales,Sales Ops,forecast_revenue,93000
Feb,2023,Sales,Sales Ops,revenue_variance,-3000
Feb,2023,Sales,Sales Ops,revenue_variance_pct,-0.0326
Feb,2023,Sales,Sales Ops,actual_expense,64000
Feb,2023,Sales,Sales Ops,budget_expense,60500
Feb,2023,Sales,Sales Ops,forecast_expense,61500
Feb,2023,Sales,Sales Ops,expense_variance,3500
Feb,2023,Sales,Sales Ops,expense_variance_pct,0.0579
Feb,2023,Sales,Sales Ops,gross_margin,25000
Feb,2023,Sales,Sales Ops,gross_margin_pct,0.2809
Feb,2023,Sales,Sales Ops,forecast_error_revenue,-4000
Feb,2023,Sales,Sales Ops,forecast_accuracy_revenue_pct,0.9551
Feb,2023,Sales,Sales Ops,forecast_error_expense,2500
Feb,2023,Sales,Sales Ops,forecast_accuracy_expense_pct,0.9609
Feb,2023,Sales,Sales Ops,variance_driver_rate,N/A
Feb,2023,Sales,Sales Ops,variance_driver_volume,N/A

Feb,2023,Marketing,Digital,actual_revenue,160000
Feb,2023,Marketing,Digital,budget_revenue,152000
Feb,2023,Marketing,Digital,forecast_revenue,158000
Feb,2023,Marketing,Digital,revenue_variance,8000
Feb,2023,Marketing,Digital,revenue_variance_pct,0.0526
Feb,2023,Marketing,Digital,actual_expense,137000
Feb,2023,Marketing,Digital,budget_expense,131000
Feb,2023,Marketing,Digital,forecast_expense,133000
Feb,2023,Marketing,Digital,expense_variance,6000
Feb,2023,Marketing,Digital,expense_variance_pct,0.0458
Feb,2023,Marketing,Digital,gross_margin,23000
Feb,2023,Marketing,Digital,gross_margin_pct,0.1437
Feb,2023,Marketing,Digital,forecast_error_revenue,2000
Feb,2023,Marketing,Digital,forecast_accuracy_revenue_pct,0.9875
Feb,2023,Marketing,Digital,forecast_error_expense,4000
Feb,2023,Marketing,Digital,forecast_accuracy_expense_pct,0.9708
Feb,2023,Marketing,Digital,variance_driver_rate,N/A
Feb,2023,Marketing,Digital,variance_driver_volume,N/A

Feb,2023,Marketing,Events,actual_revenue,75000
Feb,2023,Marketing,Events,budget_revenue,78000
Feb,2023,Marketing,Events,forecast_revenue,79000
Feb,2023,Marketing,Events,revenue_variance,-3000
Feb,2023,Marketing,Events,revenue_variance_pct,-0.0385
Feb,2023,Marketing,Events,actual_expense,100000
Feb,2023,Marketing,Events,budget_expense,94000
Feb,2023,Marketing,Events,forecast_expense,97000
Feb,2023,Marketing,Events,expense_variance,6000
Feb,2023,Marketing,Events,expense_variance_pct,0.0638
Feb,2023,Marketing,Events,gross_margin,-25000
Feb,2023,Marketing,Events,gross_margin_pct,-0.3333
Feb,2023,Marketing,Events,forecast_error_revenue,-4000
Feb,2023,Marketing,Events,forecast_accuracy_revenue_pct,0.9467
Feb,2023,Marketing,Events,forecast_error_expense,3000
Feb,2023,Marketing,Events,forecast_accuracy_expense_pct,0.9700
Feb,2023,Marketing,Events,variance_driver_rate,N/A
Feb,2023,Marketing,Events,variance_driver_volume,N/A

Feb,2023,Marketing,Brand,actual_revenue,59500
Feb,2023,Marketing,Brand,budget_revenue,61000
Feb,2023,Marketing,Brand,forecast_revenue,62000
Feb,2023,Marketing,Brand,revenue_variance,-1500
Feb,2023,Marketing,Brand,revenue_variance_pct,-0.0246
Feb,2023,Marketing,Brand,actual_expense,73000
Feb,2023,Marketing,Brand,budget_expense,70500
Feb,2023,Marketing,Brand,forecast_expense,71500
Feb,2023,Marketing,Brand,expense_variance,2500
Feb,2023,Marketing,Brand,expense_variance_pct,0.0355
Feb,2023,Marketing,Brand,gross_margin,-13500
Feb,2023,Marketing,Brand,gross_margin_pct,-0.2269
Feb,2023,Marketing,Brand,forecast_error_revenue,-2500
Feb,2023,Marketing,Brand,forecast_accuracy_revenue_pct,0.9579
Feb,2023,Marketing,Brand,forecast_error_expense,1500
Feb,2023,Marketing,Brand,forecast_accuracy_expense_pct,0.9795
Feb,2023,Marketing,Brand,variance_driver_rate,N/A
Feb,2023,Marketing,Brand,variance_driver_volume,N/A

Feb,2023,Customer Success,Support,actual_revenue,110000
Feb,2023,Customer Success,Support,budget_revenue,112000
Feb,2023,Customer Success,Support,forecast_revenue,114000
Feb,2023,Customer Success,Support,revenue_variance,-2000
Feb,2023,Customer Success,Support,revenue_variance_pct,-0.0179
Feb,2023,Customer Success,Support,actual_expense,94000
Feb,2023,Customer Success,Support,budget_expense,90500
Feb,2023,Customer Success,Support,forecast_expense,92500
Feb,2023,Customer Success,Support,expense_variance,3500
Feb,2023,Customer Success,Support,expense_variance_pct,0.0387
Feb,2023,Customer Success,Support,gross_margin,16000
Feb,2023,Customer Success,Support,gross_margin_pct,0.1455
Feb,2023,Customer Success,Support,forecast_error_revenue,-4000
Feb,2023,Customer Success,Support,forecast_accuracy_revenue_pct,0.9636
Feb,2023,Customer Success,Support,forecast_error_expense,1500
Feb,2023,Customer Success,Support,forecast_accuracy_expense_pct,0.9840
Feb,2023,Customer Success,Support,variance_driver_rate,N/A
Feb,2023,Customer Success,Support,variance_driver_volume,N/A

Feb,2023,Customer Success,Onboarding,actual_revenue,93500
Feb,2023,Customer Success,Onboarding,budget_revenue,96000
Feb,2023,Customer Success,Onboarding,forecast_revenue,98000
Feb,2023,Customer Success,Onboarding,revenue_variance,-2500
Feb,2023,Customer Success,Onboarding,revenue_variance_pct,-0.0260
Feb,2023,Customer Success,Onboarding,actual_expense,89000
Feb,2023,Customer Success,Onboarding,budget_expense,85500
Feb,2023,Customer Success,Onboarding,forecast_expense,87500
Feb,2023,Customer Success,Onboarding,expense_variance,3500
Feb,2023,Customer Success,Onboarding,expense_variance_pct,0.0409
Feb,2023,Customer Success,Onboarding,gross_margin,4500
Feb,2023,Customer Success,Onboarding,gross_margin_pct,0.0481
Feb,2023,Customer Success,Onboarding,forecast_error_revenue,-4500
Feb,2023,Customer Success,Onboarding,forecast_accuracy_revenue_pct,0.9520
Feb,2023,Customer Success,Onboarding,forecast_error_expense,1500
Feb,2023,Customer Success,Onboarding,forecast_accuracy_expense_pct,0.9831
Feb,2023,Customer Success,Onboarding,variance_driver_rate,N/A
Feb,2023,Customer Success,Onboarding,variance_driver_volume,N/A

Feb,2023,Product,Product Management,actual_revenue,N/A
Feb,2023,Product,Product Management,budget_revenue,N/A
Feb,2023,Product,Product Management,forecast_revenue,N/A
Feb,2023,Product,Product Management,revenue_variance,N/A
Feb,2023,Product,Product Management,revenue_variance_pct,N/A
Feb,2023,Product,Product Management,actual_expense,148000
Feb,2023,Product,Product Management,budget_expense,142000
Feb,2023,Product,Product Management,forecast_expense,144000
Feb,2023,Product,Product Management,expense_variance,6000
Feb,2023,Product,Product Management,expense_variance_pct,0.0423
Feb,2023,Product,Product Management,gross_margin,N/A
Feb,2023,Product,Product Management,gross_margin_pct,N/A
Feb,2023,Product,Product Management,forecast_error_expense,4000
Feb,2023,Product,Product Management,forecast_accuracy_expense_pct,0.9729
Feb,2023,Product,Product Management,variance_driver_rate,N/A
Feb,2023,Product,Product Management,variance_driver_volume,N/A

Feb,2023,Product,UX,actual_revenue,N/A
Feb,2023,Product,UX,budget_revenue,N/A
Feb,2023,Product,UX,forecast_revenue,N/A
Feb,2023,Product,UX,revenue_variance,N/A
Feb,2023,Product,UX,revenue_variance_pct,N/A
Feb,2023,Product,UX,actual_expense,94000
Feb,2023,Product,UX,budget_expense,91000
Feb,2023,Product,UX,forecast_expense,92500
Feb,2023,Product,UX,expense_variance,3000
Feb,2023,Product,UX,expense_variance_pct,0.0330
Feb,2023,Product,UX,gross_margin,N/A
Feb,2023,Product,UX,gross_margin_pct,N/A
Feb,2023,Product,UX,forecast_error_expense,1500
Feb,2023,Product,UX,forecast_accuracy_expense_pct,0.9840
Feb,2023,Product,UX,variance_driver_rate,N/A
Feb,2023,Product,UX,variance_driver_volume,N/A

Feb,2023,Engineering,Backend,actual_revenue,N/A
Feb,2023,Engineering,Backend,budget_revenue,N/A
Feb,2023,Engineering,Backend,forecast_revenue,N/A
Feb,2023,Engineering,Backend,revenue_variance,N/A
Feb,2023,Engineering,Backend,revenue_variance_pct,N/A
Feb,2023,Engineering,Backend,actual_expense,230000
Feb,2023,Engineering,Backend,budget_expense,222000
Feb,2023,Engineering,Backend,forecast_expense,227000
Feb,2023,Engineering,Backend,expense_variance,8000
Feb,2023,Engineering,Backend,expense_variance_pct,0.0360
Feb,2023,Engineering,Backend,gross_margin,N/A
Feb,2023,Engineering,Backend,gross_margin_pct,N/A
Feb,2023,Engineering,Backend,forecast_error_expense,3000
Feb,2023,Engineering,Backend,forecast_accuracy_expense_pct,0.9869
Feb,2023,Engineering,Backend,variance_driver_rate,N/A
Feb,2023,Engineering,Backend,variance_driver_volume,N/A

Feb,2023,Engineering,Frontend,actual_revenue,N/A
Feb,2023,Engineering,Frontend,budget_revenue,N/A
Feb,2023,Engineering,Frontend,forecast_revenue,N/A
Feb,2023,Engineering,Frontend,revenue_variance,N/A
Feb,2023,Engineering,Frontend,revenue_variance_pct,N/A
Feb,2023,Engineering,Frontend,actual_expense,188000
Feb,2023,Engineering,Frontend,budget_expense,182000
Feb,2023,Engineering,Frontend,forecast_expense,185000
Feb,2023,Engineering,Frontend,expense_variance,6000
Feb,2023,Engineering,Frontend,expense_variance_pct,0.0330
Feb,2023,Engineering,Frontend,gross_margin,N/A
Feb,2023,Engineering,Frontend,gross_margin_pct,N/A
Feb,2023,Engineering,Frontend,forecast_error_expense,3000
Feb,2023,Engineering,Frontend,forecast_accuracy_expense_pct,0.9840
Feb,2023,Engineering,Frontend,variance_driver_rate,N/A
Feb,2023,Engineering,Frontend,variance_driver_volume,N/A

Feb,2023,Engineering,DevOps,actual_revenue,N/A
Feb,2023,Engineering,DevOps,budget_revenue,N/A
Feb,2023,Engineering,DevOps,forecast_revenue,N/A
Feb,2023,Engineering,DevOps,revenue_variance,N/A
Feb,2023,Engineering,DevOps,revenue_variance_pct,N/A
Feb,2023,Engineering,DevOps,actual_expense,167000
Feb,2023,Engineering,DevOps,budget_expense,162000
Feb,2023,Engineering,DevOps,forecast_expense,165000
Feb,2023,Engineering,DevOps,expense_variance,5000
Feb,2023,Engineering,DevOps,expense_variance_pct,0.0309
Feb,2023,Engineering,DevOps,gross_margin,N/A
Feb,2023,Engineering,DevOps,gross_margin_pct,N/A
Feb,2023,Engineering,DevOps,forecast_error_expense,2000
Feb,2023,Engineering,DevOps,forecast_accuracy_expense_pct,0.9880
Feb,2023,Engineering,DevOps,variance_driver_rate,N/A
Feb,2023,Engineering,DevOps,variance_driver_volume,N/A

Feb,2023,G&A,HR,actual_revenue,N/A
Feb,2023,G&A,HR,budget_revenue,N/A
Feb,2023,G&A,HR,forecast_revenue,N/A
Feb,2023,G&A,HR,revenue_variance,N/A
Feb,2023,G&A,HR,revenue_variance_pct,N/A
Feb,2023,G&A,HR,actual_expense,

Apr,2023,Sales,Field Sales,actual_revenue,438000
Apr,2023,Sales,Field Sales,budget_revenue,445000
Apr,2023,Sales,Field Sales,forecast_revenue,450000
Apr,2023,Sales,Field Sales,revenue_variance,-7000
Apr,2023,Sales,Field Sales,revenue_variance_pct,-0.0157
Apr,2023,Sales,Field Sales,actual_expense,195000
Apr,2023,Sales,Field Sales,budget_expense,186000
Apr,2023,Sales,Field Sales,forecast_expense,190000
Apr,2023,Sales,Field Sales,expense_variance,9000
Apr,2023,Sales,Field Sales,expense_variance_pct,0.0484
Apr,2023,Sales,Field Sales,gross_margin,243000
Apr,2023,Sales,Field Sales,gross_margin_pct,0.5548
Apr,2023,Sales,Field Sales,forecast_error_revenue,-12000
Apr,2023,Sales,Field Sales,forecast_accuracy_revenue_pct,0.9733
Apr,2023,Sales,Field Sales,forecast_error_expense,5000
Apr,2023,Sales,Field Sales,forecast_accuracy_expense_pct,0.9744
Apr,2023,Sales,Field Sales,variance_driver_rate,N/A
Apr,2023,Sales,Field Sales,variance_driver_volume,N/A

Apr,2023,Sales,Inside Sales,actual_revenue,320000
Apr,2023,Sales,Inside Sales,budget_revenue,325000
Apr,2023,Sales,Inside Sales,forecast_revenue,330000
Apr,2023,Sales,Inside Sales,revenue_variance,-5000
Apr,2023,Sales,Inside Sales,revenue_variance_pct,-0.0154
Apr,2023,Sales,Inside Sales,actual_expense,128000
Apr,2023,Sales,Inside Sales,budget_expense,124000
Apr,2023,Sales,Inside Sales,forecast_expense,126000
Apr,2023,Sales,Inside Sales,expense_variance,4000
Apr,2023,Sales,Inside Sales,expense_variance_pct,0.0323
Apr,2023,Sales,Inside Sales,gross_margin,192000
Apr,2023,Sales,Inside Sales,gross_margin_pct,0.6000
Apr,2023,Sales,Inside Sales,forecast_error_revenue,-10000
Apr,2023,Sales,Inside Sales,forecast_accuracy_revenue_pct,0.9690
Apr,2023,Sales,Inside Sales,forecast_error_expense,2000
Apr,2023,Sales,Inside Sales,forecast_accuracy_expense_pct,0.9844
Apr,2023,Sales,Inside Sales,variance_driver_rate,N/A
Apr,2023,Sales,Inside Sales,variance_driver_volume,N/A

Apr,2023,Sales,Sales Ops,actual_revenue,92000
Apr,2023,Sales,Sales Ops,budget_revenue,94000
Apr,2023,Sales,Sales Ops,forecast_revenue,95000
Apr,2023,Sales,Sales Ops,revenue_variance,-2000
Apr,2023,Sales,Sales Ops,revenue_variance_pct,-0.0213
Apr,2023,Sales,Sales Ops,actual_expense,65500
Apr,2023,Sales,Sales Ops,budget_expense,61500
Apr,2023,Sales,Sales Ops,forecast_expense,62500
Apr,2023,Sales,Sales Ops,expense_variance,4000
Apr,2023,Sales,Sales Ops,expense_variance_pct,0.0650
Apr,2023,Sales,Sales Ops,gross_margin,26500
Apr,2023,Sales,Sales Ops,gross_margin_pct,0.2880
Apr,2023,Sales,Sales Ops,forecast_error_revenue,-3000
Apr,2023,Sales,Sales Ops,forecast_accuracy_revenue_pct,0.9684
Apr,2023,Sales,Sales Ops,forecast_error_expense,3000
Apr,2023,Sales,Sales Ops,forecast_accuracy_expense_pct,0.9520
Apr,2023,Sales,Sales Ops,variance_driver_rate,N/A
Apr,2023,Sales,Sales Ops,variance_driver_volume,N/A

Apr,2023,Marketing,Digital,actual_revenue,159000
Apr,2023,Marketing,Digital,budget_revenue,157000
Apr,2023,Marketing,Digital,forecast_revenue,162000
Apr,2023,Marketing,Digital,revenue_variance,2000
Apr,2023,Marketing,Digital,revenue_variance_pct,0.0127
Apr,2023,Marketing,Digital,actual_expense,138500
Apr,2023,Marketing,Digital,budget_expense,134000
Apr,2023,Marketing,Digital,forecast_expense,136000
Apr,2023,Marketing,Digital,expense_variance,4500
Apr,2023,Marketing,Digital,expense_variance_pct,0.0336
Apr,2023,Marketing,Digital,gross_margin,20500
Apr,2023,Marketing,Digital,gross_margin_pct,0.1289
Apr,2023,Marketing,Digital,forecast_error_revenue,-3000
Apr,2023,Marketing,Digital,forecast_accuracy_revenue_pct,0.9811
Apr,2023,Marketing,Digital,forecast_error_expense,2500
Apr,2023,Marketing,Digital,forecast_accuracy_expense_pct,0.9819
Apr,2023,Marketing,Digital,variance_driver_rate,N/A
Apr,2023,Marketing,Digital,variance_driver_volume,N/A

Apr,2023,Marketing,Events,actual_revenue,77000
Apr,2023,Marketing,Events,budget_revenue,80000
Apr,2023,Marketing,Events,forecast_revenue,81000
Apr,2023,Marketing,Events,revenue_variance,-3000
Apr,2023,Marketing,Events,revenue_variance_pct,-0.0375
Apr,2023,Marketing,Events,actual_expense,100500
Apr,2023,Marketing,Events,budget_expense,95000
Apr,2023,Marketing,Events,forecast_expense,99000
Apr,2023,Marketing,Events,expense_variance,5500
Apr,2023,Marketing,Events,expense_variance_pct,0.0579
Apr,2023,Marketing,Events,gross_margin,-23500
Apr,2023,Marketing,Events,gross_margin_pct,-0.3052
Apr,2023,Marketing,Events,forecast_error_revenue,-4000
Apr,2023,Marketing,Events,forecast_accuracy_revenue_pct,0.9500
Apr,2023,Marketing,Events,forecast_error_expense,1500
Apr,2023,Marketing,Events,forecast_accuracy_expense_pct,0.9851
Apr,2023,Marketing,Events,variance_driver_rate,N/A
Apr,2023,Marketing,Events,variance_driver_volume,N/A

Apr,2023,Marketing,Brand,actual_revenue,61500
Apr,2023,Marketing,Brand,budget_revenue,63000
Apr,2023,Marketing,Brand,forecast_revenue,64000
Apr,2023,Marketing,Brand,revenue_variance,-1500
Apr,2023,Marketing,Brand,revenue_variance_pct,-0.0238
Apr,2023,Marketing,Brand,actual_expense,74500
Apr,2023,Marketing,Brand,budget_expense,71500
Apr,2023,Marketing,Brand,forecast_expense,72500
Apr,2023,Marketing,Brand,expense_variance,3000
Apr,2023,Marketing,Brand,expense_variance_pct,0.0419
Apr,2023,Marketing,Brand,gross_margin,-13000
Apr,2023,Marketing,Brand,gross_margin_pct,-0.2114
Apr,2023,Marketing,Brand,forecast_error_revenue,-2500
Apr,2023,Marketing,Brand,forecast_accuracy_revenue_pct,0.9603
Apr,2023,Marketing,Brand,forecast_error_expense,2000
Apr,2023,Marketing,Brand,forecast_accuracy_expense_pct,0.9732
Apr,2023,Marketing,Brand,variance_driver_rate,N/A
Apr,2023,Marketing,Brand,variance_driver_volume,N/A

Apr,2023,Customer Success,Support,actual_revenue,112000
Apr,2023,Customer Success,Support,budget_revenue,115000
Apr,2023,Customer Success,Support,forecast_revenue,117000
Apr,2023,Customer Success,Support,revenue_variance,-3000
Apr,2023,Customer Success,Support,revenue_variance_pct,-0.0261
Apr,2023,Customer Success,Support,actual_expense,95500
Apr,2023,Customer Success,Support,budget_expense,91500
Apr,2023,Customer Success,Support,forecast_expense,93500
Apr,2023,Customer Success,Support,expense_variance,4000
Apr,2023,Customer Success,Support,expense_variance_pct,0.0437
Apr,2023,Customer Success,Support,gross_margin,16500
Apr,2023,Customer Success,Support,gross_margin_pct,0.1473
Apr,2023,Customer Success,Support,forecast_error_revenue,-5000
Apr,2023,Customer Success,Support,forecast_accuracy_revenue_pct,0.9570
Apr,2023,Customer Success,Support,forecast_error_expense,2000
Apr,2023,Customer Success,Support,forecast_accuracy_expense_pct,0.9790
Apr,2023,Customer Success,Support,variance_driver_rate,N/A
Apr,2023,Customer Success,Support,variance_driver_volume,N/A

Apr,2023,Customer Success,Onboarding,actual_revenue,94500
Apr,2023,Customer Success,Onboarding,budget_revenue,98000
Apr,2023,Customer Success,Onboarding,forecast_revenue,99500
Apr,2023,Customer Success,Onboarding,revenue_variance,-3500
Apr,2023,Customer Success,Onboarding,revenue_variance_pct,-0.0357
Apr,2023,Customer Success,Onboarding,actual_expense,90500
Apr,2023,Customer Success,Onboarding,budget_expense,86500
Apr,2023,Customer Success,Onboarding,forecast_expense,88500
Apr,2023,Customer Success,Onboarding,expense_variance,4000
Apr,2023,Customer Success,Onboarding,expense_variance_pct,0.0462
Apr,2023,Customer Success,Onboarding,gross_margin,4000
Apr,2023,Customer Success,Onboarding,gross_margin_pct,0.0423
Apr,2023,Customer Success,Onboarding,forecast_error_revenue,-5000
Apr,2023,Customer Success,Onboarding,forecast_accuracy_revenue_pct,0.9497
Apr,2023,Customer Success,Onboarding,forecast_error_expense,2000
Apr,2023,Customer Success,Onboarding,forecast_accuracy_expense_pct,0.9779
Apr,2023,Customer Success,Onboarding,variance_driver_rate,N/A
Apr,2023,Customer Success,Onboarding,variance_driver_volume,N/A

Apr,2023,Product,Product Management,actual_revenue,N/A
Apr,2023,Product,Product Management,budget_revenue,N/A
Apr,2023,Product,Product Management,forecast_revenue,N/A
Apr,2023,Product,Product Management,revenue_variance,N/A
Apr,2023,Product,Product Management,revenue_variance_pct,N/A
Apr,2023,Product,Product Management,actual_expense,151000
Apr,2023,Product,Product Management,budget_expense,146000
Apr,2023,Product,Product Management,forecast_expense,148000
Apr,2023,Product,Product Management,expense_variance,5000
Apr,2023,Product,Product Management,expense_variance_pct,0.0342
Apr,2023,Product,Product Management,gross_margin,N/A
Apr,2023,Product,Product Management,gross_margin_pct,N/A
Apr,2023,Product,Product Management,forecast_error_expense,3000
Apr,2023,Product,Product Management,forecast_accuracy_expense_pct,0.9801
Apr,2023,Product,Product Management,variance_driver_rate,N/A
Apr,2023,Product,Product Management,variance_driver_volume,N/A

Apr,2023,Product,UX,actual_revenue,N/A
Apr,2023,Product,UX,budget_revenue,N/A
Apr,2023,Product,UX,forecast_revenue,N/A
Apr,2023,Product,UX,revenue_variance,N/A
Apr,2023,Product,UX,revenue_variance_pct,N/A
Apr,2023,Product,UX,actual_expense,95500
Apr,2023,Product,UX,budget_expense,93000
Apr,2023,Product,UX,forecast_expense,93500
Apr,2023,Product,UX,expense_variance,2500
Apr,2023,Product,UX,expense_variance_pct,0.0269
Apr,2023,Product,UX,gross_margin,N/A
Apr,2023,Product,UX,gross_margin_pct,N/A
Apr,2023,Product,UX,forecast_error_expense,1500
Apr,2023,Product,UX,forecast_accuracy_expense_pct,0.9843
Apr,2023,Product,UX,variance_driver_rate,N/A
Apr,2023,Product,UX,variance_driver_volume,N/A

Apr,2023,Engineering,Backend,actual_revenue,N/A
Apr,2023,Engineering,Backend,budget_revenue,N/A
Apr,2023,Engineering,Backend,forecast_revenue,N/A
Apr,2023,Engineering,Backend,revenue_variance,N/A
Apr,2023,Engineering,Backend,revenue_variance_pct,N/A
Apr,2023,Engineering,Backend,actual_expense,234000
Apr,2023,Engineering,Backend,budget_expense,226000
Apr,2023,Engineering,Backend,forecast_expense,231000
Apr,2023,Engineering,Backend,expense_variance,8000
Apr,2023,Engineering,Backend,expense_variance_pct,0.0354
Apr,2023,Engineering,Backend,gross_margin,N/A
Apr,2023,Engineering,Backend,gross_margin_pct,N/A
Apr,2023,Engineering,Backend,forecast_error_expense,3000
Apr,2023,Engineering,Backend,forecast_accuracy_expense_pct,0.9872
Apr,2023,Engineering,Backend,variance_driver_rate,N/A
Apr,2023,Engineering,Backend,variance_driver_volume,N/A

Apr,2023,Engineering,Frontend,actual_revenue,N/A
Apr,2023,Engineering,Frontend,budget_revenue,N/A
Apr,2023,Engineering,Frontend,forecast_revenue,N/A
Apr,2023,Engineering,Frontend,revenue_variance,N/A
Apr,2023,Engineering,Frontend,revenue_variance_pct,N/A
Apr,2023,Engineering,Frontend,actual_expense,192000
Apr,2023,Engineering,Frontend,budget_expense,186000
Apr,2023,Engineering,Frontend,forecast_expense,189000
Apr,2023,Engineering,Frontend,expense_variance,6000
Apr,2023,Engineering,Frontend,expense_variance_pct,0.0323
Apr,2023,Engineering,Frontend,gross_margin,N/A
Apr,2023,Engineering,Frontend,gross_margin_pct,N/A
Apr,2023,Engineering,Frontend,forecast_error_expense,3000
Apr,2023,Engineering,Frontend,forecast_accuracy_expense_pct,0.9844
Apr,2023,Engineering,Frontend,variance_driver_rate,N/A
Apr,2023,Engineering,Frontend,variance_driver_volume,N/A

Apr,2023,Engineering,DevOps,actual_revenue,N/A
Apr,2023,Engineering,DevOps,budget_revenue,N/A
Apr,2023,Engineering,DevOps,forecast_revenue,N/A
Apr,2023,Engineering,DevOps,revenue_variance,N/A
Apr,2023,Engineering,DevOps,revenue_variance_pct,N/A
Apr,2023,Engineering,DevOps,actual_expense,171000
Apr,2023,Engineering,DevOps,budget_expense,166000
Apr,2023,Engineering,DevOps,forecast_expense,168000
Apr,2023,Engineering,DevOps,expense_variance,5000
Apr,2023,Engineering,DevOps,expense_variance_pct,0.0301
Apr,2023,Engineering,DevOps,gross_margin,N/A
Apr,2023,Engineering,DevOps,gross_margin_pct,N/A
Apr,2023,Engineering,DevOps,forecast_error_expense,3000
Apr,2023,Engineering,DevOps,forecast_accuracy_expense_pct,0.9825
Apr,2023,Engineering,DevOps,variance_driver_rate,N/A
Apr,2023,Engineering,DevOps,variance_driver_volume,N/A

Apr,2023,G&A,HR,actual_revenue,N/A
Apr,2023,G&A,HR,budget_revenue,N/A
Apr,2023,G&A,HR,forecast_revenue,N/A
Apr,2023,G&A,HR,revenue_variance,N/A
Apr,2023,G&A,HR,revenue_variance_pct,N/A
Apr,2023,G&A,HR,actual_expense,74500
Apr,2023

May,2023,Sales,Field Sales,actual_revenue,455000
May,2023,Sales,Field Sales,budget_revenue,450000
May,2023,Sales,Field Sales,forecast_revenue,460000
May,2023,Sales,Field Sales,revenue_variance,5000
May,2023,Sales,Field Sales,revenue_variance_pct,0.0111
May,2023,Sales,Field Sales,actual_expense,198000
May,2023,Sales,Field Sales,budget_expense,188000
May,2023,Sales,Field Sales,forecast_expense,192000
May,2023,Sales,Field Sales,expense_variance,10000
May,2023,Sales,Field Sales,expense_variance_pct,0.0532
May,2023,Sales,Field Sales,gross_margin,257000
May,2023,Sales,Field Sales,gross_margin_pct,0.5648
May,2023,Sales,Field Sales,forecast_error_revenue,-5000
May,2023,Sales,Field Sales,forecast_accuracy_revenue_pct,0.9890
May,2023,Sales,Field Sales,forecast_error_expense,6000
May,2023,Sales,Field Sales,forecast_accuracy_expense_pct,0.9697
May,2023,Sales,Field Sales,variance_driver_rate,N/A
May,2023,Sales,Field Sales,variance_driver_volume,N/A

May,2023,Sales,Inside Sales,actual_revenue,335000
May,2023,Sales,Inside Sales,budget_revenue,330000
May,2023,Sales,Inside Sales,forecast_revenue,338000
May,2023,Sales,Inside Sales,revenue_variance,5000
May,2023,Sales,Inside Sales,revenue_variance_pct,0.0152
May,2023,Sales,Inside Sales,actual_expense,129000
May,2023,Sales,Inside Sales,budget_expense,125000
May,2023,Sales,Inside Sales,forecast_expense,127000
May,2023,Sales,Inside Sales,expense_variance,4000
May,2023,Sales,Inside Sales,expense_variance_pct,0.0320
May,2023,Sales,Inside Sales,gross_margin,206000
May,2023,Sales,Inside Sales,gross_margin_pct,0.6150
May,2023,Sales,Inside Sales,forecast_error_revenue,-3000
May,2023,Sales,Inside Sales,forecast_accuracy_revenue_pct,0.9910
May,2023,Sales,Inside Sales,forecast_error_expense,2000
May,2023,Sales,Inside Sales,forecast_accuracy_expense_pct,0.9845
May,2023,Sales,Inside Sales,variance_driver_rate,N/A
May,2023,Sales,Inside Sales,variance_driver_volume,N/A

May,2023,Sales,Sales Ops,actual_revenue,96000
May,2023,Sales,Sales Ops,budget_revenue,95000
May,2023,Sales,Sales Ops,forecast_revenue,96000
May,2023,Sales,Sales Ops,revenue_variance,1000
May,2023,Sales,Sales Ops,revenue_variance_pct,0.0105
May,2023,Sales,Sales Ops,actual_expense,66000
May,2023,Sales,Sales Ops,budget_expense,62000
May,2023,Sales,Sales Ops,forecast_expense,63000
May,2023,Sales,Sales Ops,expense_variance,4000
May,2023,Sales,Sales Ops,expense_variance_pct,0.0645
May,2023,Sales,Sales Ops,gross_margin,30000
May,2023,Sales,Sales Ops,gross_margin_pct,0.3125
May,2023,Sales,Sales Ops,forecast_error_revenue,0
May,2023,Sales,Sales Ops,forecast_accuracy_revenue_pct,1.0000
May,2023,Sales,Sales Ops,forecast_error_expense,3000
May,2023,Sales,Sales Ops,forecast_accuracy_expense_pct,0.9545
May,2023,Sales,Sales Ops,variance_driver_rate,N/A
May,2023,Sales,Sales Ops,variance_driver_volume,N/A

May,2023,Marketing,Digital,actual_revenue,168000
May,2023,Marketing,Digital,budget_revenue,160000
May,2023,Marketing,Digital,forecast_revenue,165000
May,2023,Marketing,Digital,revenue_variance,8000
May,2023,Marketing,Digital,revenue_variance_pct,0.0500
May,2023,Marketing,Digital,actual_expense,140000
May,2023,Marketing,Digital,budget_expense,135000
May,2023,Marketing,Digital,forecast_expense,137000
May,2023,Marketing,Digital,expense_variance,5000
May,2023,Marketing,Digital,expense_variance_pct,0.0370
May,2023,Marketing,Digital,gross_margin,28000
May,2023,Marketing,Digital,gross_margin_pct,0.1667
May,2023,Marketing,Digital,forecast_error_revenue,3000
May,2023,Marketing,Digital,forecast_accuracy_revenue_pct,0.9821
May,2023,Marketing,Digital,forecast_error_expense,3000
May,2023,Marketing,Digital,forecast_accuracy_expense_pct,0.9786
May,2023,Marketing,Digital,variance_driver_rate,N/A
May,2023,Marketing,Digital,variance_driver_volume,N/A

May,2023,Marketing,Events,actual_revenue,130000
May,2023,Marketing,Events,budget_revenue,128000
May,2023,Marketing,Events,forecast_revenue,129000
May,2023,Marketing,Events,revenue_variance,2000
May,2023,Marketing,Events,revenue_variance_pct,0.0156
May,2023,Marketing,Events,actual_expense,148000
May,2023,Marketing,Events,budget_expense,141000
May,2023,Marketing,Events,forecast_expense,144000
May,2023,Marketing,Events,expense_variance,7000
May,2023,Marketing,Events,expense_variance_pct,0.0496
May,2023,Marketing,Events,gross_margin,-18000
May,2023,Marketing,Events,gross_margin_pct,-0.1385
May,2023,Marketing,Events,forecast_error_revenue,1000
May,2023,Marketing,Events,forecast_accuracy_revenue_pct,0.9923
May,2023,Marketing,Events,forecast_error_expense,4000
May,2023,Marketing,Events,forecast_accuracy_expense_pct,0.9729
May,2023,Marketing,Events,variance_driver_rate,N/A
May,2023,Marketing,Events,variance_driver_volume,N/A

May,2023,Marketing,Brand,actual_revenue,102000
May,2023,Marketing,Brand,budget_revenue,100000
May,2023,Marketing,Brand,forecast_revenue,101000
May,2023,Marketing,Brand,revenue_variance,2000
May,2023,Marketing,Brand,revenue_variance_pct,0.0200
May,2023,Marketing,Brand,actual_expense,109000
May,2023,Marketing,Brand,budget_expense,105000
May,2023,Marketing,Brand,forecast_expense,107000
May,2023,Marketing,Brand,expense_variance,4000
May,2023,Marketing,Brand,expense_variance_pct,0.0381
May,2023,Marketing,Brand,gross_margin,-7000
May,2023,Marketing,Brand,gross_margin_pct,-0.0686
May,2023,Marketing,Brand,forecast_error_revenue,1000
May,2023,Marketing,Brand,forecast_accuracy_revenue_pct,0.9902
May,2023,Marketing,Brand,forecast_error_expense,2000
May,2023,Marketing,Brand,forecast_accuracy_expense_pct,0.9817
May,2023,Marketing,Brand,variance_driver_rate,N/A
May,2023,Marketing,Brand,variance_driver_volume,N/A

May,2023,Customer Success,Support,actual_revenue,183000
May,2023,Customer Success,Support,budget_revenue,180000
May,2023,Customer Success,Support,forecast_revenue,182000
May,2023,Customer Success,Support,revenue_variance,3000
May,2023,Customer Success,Support,revenue_variance_pct,0.0167
May,2023,Customer Success,Support,actual_expense,132000
May,2023,Customer Success,Support,budget_expense,126000
May,2023,Customer Success,Support,forecast_expense,129000
May,2023,Customer Success,Support,expense_variance,6000
May,2023,Customer Success,Support,expense_variance_pct,0.0476
May,2023,Customer Success,Support,gross_margin,51000
May,2023,Customer Success,Support,gross_margin_pct,0.2787
May,2023,Customer Success,Support,forecast_error_revenue,1000
May,2023,Customer Success,Support,forecast_accuracy_revenue_pct,0.9945
May,2023,Customer Success,Support,forecast_error_expense,3000
May,2023,Customer Success,Support,forecast_accuracy_expense_pct,0.9773
May,2023,Customer Success,Support,variance_driver_rate,N/A
May,2023,Customer Success,Support,variance_driver_volume,N/A

May,2023,Customer Success,Onboarding,actual_revenue,157000
May,2023,Customer Success,Onboarding,budget_revenue,155000
May,2023,Customer Success,Onboarding,forecast_revenue,156000
May,2023,Customer Success,Onboarding,revenue_variance,2000
May,2023,Customer Success,Onboarding,revenue_variance_pct,0.0129
May,2023,Customer Success,Onboarding,actual_expense,121000
May,2023,Customer Success,Onboarding,budget_expense,116000
May,2023,Customer Success,Onboarding,forecast_expense,119000
May,2023,Customer Success,Onboarding,expense_variance,5000
May,2023,Customer Success,Onboarding,expense_variance_pct,0.0431
May,2023,Customer Success,Onboarding,gross_margin,36000
May,2023,Customer Success,Onboarding,gross_margin_pct,0.2293
May,2023,Customer Success,Onboarding,forecast_error_revenue,1000
May,2023,Customer Success,Onboarding,forecast_accuracy_revenue_pct,0.9936
May,2023,Customer Success,Onboarding,forecast_error_expense,2000
May,2023,Customer Success,Onboarding,forecast_accuracy_expense_pct,0.9835
May,2023,Customer Success,Onboarding,variance_driver_rate,N/A
May,2023,Customer Success,Onboarding,variance_driver_volume,N/A

May,2023,Product,Product Management,actual_revenue,N/A
May,2023,Product,Product Management,budget_revenue,N/A
May,2023,Product,Product Management,forecast_revenue,N/A
May,2023,Product,Product Management,revenue_variance,N/A
May,2023,Product,Product Management,revenue_variance_pct,N/A
May,2023,Product,Product Management,actual_expense,228000
May,2023,Product,Product Management,budget_expense,220000
May,2023,Product,Product Management,forecast_expense,224000
May,2023,Product,Product Management,expense_variance,8000
May,2023,Product,Product Management,expense_variance_pct,0.0364
May,2023,Product,Product Management,gross_margin,N/A
May,2023,Product,Product Management,gross_margin_pct,N/A
May,2023,Product,Product Management,forecast_error_expense,4000
May,2023,Product,Product Management,forecast_accuracy_expense_pct,0.9825
May,2023,Product,Product Management,variance_driver_rate,N/A
May,2023,Product,Product Management,variance_driver_volume,N/A

May,2023,Product,UX,actual_revenue,N/A
May,2023,Product,UX,budget_revenue,N/A
May,2023,Product,UX,forecast_revenue,N/A
May,2023,Product,UX,revenue_variance,N/A
May,2023,Product,UX,revenue_variance_pct,N/A
May,2023,Product,UX,actual_expense,149000
May,2023,Product,UX,budget_expense,142000
May,2023,Product,UX,forecast_expense,145000
May,2023,Product,UX,expense_variance,7000
May,2023,Product,UX,expense_variance_pct,0.0493
May,2023,Product,UX,gross_margin,N/A
May,2023,Product,UX,gross_margin_pct,N/A
May,2023,Product,UX,forecast_error_expense,4000
May,2023,Product,UX,forecast_accuracy_expense_pct,0.9732
May,2023,Product,UX,variance_driver_rate,N/A
May,2023,Product,UX,variance_driver_volume,N/A

May,2023,Engineering,Backend,actual_revenue,N/A
May,2023,Engineering,Backend,budget_revenue,N/A
May,2023,Engineering,Backend,forecast_revenue,N/A
May,2023,Engineering,Backend,revenue_variance,N/A
May,2023,Engineering,Backend,revenue_variance_pct,N/A
May,2023,Engineering,Backend,actual_expense,325000
May,2023,Engineering,Backend,budget_expense,310000
May,2023,Engineering,Backend,forecast_expense,318000
May,2023,Engineering,Backend,expense_variance,15000
May,2023,Engineering,Backend,expense_variance_pct,0.0484
May,2023,Engineering,Backend,gross_margin,N/A
May,2023,Engineering,Backend,gross_margin_pct,N/A
May,2023,Engineering,Backend,forecast_error_expense,7000
May,2023,Engineering,Backend,forecast_accuracy_expense_pct,0.9785
May,2023,Engineering,Backend,variance_driver_rate,N/A
May,2023,Engineering,Backend,variance_driver_volume,N/A

May,2023,Engineering,Frontend,actual_revenue,N/A
May,2023,Engineering,Frontend,budget_revenue,N/A
May,2023,Engineering,Frontend,forecast_revenue,N/A
May,2023,Engineering,Frontend,revenue_variance,N/A
May,2023,Engineering,Frontend,revenue_variance_pct,N/A
May,2023,Engineering,Frontend,actual_expense,276000
May,2023,Engineering,Frontend,budget_expense,265000
May,2023,Engineering,Frontend,forecast_expense,270000
May,2023,Engineering,Frontend,expense_variance,11000
May,2023,Engineering,Frontend,expense_variance_pct,0.0415
May,2023,Engineering,Frontend,gross_margin,N/A
May,2023,Engineering,Frontend,gross_margin_pct,N/A
May,2023,Engineering,Frontend,forecast_error_expense,6000
May,2023,Engineering,Frontend,forecast_accuracy_expense_pct,0.9783
May,2023,Engineering,Frontend,variance_driver_rate,N/A
May,2023,Engineering,Frontend,variance_driver_volume,N/A

May,2023,Engineering,DevOps,actual_revenue,N/A
May,2023,Engineering,DevOps,budget_revenue,N/A
May,2023,Engineering,DevOps,forecast_revenue,N/A
May,2023,Engineering,DevOps,revenue_variance,N/A
May,2023,Engineering,DevOps,revenue_variance_pct,N/A
May,2023,Engineering,DevOps,actual_expense,246000
May,2023,Engineering,DevOps,budget_expense,235000
May,2023,Engineering,DevOps,forecast_expense,240000
May,2023,Engineering,DevOps,expense_variance,11000
May,2023,Engineering,DevOps,expense_variance_pct,0.0468
May,2023,Engineering,DevOps,gross_margin,N/A
May,2023,Engineering,DevOps,gross_margin_pct,N/A
May,2023,Engineering,DevOps,forecast_error_expense,6000
May,2023,Engineering,DevOps,forecast_accuracy_expense_pct,0.9756
May,2023,Engineering,DevOps,variance_driver_rate,N/A
May,2023,Engineering,DevOps,variance_driver_volume,N/A

May,2023,G&A,HR,actual_revenue,N/A
May,2023,G&A,HR,budget_revenue,N/A
May,2023,G&A,HR,forecast_revenue,N/A
May,2023,G&A,HR,revenue_variance,N/A
May,2023,G&A,HR,revenue_variance_pct,N/A
May,2023,G&A,HR,actual_expense,115000
May,2023,G&A,HR,budget_expense,110000

Jun,2023,Sales,Field Sales,actual_revenue,460000
Jun,2023,Sales,Field Sales,budget_revenue,455000
Jun,2023,Sales,Field Sales,forecast_revenue,465000
Jun,2023,Sales,Field Sales,revenue_variance,5000
Jun,2023,Sales,Field Sales,revenue_variance_pct,0.0110
Jun,2023,Sales,Field Sales,actual_expense,200000
Jun,2023,Sales,Field Sales,budget_expense,190000
Jun,2023,Sales,Field Sales,forecast_expense,195000
Jun,2023,Sales,Field Sales,expense_variance,10000
Jun,2023,Sales,Field Sales,expense_variance_pct,0.0526
Jun,2023,Sales,Field Sales,gross_margin,260000
Jun,2023,Sales,Field Sales,gross_margin_pct,0.5652
Jun,2023,Sales,Field Sales,forecast_error_revenue,-5000
Jun,2023,Sales,Field Sales,forecast_accuracy_revenue_pct,0.9892
Jun,2023,Sales,Field Sales,forecast_error_expense,5000
Jun,2023,Sales,Field Sales,forecast_accuracy_expense_pct,0.9744
Jun,2023,Sales,Field Sales,variance_driver_rate,N/A
Jun,2023,Sales,Field Sales,variance_driver_volume,N/A

Jun,2023,Sales,Inside Sales,actual_revenue,340000
Jun,2023,Sales,Inside Sales,budget_revenue,335000
Jun,2023,Sales,Inside Sales,forecast_revenue,342000
Jun,2023,Sales,Inside Sales,revenue_variance,5000
Jun,2023,Sales,Inside Sales,revenue_variance_pct,0.0149
Jun,2023,Sales,Inside Sales,actual_expense,130000
Jun,2023,Sales,Inside Sales,budget_expense,126000
Jun,2023,Sales,Inside Sales,forecast_expense,128000
Jun,2023,Sales,Inside Sales,expense_variance,4000
Jun,2023,Sales,Inside Sales,expense_variance_pct,0.0317
Jun,2023,Sales,Inside Sales,gross_margin,210000
Jun,2023,Sales,Inside Sales,gross_margin_pct,0.6176
Jun,2023,Sales,Inside Sales,forecast_error_revenue,-2000
Jun,2023,Sales,Inside Sales,forecast_accuracy_revenue_pct,0.9942
Jun,2023,Sales,Inside Sales,forecast_error_expense,2000
Jun,2023,Sales,Inside Sales,forecast_accuracy_expense_pct,0.9844
Jun,2023,Sales,Inside Sales,variance_driver_rate,N/A
Jun,2023,Sales,Inside Sales,variance_driver_volume,N/A

Jun,2023,Sales,Sales Ops,actual_revenue,97000
Jun,2023,Sales,Sales Ops,budget_revenue,96000
Jun,2023,Sales,Sales Ops,forecast_revenue,97000
Jun,2023,Sales,Sales Ops,revenue_variance,1000
Jun,2023,Sales,Sales Ops,revenue_variance_pct,0.0104
Jun,2023,Sales,Sales Ops,actual_expense,66500
Jun,2023,Sales,Sales Ops,budget_expense,62500
Jun,2023,Sales,Sales Ops,forecast_expense,63500
Jun,2023,Sales,Sales Ops,expense_variance,4000
Jun,2023,Sales,Sales Ops,expense_variance_pct,0.0640
Jun,2023,Sales,Sales Ops,gross_margin,30500
Jun,2023,Sales,Sales Ops,gross_margin_pct,0.3144
Jun,2023,Sales,Sales Ops,forecast_error_revenue,0
Jun,2023,Sales,Sales Ops,forecast_accuracy_revenue_pct,1.0000
Jun,2023,Sales,Sales Ops,forecast_error_expense,3000
Jun,2023,Sales,Sales Ops,forecast_accuracy_expense_pct,0.9528
Jun,2023,Sales,Sales Ops,variance_driver_rate,N/A
Jun,2023,Sales,Sales Ops,variance_driver_volume,N/A

Jun,2023,Marketing,Digital,actual_revenue,170000
Jun,2023,Marketing,Digital,budget_revenue,165000
Jun,2023,Marketing,Digital,forecast_revenue,168000
Jun,2023,Marketing,Digital,revenue_variance,5000
Jun,2023,Marketing,Digital,revenue_variance_pct,0.0303
Jun,2023,Marketing,Digital,actual_expense,141000
Jun,2023,Marketing,Digital,budget_expense,136000
Jun,2023,Marketing,Digital,forecast_expense,138000
Jun,2023,Marketing,Digital,expense_variance,5000
Jun,2023,Marketing,Digital,expense_variance_pct,0.0368
Jun,2023,Marketing,Digital,gross_margin,29000
Jun,2023,Marketing,Digital,gross_margin_pct,0.1706
Jun,2023,Marketing,Digital,forecast_error_revenue,2000
Jun,2023,Marketing,Digital,forecast_accuracy_revenue_pct,0.9882
Jun,2023,Marketing,Digital,forecast_error_expense,3000
Jun,2023,Marketing,Digital,forecast_accuracy_expense_pct,0.9787
Jun,2023,Marketing,Digital,variance_driver_rate,N/A
Jun,2023,Marketing,Digital,variance_driver_volume,N/A

Jun,2023,Marketing,Events,actual_revenue,132000
Jun,2023,Marketing,Events,budget_revenue,130000
Jun,2023,Marketing,Events,forecast_revenue,131000
Jun,2023,Marketing,Events,revenue_variance,2000
Jun,2023,Marketing,Events,revenue_variance_pct,0.0154
Jun,2023,Marketing,Events,actual_expense,149000
Jun,2023,Marketing,Events,budget_expense,142000
Jun,2023,Marketing,Events,forecast_expense,145000
Jun,2023,Marketing,Events,expense_variance,7000
Jun,2023,Marketing,Events,expense_variance_pct,0.0493
Jun,2023,Marketing,Events,gross_margin,-17000
Jun,2023,Marketing,Events,gross_margin_pct,-0.1288
Jun,2023,Marketing,Events,forecast_error_revenue,1000
Jun,2023,Marketing,Events,forecast_accuracy_revenue_pct,0.9924
Jun,2023,Marketing,Events,forecast_error_expense,3000
Jun,2023,Marketing,Events,forecast_accuracy_expense_pct,0.9799
Jun,2023,Marketing,Events,variance_driver_rate,N/A
Jun,2023,Marketing,Events,variance_driver_volume,N/A

Jun,2023,Marketing,Brand,actual_revenue,103000
Jun,2023,Marketing,Brand,budget_revenue,101000
Jun,2023,Marketing,Brand,forecast_revenue,102000
Jun,2023,Marketing,Brand,revenue_variance,2000
Jun,2023,Marketing,Brand,revenue_variance_pct,0.0198
Jun,2023,Marketing,Brand,actual_expense,110000
Jun,2023,Marketing,Brand,budget_expense,106000
Jun,2023,Marketing,Brand,forecast_expense,108000
Jun,2023,Marketing,Brand,expense_variance,4000
Jun,2023,Marketing,Brand,expense_variance_pct,0.0377
Jun,2023,Marketing,Brand,gross_margin,-7000
Jun,2023,Marketing,Brand,gross_margin_pct,-0.0680
Jun,2023,Marketing,Brand,forecast_error_revenue,1000
Jun,2023,Marketing,Brand,forecast_accuracy_revenue_pct,0.9901
Jun,2023,Marketing,Brand,forecast_error_expense,2000
Jun,2023,Marketing,Brand,forecast_accuracy_expense_pct,0.9815
Jun,2023,Marketing,Brand,variance_driver_rate,N/A
Jun,2023,Marketing,Brand,variance_driver_volume,N/A

Jun,2023,Customer Success,Support,actual_revenue,185000
Jun,2023,Customer Success,Support,budget_revenue,182000
Jun,2023,Customer Success,Support,forecast_revenue,184000
Jun,2023,Customer Success,Support,revenue_variance,3000
Jun,2023,Customer Success,Support,revenue_variance_pct,0.0165
Jun,2023,Customer Success,Support,actual_expense,133000
Jun,2023,Customer Success,Support,budget_expense,127000
Jun,2023,Customer Success,Support,forecast_expense,130000
Jun,2023,Customer Success,Support,expense_variance,6000
Jun,2023,Customer Success,Support,expense_variance_pct,0.0472
Jun,2023,Customer Success,Support,gross_margin,52000
Jun,2023,Customer Success,Support,gross_margin_pct,0.2811
Jun,2023,Customer Success,Support,forecast_error_revenue,1000
Jun,2023,Customer Success,Support,forecast_accuracy_revenue_pct,0.9946
Jun,2023,Customer Success,Support,forecast_error_expense,3000
Jun,2023,Customer Success,Support,forecast_accuracy_expense_pct,0.9771
Jun,2023,Customer Success,Support,variance_driver_rate,N/A
Jun,2023,Customer Success,Support,variance_driver_volume,N/A

Jun,2023,Customer Success,Onboarding,actual_revenue,158000
Jun,2023,Customer Success,Onboarding,budget_revenue,156000
Jun,2023,Customer Success,Onboarding,forecast_revenue,157000
Jun,2023,Customer Success,Onboarding,revenue_variance,2000
Jun,2023,Customer Success,Onboarding,revenue_variance_pct,0.0128
Jun,2023,Customer Success,Onboarding,actual_expense,122000
Jun,2023,Customer Success,Onboarding,budget_expense,117000
Jun,2023,Customer Success,Onboarding,forecast_expense,120000
Jun,2023,Customer Success,Onboarding,expense_variance,5000
Jun,2023,Customer Success,Onboarding,expense_variance_pct,0.0427
Jun,2023,Customer Success,Onboarding,gross_margin,36000
Jun,2023,Customer Success,Onboarding,gross_margin_pct,0.2278
Jun,2023,Customer Success,Onboarding,forecast_error_revenue,1000
Jun,2023,Customer Success,Onboarding,forecast_accuracy_revenue_pct,0.9936
Jun,2023,Customer Success,Onboarding,forecast_error_expense,2000
Jun,2023,Customer Success,Onboarding,forecast_accuracy_expense_pct,0.9833
Jun,2023,Customer Success,Onboarding,variance_driver_rate,N/A
Jun,2023,Customer Success,Onboarding,variance_driver_volume,N/A

Jun,2023,Product,Product Management,actual_revenue,N/A
Jun,2023,Product,Product Management,budget_revenue,N/A
Jun,2023,Product,Product Management,forecast_revenue,N/A
Jun,2023,Product,Product Management,revenue_variance,N/A
Jun,2023,Product,Product Management,revenue_variance_pct,N/A
Jun,2023,Product,Product Management,actual_expense,230000
Jun,2023,Product,Product Management,budget_expense,222000
Jun,2023,Product,Product Management,forecast_expense,226000
Jun,2023,Product,Product Management,expense_variance,8000
Jun,2023,Product,Product Management,expense_variance_pct,0.0360
Jun,2023,Product,Product Management,gross_margin,N/A
Jun,2023,Product,Product Management,gross_margin_pct,N/A
Jun,2023,Product,Product Management,forecast_error_expense,4000
Jun,2023,Product,Product Management,forecast_accuracy_expense_pct,0.9823
Jun,2023,Product,Product Management,variance_driver_rate,N/A
Jun,2023,Product,Product Management,variance_driver_volume,N/A

Jun,2023,Product,UX,actual_revenue,N/A
Jun,2023,Product,UX,budget_revenue,N/A
Jun,2023,Product,UX,forecast_revenue,N/A
Jun,2023,Product,UX,revenue_variance,N/A
Jun,2023,Product,UX,revenue_variance_pct,N/A
Jun,2023,Product,UX,actual_expense,150000
Jun,2023,Product,UX,budget_expense,143000
Jun,2023,Product,UX,forecast_expense,146000
Jun,2023,Product,UX,expense_variance,7000
Jun,2023,Product,UX,expense_variance_pct,0.0490
Jun,2023,Product,UX,gross_margin,N/A
Jun,2023,Product,UX,gross_margin_pct,N/A
Jun,2023,Product,UX,forecast_error_expense,3000
Jun,2023,Product,UX,forecast_accuracy_expense_pct,0.9795
Jun,2023,Product,UX,variance_driver_rate,N/A
Jun,2023,Product,UX,variance_driver_volume,N/A

Jun,2023,Engineering,Backend,actual_revenue,N/A
Jun,2023,Engineering,Backend,budget_revenue,N/A
Jun,2023,Engineering,Backend,forecast_revenue,N/A
Jun,2023,Engineering,Backend,revenue_variance,N/A
Jun,2023,Engineering,Backend,revenue_variance_pct,N/A
Jun,2023,Engineering,Backend,actual_expense,327000
Jun,2023,Engineering,Backend,budget_expense,312000
Jun,2023,Engineering,Backend,forecast_expense,320000
Jun,2023,Engineering,Backend,expense_variance,15000
Jun,2023,Engineering,Backend,expense_variance_pct,0.0481
Jun,2023,Engineering,Backend,gross_margin,N/A
Jun,2023,Engineering,Backend,gross_margin_pct,N/A
Jun,2023,Engineering,Backend,forecast_error_expense,7000
Jun,2023,Engineering,Backend,forecast_accuracy_expense_pct,0.9781
Jun,2023,Engineering,Backend,variance_driver_rate,N/A
Jun,2023,Engineering,Backend,variance_driver_volume,N/A

Jun,2023,Engineering,Frontend,actual_revenue,N/A
Jun,2023,Engineering,Frontend,budget_revenue,N/A
Jun,2023,Engineering,Frontend,forecast_revenue,N/A
Jun,2023,Engineering,Frontend,revenue_variance,N/A
Jun,2023,Engineering,Frontend,revenue_variance_pct,N/A
Jun,2023,Engineering,Frontend,actual_expense,278000
Jun,2023,Engineering,Frontend,budget_expense,267000
Jun,2023,Engineering,Frontend,forecast_expense,272000
Jun,2023,Engineering,Frontend,expense_variance,11000
Jun,2023,Engineering,Frontend,expense_variance_pct,0.0412
Jun,2023,Engineering,Frontend,gross_margin,N/A
Jun,2023,Engineering,Frontend,gross_margin_pct,N/A
Jun,2023,Engineering,Frontend,forecast_error_expense,5000
Jun,2023,Engineering,Frontend,forecast_accuracy_expense_pct,0.9816
Jun,2023,Engineering,Frontend,variance_driver_rate,N/A
Jun,2023,Engineering,Frontend,variance_driver_volume,N/A

Jun,2023,Engineering,DevOps,actual_revenue,N/A
Jun,2023,Engineering,DevOps,budget_revenue,N/A
Jun,2023,Engineering,DevOps,forecast_revenue,N/A
Jun,2023,Engineering,DevOps,revenue_variance,N/A
Jun,2023,Engineering,DevOps,revenue_variance_pct,N/A
Jun,2023,Engineering,DevOps,actual_expense,248000
Jun,2023,Engineering,DevOps,budget_expense,237000
Jun,2023,Engineering,DevOps,forecast_expense,242000
Jun,2023,Engineering,DevOps,expense_variance,11000
Jun,2023,Engineering,DevOps,expense_variance_pct,0.0464
Jun,2023,Engineering,DevOps,gross_margin,N/A
Jun,2023,Engineering,DevOps,gross_margin_pct,N/A
Jun,2023,Engineering,DevOps,forecast_error_expense,5000
Jun,2023,Engineering,DevOps,forecast_accuracy_expense_pct,0.9793
Jun,2023,Engineering,DevOps,variance_driver_rate,N/A
Jun,2023,Engineering,DevOps,variance_driver_volume,N/A

Jun,2023,G&A,HR,actual_revenue,N/A
Jun,2023,G&A,HR,budget_revenue,N/A
Jun,2023,G&A,HR,forecast_revenue,N/A
Jun,2023,G&A,HR,revenue_variance,N/A
Jun,2023,G&A,HR,revenue_variance_pct,N/A
Jun,2023,G&A,HR,actual_expense,116000
Jun,2023,G&A,HR,budget_expense,111000
Jun,2023,G&A

Jul,2023,Sales,Field Sales,actual_revenue,470000
Jul,2023,Sales,Field Sales,budget_revenue,465000
Jul,2023,Sales,Field Sales,forecast_revenue,475000
Jul,2023,Sales,Field Sales,revenue_variance,5000
Jul,2023,Sales,Field Sales,revenue_variance_pct,0.0108
Jul,2023,Sales,Field Sales,actual_expense,202000
Jul,2023,Sales,Field Sales,budget_expense,192000
Jul,2023,Sales,Field Sales,forecast_expense,197000
Jul,2023,Sales,Field Sales,expense_variance,10000
Jul,2023,Sales,Field Sales,expense_variance_pct,0.0521
Jul,2023,Sales,Field Sales,gross_margin,268000
Jul,2023,Sales,Field Sales,gross_margin_pct,0.5702
Jul,2023,Sales,Field Sales,forecast_error_revenue,-5000
Jul,2023,Sales,Field Sales,forecast_accuracy_revenue_pct,0.9895
Jul,2023,Sales,Field Sales,forecast_error_expense,5000
Jul,2023,Sales,Field Sales,forecast_accuracy_expense_pct,0.9746
Jul,2023,Sales,Field Sales,variance_driver_rate,N/A
Jul,2023,Sales,Field Sales,variance_driver_volume,N/A

Jul,2023,Sales,Inside Sales,actual_revenue,345000
Jul,2023,Sales,Inside Sales,budget_revenue,340000
Jul,2023,Sales,Inside Sales,forecast_revenue,347000
Jul,2023,Sales,Inside Sales,revenue_variance,5000
Jul,2023,Sales,Inside Sales,revenue_variance_pct,0.0147
Jul,2023,Sales,Inside Sales,actual_expense,131000
Jul,2023,Sales,Inside Sales,budget_expense,127000
Jul,2023,Sales,Inside Sales,forecast_expense,129000
Jul,2023,Sales,Inside Sales,expense_variance,4000
Jul,2023,Sales,Inside Sales,expense_variance_pct,0.0315
Jul,2023,Sales,Inside Sales,gross_margin,214000
Jul,2023,Sales,Inside Sales,gross_margin_pct,0.6203
Jul,2023,Sales,Inside Sales,forecast_error_revenue,-2000
Jul,2023,Sales,Inside Sales,forecast_accuracy_revenue_pct,0.9942
Jul,2023,Sales,Inside Sales,forecast_error_expense,2000
Jul,2023,Sales,Inside Sales,forecast_accuracy_expense_pct,0.9845
Jul,2023,Sales,Inside Sales,variance_driver_rate,N/A
Jul,2023,Sales,Inside Sales,variance_driver_volume,N/A

Jul,2023,Sales,Sales Ops,actual_revenue,98000
Jul,2023,Sales,Sales Ops,budget_revenue,97000
Jul,2023,Sales,Sales Ops,forecast_revenue,98000
Jul,2023,Sales,Sales Ops,revenue_variance,1000
Jul,2023,Sales,Sales Ops,revenue_variance_pct,0.0103
Jul,2023,Sales,Sales Ops,actual_expense,67000
Jul,2023,Sales,Sales Ops,budget_expense,63000
Jul,2023,Sales,Sales Ops,forecast_expense,64000
Jul,2023,Sales,Sales Ops,expense_variance,4000
Jul,2023,Sales,Sales Ops,expense_variance_pct,0.0635
Jul,2023,Sales,Sales Ops,gross_margin,31000
Jul,2023,Sales,Sales Ops,gross_margin_pct,0.3163
Jul,2023,Sales,Sales Ops,forecast_error_revenue,0
Jul,2023,Sales,Sales Ops,forecast_accuracy_revenue_pct,1.0000
Jul,2023,Sales,Sales Ops,forecast_error_expense,3000
Jul,2023,Sales,Sales Ops,forecast_accuracy_expense_pct,0.9531
Jul,2023,Sales,Sales Ops,variance_driver_rate,N/A
Jul,2023,Sales,Sales Ops,variance_driver_volume,N/A

Jul,2023,Marketing,Digital,actual_revenue,172000
Jul,2023,Marketing,Digital,budget_revenue,168000
Jul,2023,Marketing,Digital,forecast_revenue,170000
Jul,2023,Marketing,Digital,revenue_variance,4000
Jul,2023,Marketing,Digital,revenue_variance_pct,0.0238
Jul,2023,Marketing,Digital,actual_expense,142000
Jul,2023,Marketing,Digital,budget_expense,137000
Jul,2023,Marketing,Digital,forecast_expense,139000
Jul,2023,Marketing,Digital,expense_variance,5000
Jul,2023,Marketing,Digital,expense_variance_pct,0.0365
Jul,2023,Marketing,Digital,gross_margin,30000
Jul,2023,Marketing,Digital,gross_margin_pct,0.1744
Jul,2023,Marketing,Digital,forecast_error_revenue,2000
Jul,2023,Marketing,Digital,forecast_accuracy_revenue_pct,0.9884
Jul,2023,Marketing,Digital,forecast_error_expense,3000
Jul,2023,Marketing,Digital,forecast_accuracy_expense_pct,0.9789
Jul,2023,Marketing,Digital,variance_driver_rate,N/A
Jul,2023,Marketing,Digital,variance_driver_volume,N/A

Jul,2023,Marketing,Events,actual_revenue,134000
Jul,2023,Marketing,Events,budget_revenue,132000
Jul,2023,Marketing,Events,forecast_revenue,133000
Jul,2023,Marketing,Events,revenue_variance,2000
Jul,2023,Marketing,Events,revenue_variance_pct,0.0152
Jul,2023,Marketing,Events,actual_expense,150000
Jul,2023,Marketing,Events,budget_expense,143000
Jul,2023,Marketing,Events,forecast_expense,146000
Jul,2023,Marketing,Events,expense_variance,7000
Jul,2023,Marketing,Events,expense_variance_pct,0.0490
Jul,2023,Marketing,Events,gross_margin,-16000
Jul,2023,Marketing,Events,gross_margin_pct,-0.1194
Jul,2023,Marketing,Events,forecast_error_revenue,1000
Jul,2023,Marketing,Events,forecast_accuracy_revenue_pct,0.9925
Jul,2023,Marketing,Events,forecast_error_expense,3000
Jul,2023,Marketing,Events,forecast_accuracy_expense_pct,0.9795
Jul,2023,Marketing,Events,variance_driver_rate,N/A
Jul,2023,Marketing,Events,variance_driver_volume,N/A

Jul,2023,Marketing,Brand,actual_revenue,103500
Jul,2023,Marketing,Brand,budget_revenue,102000
Jul,2023,Marketing,Brand,forecast_revenue,103000
Jul,2023,Marketing,Brand,revenue_variance,1500
Jul,2023,Marketing,Brand,revenue_variance_pct,0.0147
Jul,2023,Marketing,Brand,actual_expense,111000
Jul,2023,Marketing,Brand,budget_expense,107000
Jul,2023,Marketing,Brand,forecast_expense,109000
Jul,2023,Marketing,Brand,expense_variance,4000
Jul,2023,Marketing,Brand,expense_variance_pct,0.0374
Jul,2023,Marketing,Brand,gross_margin,-7500
Jul,2023,Marketing,Brand,gross_margin_pct,-0.0725
Jul,2023,Marketing,Brand,forecast_error_revenue,500
Jul,2023,Marketing,Brand,forecast_accuracy_revenue_pct,0.9952
Jul,2023,Marketing,Brand,forecast_error_expense,2000
Jul,2023,Marketing,Brand,forecast_accuracy_expense_pct,0.9819
Jul,2023,Marketing,Brand,variance_driver_rate,N/A
Jul,2023,Marketing,Brand,variance_driver_volume,N/A

Jul,2023,Customer Success,Support,actual_revenue,188000
Jul,2023,Customer Success,Support,budget_revenue,185000
Jul,2023,Customer Success,Support,forecast_revenue,187000
Jul,2023,Customer Success,Support,revenue_variance,3000
Jul,2023,Customer Success,Support,revenue_variance_pct,0.0162
Jul,2023,Customer Success,Support,actual_expense,134000
Jul,2023,Customer Success,Support,budget_expense,128000
Jul,2023,Customer Success,Support,forecast_expense,131000
Jul,2023,Customer Success,Support,expense_variance,6000
Jul,2023,Customer Success,Support,expense_variance_pct,0.0469
Jul,2023,Customer Success,Support,gross_margin,54000
Jul,2023,Customer Success,Support,gross_margin_pct,0.2872
Jul,2023,Customer Success,Support,forecast_error_revenue,1000
Jul,2023,Customer Success,Support,forecast_accuracy_revenue_pct,0.9947
Jul,2023,Customer Success,Support,forecast_error_expense,3000
Jul,2023,Customer Success,Support,forecast_accuracy_expense_pct,0.9771
Jul,2023,Customer Success,Support,variance_driver_rate,N/A
Jul,2023,Customer Success,Support,variance_driver_volume,N/A

Jul,2023,Customer Success,Onboarding,actual_revenue,160000
Jul,2023,Customer Success,Onboarding,budget_revenue,158000
Jul,2023,Customer Success,Onboarding,forecast_revenue,159000
Jul,2023,Customer Success,Onboarding,revenue_variance,2000
Jul,2023,Customer Success,Onboarding,revenue_variance_pct,0.0127
Jul,2023,Customer Success,Onboarding,actual_expense,123000
Jul,2023,Customer Success,Onboarding,budget_expense,118000
Jul,2023,Customer Success,Onboarding,forecast_expense,121000
Jul,2023,Customer Success,Onboarding,expense_variance,5000
Jul,2023,Customer Success,Onboarding,expense_variance_pct,0.0424
Jul,2023,Customer Success,Onboarding,gross_margin,37000
Jul,2023,Customer Success,Onboarding,gross_margin_pct,0.2313
Jul,2023,Customer Success,Onboarding,forecast_error_revenue,1000
Jul,2023,Customer Success,Onboarding,forecast_accuracy_revenue_pct,0.9937
Jul,2023,Customer Success,Onboarding,forecast_error_expense,2000
Jul,2023,Customer Success,Onboarding,forecast_accuracy_expense_pct,0.9835
Jul,2023,Customer Success,Onboarding,variance_driver_rate,N/A
Jul,2023,Customer Success,Onboarding,variance_driver_volume,N/A

Jul,2023,Product,Product Management,actual_revenue,N/A
Jul,2023,Product,Product Management,budget_revenue,N/A
Jul,2023,Product,Product Management,forecast_revenue,N/A
Jul,2023,Product,Product Management,revenue_variance,N/A
Jul,2023,Product,Product Management,revenue_variance_pct,N/A
Jul,2023,Product,Product Management,actual_expense,233000
Jul,2023,Product,Product Management,budget_expense,225000
Jul,2023,Product,Product Management,forecast_expense,229000
Jul,2023,Product,Product Management,expense_variance,8000
Jul,2023,Product,Product Management,expense_variance_pct,0.0356
Jul,2023,Product,Product Management,gross_margin,N/A
Jul,2023,Product,Product Management,gross_margin_pct,N/A
Jul,2023,Product,Product Management,forecast_error_expense,4000
Jul,2023,Product,Product Management,forecast_accuracy_expense_pct,0.9825
Jul,2023,Product,Product Management,variance_driver_rate,N/A
Jul,2023,Product,Product Management,variance_driver_volume,N/A

Jul,2023,Product,UX,actual_revenue,N/A
Jul,2023,Product,UX,budget_revenue,N/A
Jul,2023,Product,UX,forecast_revenue,N/A
Jul,2023,Product,UX,revenue_variance,N/A
Jul,2023,Product,UX,revenue_variance_pct,N/A
Jul,2023,Product,UX,actual_expense,152000
Jul,2023,Product,UX,budget_expense,145000
Jul,2023,Product,UX,forecast_expense,148000
Jul,2023,Product,UX,expense_variance,7000
Jul,2023,Product,UX,expense_variance_pct,0.0483
Jul,2023,Product,UX,gross_margin,N/A
Jul,2023,Product,UX,gross_margin_pct,N/A
Jul,2023,Product,UX,forecast_error_expense,3000
Jul,2023,Product,UX,forecast_accuracy_expense_pct,0.9797
Jul,2023,Product,UX,variance_driver_rate,N/A
Jul,2023,Product,UX,variance_driver_volume,N/A

Jul,2023,Engineering,Backend,actual_revenue,N/A
Jul,2023,Engineering,Backend,budget_revenue,N/A
Jul,2023,Engineering,Backend,forecast_revenue,N/A
Jul,2023,Engineering,Backend,revenue_variance,N/A
Jul,2023,Engineering,Backend,revenue_variance_pct,N/A
Jul,2023,Engineering,Backend,actual_expense,330000
Jul,2023,Engineering,Backend,budget_expense,315000
Jul,2023,Engineering,Backend,forecast_expense,323000
Jul,2023,Engineering,Backend,expense_variance,15000
Jul,2023,Engineering,Backend,expense_variance_pct,0.0476
Jul,2023,Engineering,Backend,gross_margin,N/A
Jul,2023,Engineering,Backend,gross_margin_pct,N/A
Jul,2023,Engineering,Backend,forecast_error_expense,8000
Jul,2023,Engineering,Backend,forecast_accuracy_expense_pct,0.9752
Jul,2023,Engineering,Backend,variance_driver_rate,N/A
Jul,2023,Engineering,Backend,variance_driver_volume,N/A

Jul,2023,Engineering,Frontend,actual_revenue,N/A
Jul,2023,Engineering,Frontend,budget_revenue,N/A
Jul,2023,Engineering,Frontend,forecast_revenue,N/A
Jul,2023,Engineering,Frontend,revenue_variance,N/A
Jul,2023,Engineering,Frontend,revenue_variance_pct,N/A
Jul,2023,Engineering,Frontend,actual_expense,281000
Jul,2023,Engineering,Frontend,budget_expense,270000
Jul,2023,Engineering,Frontend,forecast_expense,275000
Jul,2023,Engineering,Frontend,expense_variance,11000
Jul,2023,Engineering,Frontend,expense_variance_pct,0.0407
Jul,2023,Engineering,Frontend,gross_margin,N/A
Jul,2023,Engineering,Frontend,gross_margin_pct,N/A
Jul,2023,Engineering,Frontend,forecast_error_expense,5000
Jul,2023,Engineering,Frontend,forecast_accuracy_expense_pct,0.9818
Jul,2023,Engineering,Frontend,variance_driver_rate,N/A
Jul,2023,Engineering,Frontend,variance_driver_volume,N/A

Jul,2023,Engineering,DevOps,actual_revenue,N/A
Jul,2023,Engineering,DevOps,budget_revenue,N/A
Jul,2023,Engineering,DevOps,forecast_revenue,N/A
Jul,2023,Engineering,DevOps,revenue_variance,N/A
Jul,2023,Engineering,DevOps,revenue_variance_pct,N/A
Jul,2023,Engineering,DevOps,actual_expense,251000
Jul,2023,Engineering,DevOps,budget_expense,240000
Jul,2023,Engineering,DevOps,forecast_expense,245000
Jul,2023,Engineering,DevOps,expense_variance,11000
Jul,2023,Engineering,DevOps,expense_variance_pct,0.0458
Jul,2023,Engineering,DevOps,gross_margin,N/A
Jul,2023,Engineering,DevOps,gross_margin_pct,N/A
Jul,2023,Engineering,DevOps,forecast_error_expense,6000
Jul,2023,Engineering,DevOps,forecast_accuracy_expense_pct,0.9761
Jul,2023,Engineering,DevOps,variance_driver_rate,N/A
Jul,2023,Engineering,DevOps,variance_driver_volume,N/A

Jul,2023,G&A,HR,actual_revenue,N/A
Jul,2023,G&A,HR,budget_revenue,N/A
Jul,2023,G&A,HR,forecast_revenue,N/A
Jul,2023,G&A,HR,revenue_variance,N/A
Jul,2023,G&A,HR,revenue_variance_pct,N/A
Jul

Aug,2023,Sales,Field Sales,actual_revenue,480000
Aug,2023,Sales,Field Sales,budget_revenue,470000
Aug,2023,Sales,Field Sales,forecast_revenue,485000
Aug,2023,Sales,Field Sales,revenue_variance,10000
Aug,2023,Sales,Field Sales,revenue_variance_pct,0.0213
Aug,2023,Sales,Field Sales,actual_expense,205000
Aug,2023,Sales,Field Sales,budget_expense,195000
Aug,2023,Sales,Field Sales,forecast_expense,200000
Aug,2023,Sales,Field Sales,expense_variance,10000
Aug,2023,Sales,Field Sales,expense_variance_pct,0.0513
Aug,2023,Sales,Field Sales,gross_margin,275000
Aug,2023,Sales,Field Sales,gross_margin_pct,0.5729
Aug,2023,Sales,Field Sales,forecast_error_revenue,-5000
Aug,2023,Sales,Field Sales,forecast_accuracy_revenue_pct,0.9897
Aug,2023,Sales,Field Sales,forecast_error_expense,5000
Aug,2023,Sales,Field Sales,forecast_accuracy_expense_pct,0.9750
Aug,2023,Sales,Field Sales,variance_driver_rate,N/A
Aug,2023,Sales,Field Sales,variance_driver_volume,N/A

Aug,2023,Sales,Inside Sales,actual_revenue,350000
Aug,2023,Sales,Inside Sales,budget_revenue,345000
Aug,2023,Sales,Inside Sales,forecast_revenue,352000
Aug,2023,Sales,Inside Sales,revenue_variance,5000
Aug,2023,Sales,Inside Sales,revenue_variance_pct,0.0145
Aug,2023,Sales,Inside Sales,actual_expense,132000
Aug,2023,Sales,Inside Sales,budget_expense,128000
Aug,2023,Sales,Inside Sales,forecast_expense,130000
Aug,2023,Sales,Inside Sales,expense_variance,4000
Aug,2023,Sales,Inside Sales,expense_variance_pct,0.0313
Aug,2023,Sales,Inside Sales,gross_margin,218000
Aug,2023,Sales,Inside Sales,gross_margin_pct,0.6229
Aug,2023,Sales,Inside Sales,forecast_error_revenue,-2000
Aug,2023,Sales,Inside Sales,forecast_accuracy_revenue_pct,0.9943
Aug,2023,Sales,Inside Sales,forecast_error_expense,2000
Aug,2023,Sales,Inside Sales,forecast_accuracy_expense_pct,0.9844
Aug,2023,Sales,Inside Sales,variance_driver_rate,N/A
Aug,2023,Sales,Inside Sales,variance_driver_volume,N/A

Aug,2023,Sales,Sales Ops,actual_revenue,99000
Aug,2023,Sales,Sales Ops,budget_revenue,98000
Aug,2023,Sales,Sales Ops,forecast_revenue,99000
Aug,2023,Sales,Sales Ops,revenue_variance,1000
Aug,2023,Sales,Sales Ops,revenue_variance_pct,0.0102
Aug,2023,Sales,Sales Ops,actual_expense,67500
Aug,2023,Sales,Sales Ops,budget_expense,63500
Aug,2023,Sales,Sales Ops,forecast_expense,64500
Aug,2023,Sales,Sales Ops,expense_variance,4000
Aug,2023,Sales,Sales Ops,expense_variance_pct,0.0630
Aug,2023,Sales,Sales Ops,gross_margin,31500
Aug,2023,Sales,Sales Ops,gross_margin_pct,0.3182
Aug,2023,Sales,Sales Ops,forecast_error_revenue,0
Aug,2023,Sales,Sales Ops,forecast_accuracy_revenue_pct,1.0000
Aug,2023,Sales,Sales Ops,forecast_error_expense,3000
Aug,2023,Sales,Sales Ops,forecast_accuracy_expense_pct,0.9535
Aug,2023,Sales,Sales Ops,variance_driver_rate,N/A
Aug,2023,Sales,Sales Ops,variance_driver_volume,N/A

Aug,2023,Marketing,Digital,actual_revenue,175000
Aug,2023,Marketing,Digital,budget_revenue,170000
Aug,2023,Marketing,Digital,forecast_revenue,173000
Aug,2023,Marketing,Digital,revenue_variance,5000
Aug,2023,Marketing,Digital,revenue_variance_pct,0.0294
Aug,2023,Marketing,Digital,actual_expense,143000
Aug,2023,Marketing,Digital,budget_expense,138000
Aug,2023,Marketing,Digital,forecast_expense,140000
Aug,2023,Marketing,Digital,expense_variance,5000
Aug,2023,Marketing,Digital,expense_variance_pct,0.0362
Aug,2023,Marketing,Digital,gross_margin,32000
Aug,2023,Marketing,Digital,gross_margin_pct,0.1829
Aug,2023,Marketing,Digital,forecast_error_revenue,2000
Aug,2023,Marketing,Digital,forecast_accuracy_revenue_pct,0.9884
Aug,2023,Marketing,Digital,forecast_error_expense,3000
Aug,2023,Marketing,Digital,forecast_accuracy_expense_pct,0.9790
Aug,2023,Marketing,Digital,variance_driver_rate,N/A
Aug,2023,Marketing,Digital,variance_driver_volume,N/A

Aug,2023,Marketing,Events,actual_revenue,136000
Aug,2023,Marketing,Events,budget_revenue,134000
Aug,2023,Marketing,Events,forecast_revenue,135000
Aug,2023,Marketing,Events,revenue_variance,2000
Aug,2023,Marketing,Events,revenue_variance_pct,0.0149
Aug,2023,Marketing,Events,actual_expense,151000
Aug,2023,Marketing,Events,budget_expense,144000
Aug,2023,Marketing,Events,forecast_expense,147000
Aug,2023,Marketing,Events,expense_variance,7000
Aug,2023,Marketing,Events,expense_variance_pct,0.0486
Aug,2023,Marketing,Events,gross_margin,-15000
Aug,2023,Marketing,Events,gross_margin_pct,-0.1103
Aug,2023,Marketing,Events,forecast_error_revenue,1000
Aug,2023,Marketing,Events,forecast_accuracy_revenue_pct,0.9926
Aug,2023,Marketing,Events,forecast_error_expense,3000
Aug,2023,Marketing,Events,forecast_accuracy_expense_pct,0.9796
Aug,2023,Marketing,Events,variance_driver_rate,N/A
Aug,2023,Marketing,Events,variance_driver_volume,N/A

Aug,2023,Marketing,Brand,actual_revenue,104000
Aug,2023,Marketing,Brand,budget_revenue,103000
Aug,2023,Marketing,Brand,forecast_revenue,104000
Aug,2023,Marketing,Brand,revenue_variance,1000
Aug,2023,Marketing,Brand,revenue_variance_pct,0.0097
Aug,2023,Marketing,Brand,actual_expense,112000
Aug,2023,Marketing,Brand,budget_expense,108000
Aug,2023,Marketing,Brand,forecast_expense,110000
Aug,2023,Marketing,Brand,expense_variance,4000
Aug,2023,Marketing,Brand,expense_variance_pct,0.0370
Aug,2023,Marketing,Brand,gross_margin,-8000
Aug,2023,Marketing,Brand,gross_margin_pct,-0.0769
Aug,2023,Marketing,Brand,forecast_error_revenue,0
Aug,2023,Marketing,Brand,forecast_accuracy_revenue_pct,1.0000
Aug,2023,Marketing,Brand,forecast_error_expense,2000
Aug,2023,Marketing,Brand,forecast_accuracy_expense_pct,0.9818
Aug,2023,Marketing,Brand,variance_driver_rate,N/A
Aug,2023,Marketing,Brand,variance_driver_volume,N/A

Aug,2023,Customer Success,Support,actual_revenue,190000
Aug,2023,Customer Success,Support,budget_revenue,187000
Aug,2023,Customer Success,Support,forecast_revenue,189000
Aug,2023,Customer Success,Support,revenue_variance,3000
Aug,2023,Customer Success,Support,revenue_variance_pct,0.0160
Aug,2023,Customer Success,Support,actual_expense,135000
Aug,2023,Customer Success,Support,budget_expense,129000
Aug,2023,Customer Success,Support,forecast_expense,132000
Aug,2023,Customer Success,Support,expense_variance,6000
Aug,2023,Customer Success,Support,expense_variance_pct,0.0465
Aug,2023,Customer Success,Support,gross_margin,55000
Aug,2023,Customer Success,Support,gross_margin_pct,0.2895
Aug,2023,Customer Success,Support,forecast_error_revenue,1000
Aug,2023,Customer Success,Support,forecast_accuracy_revenue_pct,0.9947
Aug,2023,Customer Success,Support,forecast_error_expense,3000
Aug,2023,Customer Success,Support,forecast_accuracy_expense_pct,0.9773
Aug,2023,Customer Success,Support,variance_driver_rate,N/A
Aug,2023,Customer Success,Support,variance_driver_volume,N/A

Aug,2023,Customer Success,Onboarding,actual_revenue,162000
Aug,2023,Customer Success,Onboarding,budget_revenue,160000
Aug,2023,Customer Success,Onboarding,forecast_revenue,161000
Aug,2023,Customer Success,Onboarding,revenue_variance,2000
Aug,2023,Customer Success,Onboarding,revenue_variance_pct,0.0125
Aug,2023,Customer Success,Onboarding,actual_expense,124000
Aug,2023,Customer Success,Onboarding,budget_expense,119000
Aug,2023,Customer Success,Onboarding,forecast_expense,122000
Aug,2023,Customer Success,Onboarding,expense_variance,5000
Aug,2023,Customer Success,Onboarding,expense_variance_pct,0.0420
Aug,2023,Customer Success,Onboarding,gross_margin,38000
Aug,2023,Customer Success,Onboarding,gross_margin_pct,0.2346
Aug,2023,Customer Success,Onboarding,forecast_error_revenue,1000
Aug,2023,Customer Success,Onboarding,forecast_accuracy_revenue_pct,0.9938
Aug,2023,Customer Success,Onboarding,forecast_error_expense,2000
Aug,2023,Customer Success,Onboarding,forecast_accuracy_expense_pct,0.9836
Aug,2023,Customer Success,Onboarding,variance_driver_rate,N/A
Aug,2023,Customer Success,Onboarding,variance_driver_volume,N/A

Aug,2023,Product,Product Management,actual_revenue,N/A
Aug,2023,Product,Product Management,budget_revenue,N/A
Aug,2023,Product,Product Management,forecast_revenue,N/A
Aug,2023,Product,Product Management,revenue_variance,N/A
Aug,2023,Product,Product Management,revenue_variance_pct,N/A
Aug,2023,Product,Product Management,actual_expense,235000
Aug,2023,Product,Product Management,budget_expense,227000
Aug,2023,Product,Product Management,forecast_expense,231000
Aug,2023,Product,Product Management,expense_variance,8000
Aug,2023,Product,Product Management,expense_variance_pct,0.0352
Aug,2023,Product,Product Management,gross_margin,N/A
Aug,2023,Product,Product Management,gross_margin_pct,N/A
Aug,2023,Product,Product Management,forecast_error_expense,4000
Aug,2023,Product,Product Management,forecast_accuracy_expense_pct,0.9827
Aug,2023,Product,Product Management,variance_driver_rate,N/A
Aug,2023,Product,Product Management,variance_driver_volume,N/A

Aug,2023,Product,UX,actual_revenue,N/A
Aug,2023,Product,UX,budget_revenue,N/A
Aug,2023,Product,UX,forecast_revenue,N/A
Aug,2023,Product,UX,revenue_variance,N/A
Aug,2023,Product,UX,revenue_variance_pct,N/A
Aug,2023,Product,UX,actual_expense,153000
Aug,2023,Product,UX,budget_expense,146000
Aug,2023,Product,UX,forecast_expense,150000
Aug,2023,Product,UX,expense_variance,7000
Aug,2023,Product,UX,expense_variance_pct,0.0479
Aug,2023,Product,UX,gross_margin,N/A
Aug,2023,Product,UX,gross_margin_pct,N/A
Aug,2023,Product,UX,forecast_error_expense,4000
Aug,2023,Product,UX,forecast_accuracy_expense_pct,0.9735
Aug,2023,Product,UX,variance_driver_rate,N/A
Aug,2023,Product,UX,variance_driver_volume,N/A

Aug,2023,Engineering,Backend,actual_revenue,N/A
Aug,2023,Engineering,Backend,budget_revenue,N/A
Aug,2023,Engineering,Backend,forecast_revenue,N/A
Aug,2023,Engineering,Backend,revenue_variance,N/A
Aug,2023,Engineering,Backend,revenue_variance_pct,N/A
Aug,2023,Engineering,Backend,actual_expense,333000
Aug,2023,Engineering,Backend,budget_expense,318000
Aug,2023,Engineering,Backend,forecast_expense,326000
Aug,2023,Engineering,Backend,expense_variance,15000
Aug,2023,Engineering,Backend,expense_variance_pct,0.0472
Aug,2023,Engineering,Backend,gross_margin,N/A
Aug,2023,Engineering,Backend,gross_margin_pct,N/A
Aug,2023,Engineering,Backend,forecast_error_expense,8000
Aug,2023,Engineering,Backend,forecast_accuracy_expense_pct,0.9758
Aug,2023,Engineering,Backend,variance_driver_rate,N/A
Aug,2023,Engineering,Backend,variance_driver_volume,N/A

Aug,2023,Engineering,Frontend,actual_revenue,N/A
Aug,2023,Engineering,Frontend,budget_revenue,N/A
Aug,2023,Engineering,Frontend,forecast_revenue,N/A
Aug,2023,Engineering,Frontend,revenue_variance,N/A
Aug,2023,Engineering,Frontend,revenue_variance_pct,N/A
Aug,2023,Engineering,Frontend,actual_expense,283000
Aug,2023,Engineering,Frontend,budget_expense,272000
Aug,2023,Engineering,Frontend,forecast_expense,277000
Aug,2023,Engineering,Frontend,expense_variance,11000
Aug,2023,Engineering,Frontend,expense_variance_pct,0.0404
Aug,2023,Engineering,Frontend,gross_margin,N/A
Aug,2023,Engineering,Frontend,gross_margin_pct,N/A
Aug,2023,Engineering,Frontend,forecast_error_expense,5000
Aug,2023,Engineering,Frontend,forecast_accuracy_expense_pct,0.9817
Aug,2023,Engineering,Frontend,variance_driver_rate,N/A
Aug,2023,Engineering,Frontend,variance_driver_volume,N/A

Aug,2023,Engineering,DevOps,actual_revenue,N/A
Aug,2023,Engineering,DevOps,budget_revenue,N/A
Aug,2023,Engineering,DevOps,forecast_revenue,N/A
Aug,2023,Engineering,DevOps,revenue_variance,N/A
Aug,2023,Engineering,DevOps,revenue_variance_pct,N/A
Aug,2023,Engineering,DevOps,actual_expense,253000
Aug,2023,Engineering,DevOps,budget_expense,242000
Aug,2023,Engineering,DevOps,forecast_expense,247000
Aug,2023,Engineering,DevOps,expense_variance,11000
Aug,2023,Engineering,DevOps,expense_variance_pct,0.0455
Aug,2023,Engineering,DevOps,gross_margin,N/A
Aug,2023,Engineering,DevOps,gross_margin_pct,N/A
Aug,2023,Engineering,DevOps,forecast_error_expense,5000
Aug,2023,Engineering,DevOps,forecast_accuracy_expense_pct,0.9798
Aug,2023,Engineering,DevOps,variance_driver_rate,N/A
Aug,2023,Engineering,DevOps,variance_driver_volume,N/A

Aug,2023,G&A,HR,actual_revenue,N/A
Aug,2023,G&A,HR,budget_revenue,N/A
Aug,2023,G&A,HR,forecast_revenue,N/A
Aug,2023,G&A,HR,revenue_variance,N/A
Aug,2023,G&A,HR,revenue_variance_pct,N/A
Aug,2023,G&A,HR,actual_expense,118

Sep,2023,Sales,Field Sales,actual_revenue,490000
Sep,2023,Sales,Field Sales,budget_revenue,480000
Sep,2023,Sales,Field Sales,forecast_revenue,488000
Sep,2023,Sales,Field Sales,revenue_variance,10000
Sep,2023,Sales,Field Sales,revenue_variance_pct,0.0208
Sep,2023,Sales,Field Sales,actual_expense,207000
Sep,2023,Sales,Field Sales,budget_expense,198000
Sep,2023,Sales,Field Sales,forecast_expense,202000
Sep,2023,Sales,Field Sales,expense_variance,9000
Sep,2023,Sales,Field Sales,expense_variance_pct,0.0455
Sep,2023,Sales,Field Sales,gross_margin,283000
Sep,2023,Sales,Field Sales,gross_margin_pct,0.5776
Sep,2023,Sales,Field Sales,forecast_error_revenue,2000
Sep,2023,Sales,Field Sales,forecast_accuracy_revenue_pct,0.9959
Sep,2023,Sales,Field Sales,forecast_error_expense,5000
Sep,2023,Sales,Field Sales,forecast_accuracy_expense_pct,0.9752
Sep,2023,Sales,Field Sales,variance_driver_rate,N/A
Sep,2023,Sales,Field Sales,variance_driver_volume,N/A

Sep,2023,Sales,Inside Sales,actual_revenue,355000
Sep,2023,Sales,Inside Sales,budget_revenue,350000
Sep,2023,Sales,Inside Sales,forecast_revenue,353000
Sep,2023,Sales,Inside Sales,revenue_variance,5000
Sep,2023,Sales,Inside Sales,revenue_variance_pct,0.0143
Sep,2023,Sales,Inside Sales,actual_expense,133000
Sep,2023,Sales,Inside Sales,budget_expense,129000
Sep,2023,Sales,Inside Sales,forecast_expense,131000
Sep,2023,Sales,Inside Sales,expense_variance,4000
Sep,2023,Sales,Inside Sales,expense_variance_pct,0.0310
Sep,2023,Sales,Inside Sales,gross_margin,222000
Sep,2023,Sales,Inside Sales,gross_margin_pct,0.6254
Sep,2023,Sales,Inside Sales,forecast_error_revenue,2000
Sep,2023,Sales,Inside Sales,forecast_accuracy_revenue_pct,0.9943
Sep,2023,Sales,Inside Sales,forecast_error_expense,2000
Sep,2023,Sales,Inside Sales,forecast_accuracy_expense_pct,0.9845
Sep,2023,Sales,Inside Sales,variance_driver_rate,N/A
Sep,2023,Sales,Inside Sales,variance_driver_volume,N/A

Sep,2023,Sales,Sales Ops,actual_revenue,100000
Sep,2023,Sales,Sales Ops,budget_revenue,99000
Sep,2023,Sales,Sales Ops,forecast_revenue,100000
Sep,2023,Sales,Sales Ops,revenue_variance,1000
Sep,2023,Sales,Sales Ops,revenue_variance_pct,0.0101
Sep,2023,Sales,Sales Ops,actual_expense,68000
Sep,2023,Sales,Sales Ops,budget_expense,64000
Sep,2023,Sales,Sales Ops,forecast_expense,65000
Sep,2023,Sales,Sales Ops,expense_variance,4000
Sep,2023,Sales,Sales Ops,expense_variance_pct,0.0625
Sep,2023,Sales,Sales Ops,gross_margin,32000
Sep,2023,Sales,Sales Ops,gross_margin_pct,0.3200
Sep,2023,Sales,Sales Ops,forecast_error_revenue,0
Sep,2023,Sales,Sales Ops,forecast_accuracy_revenue_pct,1.0000
Sep,2023,Sales,Sales Ops,forecast_error_expense,3000
Sep,2023,Sales,Sales Ops,forecast_accuracy_expense_pct,0.9538
Sep,2023,Sales,Sales Ops,variance_driver_rate,N/A
Sep,2023,Sales,Sales Ops,variance_driver_volume,N/A

Sep,2023,Marketing,Digital,actual_revenue,178000
Sep,2023,Marketing,Digital,budget_revenue,172000
Sep,2023,Marketing,Digital,forecast_revenue,175000
Sep,2023,Marketing,Digital,revenue_variance,6000
Sep,2023,Marketing,Digital,revenue_variance_pct,0.0349
Sep,2023,Marketing,Digital,actual_expense,144000
Sep,2023,Marketing,Digital,budget_expense,139000
Sep,2023,Marketing,Digital,forecast_expense,141000
Sep,2023,Marketing,Digital,expense_variance,5000
Sep,2023,Marketing,Digital,expense_variance_pct,0.0360
Sep,2023,Marketing,Digital,gross_margin,34000
Sep,2023,Marketing,Digital,gross_margin_pct,0.1910
Sep,2023,Marketing,Digital,forecast_error_revenue,3000
Sep,2023,Marketing,Digital,forecast_accuracy_revenue_pct,0.9829
Sep,2023,Marketing,Digital,forecast_error_expense,3000
Sep,2023,Marketing,Digital,forecast_accuracy_expense_pct,0.9787
Sep,2023,Marketing,Digital,variance_driver_rate,N/A
Sep,2023,Marketing,Digital,variance_driver_volume,N/A

Sep,2023,Marketing,Events,actual_revenue,138000
Sep,2023,Marketing,Events,budget_revenue,136000
Sep,2023,Marketing,Events,forecast_revenue,137000
Sep,2023,Marketing,Events,revenue_variance,2000
Sep,2023,Marketing,Events,revenue_variance_pct,0.0147
Sep,2023,Marketing,Events,actual_expense,152000
Sep,2023,Marketing,Events,budget_expense,145000
Sep,2023,Marketing,Events,forecast_expense,148000
Sep,2023,Marketing,Events,expense_variance,7000
Sep,2023,Marketing,Events,expense_variance_pct,0.0483
Sep,2023,Marketing,Events,gross_margin,-14000
Sep,2023,Marketing,Events,gross_margin_pct,-0.1014
Sep,2023,Marketing,Events,forecast_error_revenue,1000
Sep,2023,Marketing,Events,forecast_accuracy_revenue_pct,0.9927
Sep,2023,Marketing,Events,forecast_error_expense,3000
Sep,2023,Marketing,Events,forecast_accuracy_expense_pct,0.9797
Sep,2023,Marketing,Events,variance_driver_rate,N/A
Sep,2023,Marketing,Events,variance_driver_volume,N/A

Sep,2023,Marketing,Brand,actual_revenue,105000
Sep,2023,Marketing,Brand,budget_revenue,104000
Sep,2023,Marketing,Brand,forecast_revenue,105000
Sep,2023,Marketing,Brand,revenue_variance,1000
Sep,2023,Marketing,Brand,revenue_variance_pct,0.0096
Sep,2023,Marketing,Brand,actual_expense,113000
Sep,2023,Marketing,Brand,budget_expense,109000
Sep,2023,Marketing,Brand,forecast_expense,111000
Sep,2023,Marketing,Brand,expense_variance,4000
Sep,2023,Marketing,Brand,expense_variance_pct,0.0367
Sep,2023,Marketing,Brand,gross_margin,-8000
Sep,2023,Marketing,Brand,gross_margin_pct,-0.0762
Sep,2023,Marketing,Brand,forecast_error_revenue,0
Sep,2023,Marketing,Brand,forecast_accuracy_revenue_pct,1.0000
Sep,2023,Marketing,Brand,forecast_error_expense,2000
Sep,2023,Marketing,Brand,forecast_accuracy_expense_pct,0.9819
Sep,2023,Marketing,Brand,variance_driver_rate,N/A
Sep,2023,Marketing,Brand,variance_driver_volume,N/A

Sep,2023,Customer Success,Support,actual_revenue,192000
Sep,2023,Customer Success,Support,budget_revenue,189000
Sep,2023,Customer Success,Support,forecast_revenue,191000
Sep,2023,Customer Success,Support,revenue_variance,3000
Sep,2023,Customer Success,Support,revenue_variance_pct,0.0159
Sep,2023,Customer Success,Support,actual_expense,136000
Sep,2023,Customer Success,Support,budget_expense,130000
Sep,2023,Customer Success,Support,forecast_expense,133000
Sep,2023,Customer Success,Support,expense_variance,6000
Sep,2023,Customer Success,Support,expense_variance_pct,0.0462
Sep,2023,Customer Success,Support,gross_margin,56000
Sep,2023,Customer Success,Support,gross_margin_pct,0.2917
Sep,2023,Customer Success,Support,forecast_error_revenue,1000
Sep,2023,Customer Success,Support,forecast_accuracy_revenue_pct,0.9948
Sep,2023,Customer Success,Support,forecast_error_expense,3000
Sep,2023,Customer Success,Support,forecast_accuracy_expense_pct,0.9774
Sep,2023,Customer Success,Support,variance_driver_rate,N/A
Sep,2023,Customer Success,Support,variance_driver_volume,N/A

Sep,2023,Customer Success,Onboarding,actual_revenue,164000
Sep,2023,Customer Success,Onboarding,budget_revenue,162000
Sep,2023,Customer Success,Onboarding,forecast_revenue,163000
Sep,2023,Customer Success,Onboarding,revenue_variance,2000
Sep,2023,Customer Success,Onboarding,revenue_variance_pct,0.0123
Sep,2023,Customer Success,Onboarding,actual_expense,125000
Sep,2023,Customer Success,Onboarding,budget_expense,120000
Sep,2023,Customer Success,Onboarding,forecast_expense,123000
Sep,2023,Customer Success,Onboarding,expense_variance,5000
Sep,2023,Customer Success,Onboarding,expense_variance_pct,0.0417
Sep,2023,Customer Success,Onboarding,gross_margin,39000
Sep,2023,Customer Success,Onboarding,gross_margin_pct,0.2378
Sep,2023,Customer Success,Onboarding,forecast_error_revenue,1000
Sep,2023,Customer Success,Onboarding,forecast_accuracy_revenue_pct,0.9939
Sep,2023,Customer Success,Onboarding,forecast_error_expense,2000
Sep,2023,Customer Success,Onboarding,forecast_accuracy_expense_pct,0.9837
Sep,2023,Customer Success,Onboarding,variance_driver_rate,N/A
Sep,2023,Customer Success,Onboarding,variance_driver_volume,N/A

Sep,2023,Product,Product Management,actual_revenue,N/A
Sep,2023,Product,Product Management,budget_revenue,N/A
Sep,2023,Product,Product Management,forecast_revenue,N/A
Sep,2023,Product,Product Management,revenue_variance,N/A
Sep,2023,Product,Product Management,revenue_variance_pct,N/A
Sep,2023,Product,Product Management,actual_expense,237000
Sep,2023,Product,Product Management,budget_expense,229000
Sep,2023,Product,Product Management,forecast_expense,233000
Sep,2023,Product,Product Management,expense_variance,8000
Sep,2023,Product,Product Management,expense_variance_pct,0.0349
Sep,2023,Product,Product Management,gross_margin,N/A
Sep,2023,Product,Product Management,gross_margin_pct,N/A
Sep,2023,Product,Product Management,forecast_error_expense,4000
Sep,2023,Product,Product Management,forecast_accuracy_expense_pct,0.9828
Sep,2023,Product,Product Management,variance_driver_rate,N/A
Sep,2023,Product,Product Management,variance_driver_volume,N/A

Sep,2023,Product,UX,actual_revenue,N/A
Sep,2023,Product,UX,budget_revenue,N/A
Sep,2023,Product,UX,forecast_revenue,N/A
Sep,2023,Product,UX,revenue_variance,N/A
Sep,2023,Product,UX,revenue_variance_pct,N/A
Sep,2023,Product,UX,actual_expense,154000
Sep,2023,Product,UX,budget_expense,147000
Sep,2023,Product,UX,forecast_expense,151000
Sep,2023,Product,UX,expense_variance,7000
Sep,2023,Product,UX,expense_variance_pct,0.0476
Sep,2023,Product,UX,gross_margin,N/A
Sep,2023,Product,UX,gross_margin_pct,N/A
Sep,2023,Product,UX,forecast_error_expense,4000
Sep,2023,Product,UX,forecast_accuracy_expense_pct,0.9735
Sep,2023,Product,UX,variance_driver_rate,N/A
Sep,2023,Product,UX,variance_driver_volume,N/A

Sep,2023,Engineering,Backend,actual_revenue,N/A
Sep,2023,Engineering,Backend,budget_revenue,N/A
Sep,2023,Engineering,Backend,forecast_revenue,N/A
Sep,2023,Engineering,Backend,revenue_variance,N/A
Sep,2023,Engineering,Backend,revenue_variance_pct,N/A
Sep,2023,Engineering,Backend,actual_expense,335000
Sep,2023,Engineering,Backend,budget_expense,320000
Sep,2023,Engineering,Backend,forecast_expense,328000
Sep,2023,Engineering,Backend,expense_variance,15000
Sep,2023,Engineering,Backend,expense_variance_pct,0.0469
Sep,2023,Engineering,Backend,gross_margin,N/A
Sep,2023,Engineering,Backend,gross_margin_pct,N/A
Sep,2023,Engineering,Backend,forecast_error_expense,8000
Sep,2023,Engineering,Backend,forecast_accuracy_expense_pct,0.9756
Sep,2023,Engineering,Backend,variance_driver_rate,N/A
Sep,2023,Engineering,Backend,variance_driver_volume,N/A

Sep,2023,Engineering,Frontend,actual_revenue,N/A
Sep,2023,Engineering,Frontend,budget_revenue,N/A
Sep,2023,Engineering,Frontend,forecast_revenue,N/A
Sep,2023,Engineering,Frontend,revenue_variance,N/A
Sep,2023,Engineering,Frontend,revenue_variance_pct,N/A
Sep,2023,Engineering,Frontend,actual_expense,285000
Sep,2023,Engineering,Frontend,budget_expense,274000
Sep,2023,Engineering,Frontend,forecast_expense,279000
Sep,2023,Engineering,Frontend,expense_variance,11000
Sep,2023,Engineering,Frontend,expense_variance_pct,0.0401
Sep,2023,Engineering,Frontend,gross_margin,N/A
Sep,2023,Engineering,Frontend,gross_margin_pct,N/A
Sep,2023,Engineering,Frontend,forecast_error_expense,5000
Sep,2023,Engineering,Frontend,forecast_accuracy_expense_pct,0.9817
Sep,2023,Engineering,Frontend,variance_driver_rate,N/A
Sep,2023,Engineering,Frontend,variance_driver_volume,N/A

Sep,2023,Engineering,DevOps,actual_revenue,N/A
Sep,2023,Engineering,DevOps,budget_revenue,N/A
Sep,2023,Engineering,DevOps,forecast_revenue,N/A
Sep,2023,Engineering,DevOps,revenue_variance,N/A
Sep,2023,Engineering,DevOps,revenue_variance_pct,N/A
Sep,2023,Engineering,DevOps,actual_expense,255000
Sep,2023,Engineering,DevOps,budget_expense,244000
Sep,2023,Engineering,DevOps,forecast_expense,249000
Sep,2023,Engineering,DevOps,expense_variance,11000
Sep,2023,Engineering,DevOps,expense_variance_pct,0.0451
Sep,2023,Engineering,DevOps,gross_margin,N/A
Sep,2023,Engineering,DevOps,gross_margin_pct,N/A
Sep,2023,Engineering,DevOps,forecast_error_expense,5000
Sep,2023,Engineering,DevOps,forecast_accuracy_expense_pct,0.9799
Sep,2023,Engineering,DevOps,variance_driver_rate,N/A
Sep,2023,Engineering,DevOps,variance_driver_volume,N/A

Sep,2023,G&A,HR,actual_revenue,N/A
Sep,2023,G&A,HR,budget_revenue,N/A
Sep,2023,G&A,HR,forecast_revenue,N/A
Sep,2023,G&A,HR,revenue_variance,N/A
Sep,2023,G&A,HR,revenue_variance_pct,N/A
Sep,2023,G&A,HR,actual_exp

Oct,2023,Sales,Field Sales,actual_revenue,500000
Oct,2023,Sales,Field Sales,budget_revenue,490000
Oct,2023,Sales,Field Sales,forecast_revenue,495000
Oct,2023,Sales,Field Sales,revenue_variance,10000
Oct,2023,Sales,Field Sales,revenue_variance_pct,0.0204
Oct,2023,Sales,Field Sales,actual_expense,210000
Oct,2023,Sales,Field Sales,budget_expense,200000
Oct,2023,Sales,Field Sales,forecast_expense,205000
Oct,2023,Sales,Field Sales,expense_variance,10000
Oct,2023,Sales,Field Sales,expense_variance_pct,0.0500
Oct,2023,Sales,Field Sales,gross_margin,290000
Oct,2023,Sales,Field Sales,gross_margin_pct,0.5800
Oct,2023,Sales,Field Sales,forecast_error_revenue,5000
Oct,2023,Sales,Field Sales,forecast_accuracy_revenue_pct,0.9899
Oct,2023,Sales,Field Sales,forecast_error_expense,5000
Oct,2023,Sales,Field Sales,forecast_accuracy_expense_pct,0.9756
Oct,2023,Sales,Field Sales,variance_driver_rate,N/A
Oct,2023,Sales,Field Sales,variance_driver_volume,N/A

Oct,2023,Sales,Inside Sales,actual_revenue,360000
Oct,2023,Sales,Inside Sales,budget_revenue,355000
Oct,2023,Sales,Inside Sales,forecast_revenue,358000
Oct,2023,Sales,Inside Sales,revenue_variance,5000
Oct,2023,Sales,Inside Sales,revenue_variance_pct,0.0141
Oct,2023,Sales,Inside Sales,actual_expense,134000
Oct,2023,Sales,Inside Sales,budget_expense,130000
Oct,2023,Sales,Inside Sales,forecast_expense,132000
Oct,2023,Sales,Inside Sales,expense_variance,4000
Oct,2023,Sales,Inside Sales,expense_variance_pct,0.0308
Oct,2023,Sales,Inside Sales,gross_margin,226000
Oct,2023,Sales,Inside Sales,gross_margin_pct,0.6278
Oct,2023,Sales,Inside Sales,forecast_error_revenue,2000
Oct,2023,Sales,Inside Sales,forecast_accuracy_revenue_pct,0.9944
Oct,2023,Sales,Inside Sales,forecast_error_expense,2000
Oct,2023,Sales,Inside Sales,forecast_accuracy_expense_pct,0.9848
Oct,2023,Sales,Inside Sales,variance_driver_rate,N/A
Oct,2023,Sales,Inside Sales,variance_driver_volume,N/A

Oct,2023,Sales,Sales Ops,actual_revenue,101000
Oct,2023,Sales,Sales Ops,budget_revenue,100000
Oct,2023,Sales,Sales Ops,forecast_revenue,101000
Oct,2023,Sales,Sales Ops,revenue_variance,1000
Oct,2023,Sales,Sales Ops,revenue_variance_pct,0.0100
Oct,2023,Sales,Sales Ops,actual_expense,68500
Oct,2023,Sales,Sales Ops,budget_expense,64500
Oct,2023,Sales,Sales Ops,forecast_expense,65500
Oct,2023,Sales,Sales Ops,expense_variance,4000
Oct,2023,Sales,Sales Ops,expense_variance_pct,0.0620
Oct,2023,Sales,Sales Ops,gross_margin,32500
Oct,2023,Sales,Sales Ops,gross_margin_pct,0.3218
Oct,2023,Sales,Sales Ops,forecast_error_revenue,0
Oct,2023,Sales,Sales Ops,forecast_accuracy_revenue_pct,1.0000
Oct,2023,Sales,Sales Ops,forecast_error_expense,3000
Oct,2023,Sales,Sales Ops,forecast_accuracy_expense_pct,0.9542
Oct,2023,Sales,Sales Ops,variance_driver_rate,N/A
Oct,2023,Sales,Sales Ops,variance_driver_volume,N/A

Oct,2023,Marketing,Digital,actual_revenue,180000
Oct,2023,Marketing,Digital,budget_revenue,175000
Oct,2023,Marketing,Digital,forecast_revenue,178000
Oct,2023,Marketing,Digital,revenue_variance,5000
Oct,2023,Marketing,Digital,revenue_variance_pct,0.0286
Oct,2023,Marketing,Digital,actual_expense,145000
Oct,2023,Marketing,Digital,budget_expense,140000
Oct,2023,Marketing,Digital,forecast_expense,142000
Oct,2023,Marketing,Digital,expense_variance,5000
Oct,2023,Marketing,Digital,expense_variance_pct,0.0357
Oct,2023,Marketing,Digital,gross_margin,35000
Oct,2023,Marketing,Digital,gross_margin_pct,0.1944
Oct,2023,Marketing,Digital,forecast_error_revenue,2000
Oct,2023,Marketing,Digital,forecast_accuracy_revenue_pct,0.9888
Oct,2023,Marketing,Digital,forecast_error_expense,3000
Oct,2023,Marketing,Digital,forecast_accuracy_expense_pct,0.9790
Oct,2023,Marketing,Digital,variance_driver_rate,N/A
Oct,2023,Marketing,Digital,variance_driver_volume,N/A

Oct,2023,Marketing,Events,actual_revenue,140000
Oct,2023,Marketing,Events,budget_revenue,138000
Oct,2023,Marketing,Events,forecast_revenue,139000
Oct,2023,Marketing,Events,revenue_variance,2000
Oct,2023,Marketing,Events,revenue_variance_pct,0.0145
Oct,2023,Marketing,Events,actual_expense,153000
Oct,2023,Marketing,Events,budget_expense,146000
Oct,2023,Marketing,Events,forecast_expense,149000
Oct,2023,Marketing,Events,expense_variance,7000
Oct,2023,Marketing,Events,expense_variance_pct,0.0479
Oct,2023,Marketing,Events,gross_margin,-13000
Oct,2023,Marketing,Events,gross_margin_pct,-0.0929
Oct,2023,Marketing,Events,forecast_error_revenue,1000
Oct,2023,Marketing,Events,forecast_accuracy_revenue_pct,0.9928
Oct,2023,Marketing,Events,forecast_error_expense,3000
Oct,2023,Marketing,Events,forecast_accuracy_expense_pct,0.9799
Oct,2023,Marketing,Events,variance_driver_rate,N/A
Oct,2023,Marketing,Events,variance_driver_volume,N/A

Oct,2023,Marketing,Brand,actual_revenue,106000
Oct,2023,Marketing,Brand,budget_revenue,105000
Oct,2023,Marketing,Brand,forecast_revenue,106000
Oct,2023,Marketing,Brand,revenue_variance,1000
Oct,2023,Marketing,Brand,revenue_variance_pct,0.0095
Oct,2023,Marketing,Brand,actual_expense,114000
Oct,2023,Marketing,Brand,budget_expense,110000
Oct,2023,Marketing,Brand,forecast_expense,112000
Oct,2023,Marketing,Brand,expense_variance,4000
Oct,2023,Marketing,Brand,expense_variance_pct,0.0364
Oct,2023,Marketing,Brand,gross_margin,-8000
Oct,2023,Marketing,Brand,gross_margin_pct,-0.0755
Oct,2023,Marketing,Brand,forecast_error_revenue,0
Oct,2023,Marketing,Brand,forecast_accuracy_revenue_pct,1.0000
Oct,2023,Marketing,Brand,forecast_error_expense,2000
Oct,2023,Marketing,Brand,forecast_accuracy_expense_pct,0.9821
Oct,2023,Marketing,Brand,variance_driver_rate,N/A
Oct,2023,Marketing,Brand,variance_driver_volume,N/A

Oct,2023,Customer Success,Support,actual_revenue,194000
Oct,2023,Customer Success,Support,budget_revenue,191000
Oct,2023,Customer Success,Support,forecast_revenue,193000
Oct,2023,Customer Success,Support,revenue_variance,3000
Oct,2023,Customer Success,Support,revenue_variance_pct,0.0157
Oct,2023,Customer Success,Support,actual_expense,137000
Oct,2023,Customer Success,Support,budget_expense,131000
Oct,2023,Customer Success,Support,forecast_expense,134000
Oct,2023,Customer Success,Support,expense_variance,6000
Oct,2023,Customer Success,Support,expense_variance_pct,0.0458
Oct,2023,Customer Success,Support,gross_margin,57000
Oct,2023,Customer Success,Support,gross_margin_pct,0.2938
Oct,2023,Customer Success,Support,forecast_error_revenue,1000
Oct,2023,Customer Success,Support,forecast_accuracy_revenue_pct,0.9948
Oct,2023,Customer Success,Support,forecast_error_expense,3000
Oct,2023,Customer Success,Support,forecast_accuracy_expense_pct,0.9776
Oct,2023,Customer Success,Support,variance_driver_rate,N/A
Oct,2023,Customer Success,Support,variance_driver_volume,N/A

Oct,2023,Customer Success,Onboarding,actual_revenue,166000
Oct,2023,Customer Success,Onboarding,budget_revenue,164000
Oct,2023,Customer Success,Onboarding,forecast_revenue,165000
Oct,2023,Customer Success,Onboarding,revenue_variance,2000
Oct,2023,Customer Success,Onboarding,revenue_variance_pct,0.0122
Oct,2023,Customer Success,Onboarding,actual_expense,126000
Oct,2023,Customer Success,Onboarding,budget_expense,121000
Oct,2023,Customer Success,Onboarding,forecast_expense,124000
Oct,2023,Customer Success,Onboarding,expense_variance,5000
Oct,2023,Customer Success,Onboarding,expense_variance_pct,0.0413
Oct,2023,Customer Success,Onboarding,gross_margin,40000
Oct,2023,Customer Success,Onboarding,gross_margin_pct,0.2410
Oct,2023,Customer Success,Onboarding,forecast_error_revenue,1000
Oct,2023,Customer Success,Onboarding,forecast_accuracy_revenue_pct,0.9940
Oct,2023,Customer Success,Onboarding,forecast_error_expense,2000
Oct,2023,Customer Success,Onboarding,forecast_accuracy_expense_pct,0.9839
Oct,2023,Customer Success,Onboarding,variance_driver_rate,N/A
Oct,2023,Customer Success,Onboarding,variance_driver_volume,N/A

Oct,2023,Product,Product Management,actual_revenue,N/A
Oct,2023,Product,Product Management,budget_revenue,N/A
Oct,2023,Product,Product Management,forecast_revenue,N/A
Oct,2023,Product,Product Management,revenue_variance,N/A
Oct,2023,Product,Product Management,revenue_variance_pct,N/A
Oct,2023,Product,Product Management,actual_expense,239000
Oct,2023,Product,Product Management,budget_expense,231000
Oct,2023,Product,Product Management,forecast_expense,235000
Oct,2023,Product,Product Management,expense_variance,8000
Oct,2023,Product,Product Management,expense_variance_pct,0.0346
Oct,2023,Product,Product Management,gross_margin,N/A
Oct,2023,Product,Product Management,gross_margin_pct,N/A
Oct,2023,Product,Product Management,forecast_error_expense,4000
Oct,2023,Product,Product Management,forecast_accuracy_expense_pct,0.9830
Oct,2023,Product,Product Management,variance_driver_rate,N/A
Oct,2023,Product,Product Management,variance_driver_volume,N/A

Oct,2023,Product,UX,actual_revenue,N/A
Oct,2023,Product,UX,budget_revenue,N/A
Oct,2023,Product,UX,forecast_revenue,N/A
Oct,2023,Product,UX,revenue_variance,N/A
Oct,2023,Product,UX,revenue_variance_pct,N/A
Oct,2023,Product,UX,actual_expense,155000
Oct,2023,Product,UX,budget_expense,148000
Oct,2023,Product,UX,forecast_expense,152000
Oct,2023,Product,UX,expense_variance,7000
Oct,2023,Product,UX,expense_variance_pct,0.0473
Oct,2023,Product,UX,gross_margin,N/A
Oct,2023,Product,UX,gross_margin_pct,N/A
Oct,2023,Product,UX,forecast_error_expense,4000
Oct,2023,Product,UX,forecast_accuracy_expense_pct,0.9737
Oct,2023,Product,UX,variance_driver_rate,N/A
Oct,2023,Product,UX,variance_driver_volume,N/A

Oct,2023,Engineering,Backend,actual_revenue,N/A
Oct,2023,Engineering,Backend,budget_revenue,N/A
Oct,2023,Engineering,Backend,forecast_revenue,N/A
Oct,2023,Engineering,Backend,revenue_variance,N/A
Oct,2023,Engineering,Backend,revenue_variance_pct,N/A
Oct,2023,Engineering,Backend,actual_expense,337000
Oct,2023,Engineering,Backend,budget_expense,322000
Oct,2023,Engineering,Backend,forecast_expense,330000
Oct,2023,Engineering,Backend,expense_variance,15000
Oct,2023,Engineering,Backend,expense_variance_pct,0.0466
Oct,2023,Engineering,Backend,gross_margin,N/A
Oct,2023,Engineering,Backend,gross_margin_pct,N/A
Oct,2023,Engineering,Backend,forecast_error_expense,8000
Oct,2023,Engineering,Backend,forecast_accuracy_expense_pct,0.9758
Oct,2023,Engineering,Backend,variance_driver_rate,N/A
Oct,2023,Engineering,Backend,variance_driver_volume,N/A

Oct,2023,Engineering,Frontend,actual_revenue,N/A
Oct,2023,Engineering,Frontend,budget_revenue,N/A
Oct,2023,Engineering,Frontend,forecast_revenue,N/A
Oct,2023,Engineering,Frontend,revenue_variance,N/A
Oct,2023,Engineering,Frontend,revenue_variance_pct,N/A
Oct,2023,Engineering,Frontend,actual_expense,287000
Oct,2023,Engineering,Frontend,budget_expense,276000
Oct,2023,Engineering,Frontend,forecast_expense,281000
Oct,2023,Engineering,Frontend,expense_variance,11000
Oct,2023,Engineering,Frontend,expense_variance_pct,0.0399
Oct,2023,Engineering,Frontend,gross_margin,N/A
Oct,2023,Engineering,Frontend,gross_margin_pct,N/A
Oct,2023,Engineering,Frontend,forecast_error_expense,5000
Oct,2023,Engineering,Frontend,forecast_accuracy_expense_pct,0.9819
Oct,2023,Engineering,Frontend,variance_driver_rate,N/A
Oct,2023,Engineering,Frontend,variance_driver_volume,N/A

Oct,2023,Engineering,DevOps,actual_revenue,N/A
Oct,2023,Engineering,DevOps,budget_revenue,N/A
Oct,2023,Engineering,DevOps,forecast_revenue,N/A
Oct,2023,Engineering,DevOps,revenue_variance,N/A
Oct,2023,Engineering,DevOps,revenue_variance_pct,N/A
Oct,2023,Engineering,DevOps,actual_expense,257000
Oct,2023,Engineering,DevOps,budget_expense,246000
Oct,2023,Engineering,DevOps,forecast_expense,251000
Oct,2023,Engineering,DevOps,expense_variance,11000
Oct,2023,Engineering,DevOps,expense_variance_pct,0.0447
Oct,2023,Engineering,DevOps,gross_margin,N/A
Oct,2023,Engineering,DevOps,gross_margin_pct,N/A
Oct,2023,Engineering,DevOps,forecast_error_expense,5000
Oct,2023,Engineering,DevOps,forecast_accuracy_expense_pct,0.9801
Oct,2023,Engineering,DevOps,variance_driver_rate,N/A
Oct,2023,Engineering,DevOps,variance_driver_volume,N/A

Oct,2023,G&A,HR,actual_revenue,N/A
Oct,2023,G&A,HR,budget_revenue,N/A
Oct,2023,G&A,HR,forecast_revenue,N/A
Oct,2023,G&A,HR,revenue_variance,N/A
Oct,2023,G&A,HR,revenue_variance_pct,N/A
Oct,2023,G&A,HR,actual_expense,120000
Oct,2023

Nov,2023,Sales,Field Sales,actual_revenue,510000
Nov,2023,Sales,Field Sales,budget_revenue,500000
Nov,2023,Sales,Field Sales,forecast_revenue,505000
Nov,2023,Sales,Field Sales,revenue_variance,10000
Nov,2023,Sales,Field Sales,revenue_variance_pct,0.0200
Nov,2023,Sales,Field Sales,actual_expense,212000
Nov,2023,Sales,Field Sales,budget_expense,202000
Nov,2023,Sales,Field Sales,forecast_expense,207000
Nov,2023,Sales,Field Sales,expense_variance,10000
Nov,2023,Sales,Field Sales,expense_variance_pct,0.0495
Nov,2023,Sales,Field Sales,gross_margin,298000
Nov,2023,Sales,Field Sales,gross_margin_pct,0.5843
Nov,2023,Sales,Field Sales,forecast_error_revenue,5000
Nov,2023,Sales,Field Sales,forecast_accuracy_revenue_pct,0.9901
Nov,2023,Sales,Field Sales,forecast_error_expense,5000
Nov,2023,Sales,Field Sales,forecast_accuracy_expense_pct,0.9759
Nov,2023,Sales,Field Sales,variance_driver_rate,N/A
Nov,2023,Sales,Field Sales,variance_driver_volume,N/A

Nov,2023,Sales,Inside Sales,actual_revenue,365000
Nov,2023,Sales,Inside Sales,budget_revenue,360000
Nov,2023,Sales,Inside Sales,forecast_revenue,363000
Nov,2023,Sales,Inside Sales,revenue_variance,5000
Nov,2023,Sales,Inside Sales,revenue_variance_pct,0.0139
Nov,2023,Sales,Inside Sales,actual_expense,135000
Nov,2023,Sales,Inside Sales,budget_expense,131000
Nov,2023,Sales,Inside Sales,forecast_expense,133000
Nov,2023,Sales,Inside Sales,expense_variance,4000
Nov,2023,Sales,Inside Sales,expense_variance_pct,0.0305
Nov,2023,Sales,Inside Sales,gross_margin,230000
Nov,2023,Sales,Inside Sales,gross_margin_pct,0.6301
Nov,2023,Sales,Inside Sales,forecast_error_revenue,2000
Nov,2023,Sales,Inside Sales,forecast_accuracy_revenue_pct,0.9945
Nov,2023,Sales,Inside Sales,forecast_error_expense,2000
Nov,2023,Sales,Inside Sales,forecast_accuracy_expense_pct,0.9849
Nov,2023,Sales,Inside Sales,variance_driver_rate,N/A
Nov,2023,Sales,Inside Sales,variance_driver_volume,N/A

Nov,2023,Sales,Sales Ops,actual_revenue,102000
Nov,2023,Sales,Sales Ops,budget_revenue,101000
Nov,2023,Sales,Sales Ops,forecast_revenue,102000
Nov,2023,Sales,Sales Ops,revenue_variance,1000
Nov,2023,Sales,Sales Ops,revenue_variance_pct,0.0099
Nov,2023,Sales,Sales Ops,actual_expense,69000
Nov,2023,Sales,Sales Ops,budget_expense,65000
Nov,2023,Sales,Sales Ops,forecast_expense,66000
Nov,2023,Sales,Sales Ops,expense_variance,4000
Nov,2023,Sales,Sales Ops,expense_variance_pct,0.0615
Nov,2023,Sales,Sales Ops,gross_margin,33000
Nov,2023,Sales,Sales Ops,gross_margin_pct,0.3235
Nov,2023,Sales,Sales Ops,forecast_error_revenue,0
Nov,2023,Sales,Sales Ops,forecast_accuracy_revenue_pct,1.0000
Nov,2023,Sales,Sales Ops,forecast_error_expense,3000
Nov,2023,Sales,Sales Ops,forecast_accuracy_expense_pct,0.9545
Nov,2023,Sales,Sales Ops,variance_driver_rate,N/A
Nov,2023,Sales,Sales Ops,variance_driver_volume,N/A

Nov,2023,Marketing,Digital,actual_revenue,182000
Nov,2023,Marketing,Digital,budget_revenue,177000
Nov,2023,Marketing,Digital,forecast_revenue,180000
Nov,2023,Marketing,Digital,revenue_variance,5000
Nov,2023,Marketing,Digital,revenue_variance_pct,0.0282
Nov,2023,Marketing,Digital,actual_expense,146000
Nov,2023,Marketing,Digital,budget_expense,141000
Nov,2023,Marketing,Digital,forecast_expense,143000
Nov,2023,Marketing,Digital,expense_variance,5000
Nov,2023,Marketing,Digital,expense_variance_pct,0.0355
Nov,2023,Marketing,Digital,gross_margin,36000
Nov,2023,Marketing,Digital,gross_margin_pct,0.1978
Nov,2023,Marketing,Digital,forecast_error_revenue,2000
Nov,2023,Marketing,Digital,forecast_accuracy_revenue_pct,0.9889
Nov,2023,Marketing,Digital,forecast_error_expense,3000
Nov,2023,Marketing,Digital,forecast_accuracy_expense_pct,0.9790
Nov,2023,Marketing,Digital,variance_driver_rate,N/A
Nov,2023,Marketing,Digital,variance_driver_volume,N/A

Nov,2023,Marketing,Events,actual_revenue,142000
Nov,2023,Marketing,Events,budget_revenue,140000
Nov,2023,Marketing,Events,forecast_revenue,141000
Nov,2023,Marketing,Events,revenue_variance,2000
Nov,2023,Marketing,Events,revenue_variance_pct,0.0143
Nov,2023,Marketing,Events,actual_expense,154000
Nov,2023,Marketing,Events,budget_expense,147000
Nov,2023,Marketing,Events,forecast_expense,150000
Nov,2023,Marketing,Events,expense_variance,7000
Nov,2023,Marketing,Events,expense_variance_pct,0.0476
Nov,2023,Marketing,Events,gross_margin,-12000
Nov,2023,Marketing,Events,gross_margin_pct,-0.0845
Nov,2023,Marketing,Events,forecast_error_revenue,1000
Nov,2023,Marketing,Events,forecast_accuracy_revenue_pct,0.9929
Nov,2023,Marketing,Events,forecast_error_expense,3000
Nov,2023,Marketing,Events,forecast_accuracy_expense_pct,0.9800
Nov,2023,Marketing,Events,variance_driver_rate,N/A
Nov,2023,Marketing,Events,variance_driver_volume,N/A

Nov,2023,Marketing,Brand,actual_revenue,107000
Nov,2023,Marketing,Brand,budget_revenue,106000
Nov,2023,Marketing,Brand,forecast_revenue,107000
Nov,2023,Marketing,Brand,revenue_variance,1000
Nov,2023,Marketing,Brand,revenue_variance_pct,0.0094
Nov,2023,Marketing,Brand,actual_expense,115000
Nov,2023,Marketing,Brand,budget_expense,111000
Nov,2023,Marketing,Brand,forecast_expense,113000
Nov,2023,Marketing,Brand,expense_variance,4000
Nov,2023,Marketing,Brand,expense_variance_pct,0.0360
Nov,2023,Marketing,Brand,gross_margin,-8000
Nov,2023,Marketing,Brand,gross_margin_pct,-0.0748
Nov,2023,Marketing,Brand,forecast_error_revenue,0
Nov,2023,Marketing,Brand,forecast_accuracy_revenue_pct,1.0000
Nov,2023,Marketing,Brand,forecast_error_expense,2000
Nov,2023,Marketing,Brand,forecast_accuracy_expense_pct,0.9823
Nov,2023,Marketing,Brand,variance_driver_rate,N/A
Nov,2023,Marketing,Brand,variance_driver_volume,N/A

Nov,2023,Customer Success,Support,actual_revenue,196000
Nov,2023,Customer Success,Support,budget_revenue,193000
Nov,2023,Customer Success,Support,forecast_revenue,195000
Nov,2023,Customer Success,Support,revenue_variance,3000
Nov,2023,Customer Success,Support,revenue_variance_pct,0.0155
Nov,2023,Customer Success,Support,actual_expense,138000
Nov,2023,Customer Success,Support,budget_expense,132000
Nov,2023,Customer Success,Support,forecast_expense,135000
Nov,2023,Customer Success,Support,expense_variance,6000
Nov,2023,Customer Success,Support,expense_variance_pct,0.0455
Nov,2023,Customer Success,Support,gross_margin,58000
Nov,2023,Customer Success,Support,gross_margin_pct,0.2969
Nov,2023,Customer Success,Support,forecast_error_revenue,1000
Nov,2023,Customer Success,Support,forecast_accuracy_revenue_pct,0.9949
Nov,2023,Customer Success,Support,forecast_error_expense,3000
Nov,2023,Customer Success,Support,forecast_accuracy_expense_pct,0.9778
Nov,2023,Customer Success,Support,variance_driver_rate,N/A
Nov,2023,Customer Success,Support,variance_driver_volume,N/A

Nov,2023,Customer Success,Onboarding,actual_revenue,168000
Nov,2023,Customer Success,Onboarding,budget_revenue,166000
Nov,2023,Customer Success,Onboarding,forecast_revenue,167000
Nov,2023,Customer Success,Onboarding,revenue_variance,2000
Nov,2023,Customer Success,Onboarding,revenue_variance_pct,0.0120
Nov,2023,Customer Success,Onboarding,actual_expense,127000
Nov,2023,Customer Success,Onboarding,budget_expense,122000
Nov,2023,Customer Success,Onboarding,forecast_expense,125000
Nov,2023,Customer Success,Onboarding,expense_variance,5000
Nov,2023,Customer Success,Onboarding,expense_variance_pct,0.0410
Nov,2023,Customer Success,Onboarding,gross_margin,41000
Nov,2023,Customer Success,Onboarding,gross_margin_pct,0.2440
Nov,2023,Customer Success,Onboarding,forecast_error_revenue,1000
Nov,2023,Customer Success,Onboarding,forecast_accuracy_revenue_pct,0.9940
Nov,2023,Customer Success,Onboarding,forecast_error_expense,2000
Nov,2023,Customer Success,Onboarding,forecast_accuracy_expense_pct,0.9840
Nov,2023,Customer Success,Onboarding,variance_driver_rate,N/A
Nov,2023,Customer Success,Onboarding,variance_driver_volume,N/A

Nov,2023,Product,Product Management,actual_revenue,N/A
Nov,2023,Product,Product Management,budget_revenue,N/A
Nov,2023,Product,Product Management,forecast_revenue,N/A
Nov,2023,Product,Product Management,revenue_variance,N/A
Nov,2023,Product,Product Management,revenue_variance_pct,N/A
Nov,2023,Product,Product Management,actual_expense,241000
Nov,2023,Product,Product Management,budget_expense,233000
Nov,2023,Product,Product Management,forecast_expense,237000
Nov,2023,Product,Product Management,expense_variance,8000
Nov,2023,Product,Product Management,expense_variance_pct,0.0345
Nov,2023,Product,Product Management,gross_margin,N/A
Nov,2023,Product,Product Management,gross_margin_pct,N/A
Nov,2023,Product,Product Management,forecast_error_expense,4000
Nov,2023,Product,Product Management,forecast_accuracy_expense_pct,0.9832
Nov,2023,Product,Product Management,variance_driver_rate,N/A
Nov,2023,Product,Product Management,variance_driver_volume,N/A

Nov,2023,Product,UX,actual_revenue,N/A
Nov,2023,Product,UX,budget_revenue,N/A
Nov,2023,Product,UX,forecast_revenue,N/A
Nov,2023,Product,UX,revenue_variance,N/A
Nov,2023,Product,UX,revenue_variance_pct,N/A
Nov,2023,Product,UX,actual_expense,156000
Nov,2023,Product,UX,budget_expense,149000
Nov,2023,Product,UX,forecast_expense,153000
Nov,2023,Product,UX,expense_variance,7000
Nov,2023,Product,UX,expense_variance_pct,0.0470
Nov,2023,Product,UX,gross_margin,N/A
Nov,2023,Product,UX,gross_margin_pct,N/A
Nov,2023,Product,UX,forecast_error_expense,4000
Nov,2023,Product,UX,forecast_accuracy_expense_pct,0.9739
Nov,2023,Product,UX,variance_driver_rate,N/A
Nov,2023,Product,UX,variance_driver_volume,N/A

Nov,2023,Engineering,Backend,actual_revenue,N/A
Nov,2023,Engineering,Backend,budget_revenue,N/A
Nov,2023,Engineering,Backend,forecast_revenue,N/A
Nov,2023,Engineering,Backend,revenue_variance,N/A
Nov,2023,Engineering,Backend,revenue_variance_pct,N/A
Nov,2023,Engineering,Backend,actual_expense,339000
Nov,2023,Engineering,Backend,budget_expense,324000
Nov,2023,Engineering,Backend,forecast_expense,332000
Nov,2023,Engineering,Backend,expense_variance,15000
Nov,2023,Engineering,Backend,expense_variance_pct,0.0463
Nov,2023,Engineering,Backend,gross_margin,N/A
Nov,2023,Engineering,Backend,gross_margin_pct,N/A
Nov,2023,Engineering,Backend,forecast_error_expense,8000
Nov,2023,Engineering,Backend,forecast_accuracy_expense_pct,0.9759
Nov,2023,Engineering,Backend,variance_driver_rate,N/A
Nov,2023,Engineering,Backend,variance_driver_volume,N/A

Nov,2023,Engineering,Frontend,actual_revenue,N/A
Nov,2023,Engineering,Frontend,budget_revenue,N/A
Nov,2023,Engineering,Frontend,forecast_revenue,N/A
Nov,2023,Engineering,Frontend,revenue_variance,N/A
Nov,2023,Engineering,Frontend,revenue_variance_pct,N/A
Nov,2023,Engineering,Frontend,actual_expense,289000
Nov,2023,Engineering,Frontend,budget_expense,278000
Nov,2023,Engineering,Frontend,forecast_expense,283000
Nov,2023,Engineering,Frontend,expense_variance,11000
Nov,2023,Engineering,Frontend,expense_variance_pct,0.0396
Nov,2023,Engineering,Frontend,gross_margin,N/A
Nov,2023,Engineering,Frontend,gross_margin_pct,N/A
Nov,2023,Engineering,Frontend,forecast_error_expense,5000
Nov,2023,Engineering,Frontend,forecast_accuracy_expense_pct,0.9820
Nov,2023,Engineering,Frontend,variance_driver_rate,N/A
Nov,2023,Engineering,Frontend,variance_driver_volume,N/A

Nov,2023,Engineering,DevOps,actual_revenue,N/A
Nov,2023,Engineering,DevOps,budget_revenue,N/A
Nov,2023,Engineering,DevOps,forecast_revenue,N/A
Nov,2023,Engineering,DevOps,revenue_variance,N/A
Nov,2023,Engineering,DevOps,revenue_variance_pct,N/A
Nov,2023,Engineering,DevOps,actual_expense,259000
Nov,2023,Engineering,DevOps,budget_expense,248000
Nov,2023,Engineering,DevOps,forecast_expense,253000
Nov,2023,Engineering,DevOps,expense_variance,11000
Nov,2023,Engineering,DevOps,expense_variance_pct,0.0444
Nov,2023,Engineering,DevOps,gross_margin,N/A
Nov,2023,Engineering,DevOps,gross_margin_pct,N/A
Nov,2023,Engineering,DevOps,forecast_error_expense,5000
Nov,2023,Engineering,DevOps,forecast_accuracy_expense_pct,0.9802
Nov,2023,Engineering,DevOps,variance_driver_rate,N/A
Nov,2023,Engineering,DevOps,variance_driver_volume,N/A

Nov,2023,G&A,HR,actual_revenue,N/A
Nov,2023,G&A,HR,budget_revenue,N/A
Nov,2023,G&A,HR,forecast_revenue,N/A
Nov,2023,G&A,HR,revenue_variance,N/A
Nov,2023,G&A,HR,revenue_variance_pct,N/A
Nov,2023,G&A,HR,actual_expense,121000

Dec,2023,Sales,Field Sales,actual_revenue,520000
Dec,2023,Sales,Field Sales,budget_revenue,510000
Dec,2023,Sales,Field Sales,forecast_revenue,515000
Dec,2023,Sales,Field Sales,revenue_variance,10000
Dec,2023,Sales,Field Sales,revenue_variance_pct,0.0196
Dec,2023,Sales,Field Sales,actual_expense,215000
Dec,2023,Sales,Field Sales,budget_expense,205000
Dec,2023,Sales,Field Sales,forecast_expense,210000
Dec,2023,Sales,Field Sales,expense_variance,10000
Dec,2023,Sales,Field Sales,expense_variance_pct,0.0488
Dec,2023,Sales,Field Sales,gross_margin,305000
Dec,2023,Sales,Field Sales,gross_margin_pct,0.5865
Dec,2023,Sales,Field Sales,forecast_error_revenue,5000
Dec,2023,Sales,Field Sales,forecast_accuracy_revenue_pct,0.9903
Dec,2023,Sales,Field Sales,forecast_error_expense,5000
Dec,2023,Sales,Field Sales,forecast_accuracy_expense_pct,0.9762
Dec,2023,Sales,Field Sales,variance_driver_rate,N/A
Dec,2023,Sales,Field Sales,variance_driver_volume,N/A

Dec,2023,Sales,Inside Sales,actual_revenue,370000
Dec,2023,Sales,Inside Sales,budget_revenue,365000
Dec,2023,Sales,Inside Sales,forecast_revenue,368000
Dec,2023,Sales,Inside Sales,revenue_variance,5000
Dec,2023,Sales,Inside Sales,revenue_variance_pct,0.0137
Dec,2023,Sales,Inside Sales,actual_expense,136000
Dec,2023,Sales,Inside Sales,budget_expense,132000
Dec,2023,Sales,Inside Sales,forecast_expense,134000
Dec,2023,Sales,Inside Sales,expense_variance,4000
Dec,2023,Sales,Inside Sales,expense_variance_pct,0.0303
Dec,2023,Sales,Inside Sales,gross_margin,234000
Dec,2023,Sales,Inside Sales,gross_margin_pct,0.6324
Dec,2023,Sales,Inside Sales,forecast_error_revenue,2000
Dec,2023,Sales,Inside Sales,forecast_accuracy_revenue_pct,0.9946
Dec,2023,Sales,Inside Sales,forecast_error_expense,2000
Dec,2023,Sales,Inside Sales,forecast_accuracy_expense_pct,0.9851
Dec,2023,Sales,Inside Sales,variance_driver_rate,N/A
Dec,2023,Sales,Inside Sales,variance_driver_volume,N/A

Dec,2023,Sales,Sales Ops,actual_revenue,103000
Dec,2023,Sales,Sales Ops,budget_revenue,102000
Dec,2023,Sales,Sales Ops,forecast_revenue,103000
Dec,2023,Sales,Sales Ops,revenue_variance,1000
Dec,2023,Sales,Sales Ops,revenue_variance_pct,0.0098
Dec,2023,Sales,Sales Ops,actual_expense,69500
Dec,2023,Sales,Sales Ops,budget_expense,65500
Dec,2023,Sales,Sales Ops,forecast_expense,66500
Dec,2023,Sales,Sales Ops,expense_variance,4000
Dec,2023,Sales,Sales Ops,expense_variance_pct,0.0611
Dec,2023,Sales,Sales Ops,gross_margin,33500
Dec,2023,Sales,Sales Ops,gross_margin_pct,0.3252
Dec,2023,Sales,Sales Ops,forecast_error_revenue,0
Dec,2023,Sales,Sales Ops,forecast_accuracy_revenue_pct,1.0000
Dec,2023,Sales,Sales Ops,forecast_error_expense,3000
Dec,2023,Sales,Sales Ops,forecast_accuracy_expense_pct,0.9549
Dec,2023,Sales,Sales Ops,variance_driver_rate,N/A
Dec,2023,Sales,Sales Ops,variance_driver_volume,N/A

Dec,2023,Marketing,Digital,actual_revenue,185000
Dec,2023,Marketing,Digital,budget_revenue,180000
Dec,2023,Marketing,Digital,forecast_revenue,183000
Dec,2023,Marketing,Digital,revenue_variance,5000
Dec,2023,Marketing,Digital,revenue_variance_pct,0.0278
Dec,2023,Marketing,Digital,actual_expense,147000
Dec,2023,Marketing,Digital,budget_expense,142000
Dec,2023,Marketing,Digital,forecast_expense,144000
Dec,2023,Marketing,Digital,expense_variance,5000
Dec,2023,Marketing,Digital,expense_variance_pct,0.0352
Dec,2023,Marketing,Digital,gross_margin,38000
Dec,2023,Marketing,Digital,gross_margin_pct,0.2054
Dec,2023,Marketing,Digital,forecast_error_revenue,2000
Dec,2023,Marketing,Digital,forecast_accuracy_revenue_pct,0.9891
Dec,2023,Marketing,Digital,forecast_error_expense,3000
Dec,2023,Marketing,Digital,forecast_accuracy_expense_pct,0.9792
Dec,2023,Marketing,Digital,variance_driver_rate,N/A
Dec,2023,Marketing,Digital,variance_driver_volume,N/A

Dec,2023,Marketing,Events,actual_revenue,144000
Dec,2023,Marketing,Events,budget_revenue,142000
Dec,2023,Marketing,Events,forecast_revenue,143000
Dec,2023,Marketing,Events,revenue_variance,2000
Dec,2023,Marketing,Events,revenue_variance_pct,0.0141
Dec,2023,Marketing,Events,actual_expense,155000
Dec,2023,Marketing,Events,budget_expense,148000
Dec,2023,Marketing,Events,forecast_expense,151000
Dec,2023,Marketing,Events,expense_variance,7000
Dec,2023,Marketing,Events,expense_variance_pct,0.0473
Dec,2023,Marketing,Events,gross_margin,-11000
Dec,2023,Marketing,Events,gross_margin_pct,-0.0764
Dec,2023,Marketing,Events,forecast_error_revenue,1000
Dec,2023,Marketing,Events,forecast_accuracy_revenue_pct,0.9930
Dec,2023,Marketing,Events,forecast_error_expense,3000
Dec,2023,Marketing,Events,forecast_accuracy_expense_pct,0.9801
Dec,2023,Marketing,Events,variance_driver_rate,N/A
Dec,2023,Marketing,Events,variance_driver_volume,N/A

Dec,2023,Marketing,Brand,actual_revenue,108000
Dec,2023,Marketing,Brand,budget_revenue,107000
Dec,2023,Marketing,Brand,forecast_revenue,108000
Dec,2023,Marketing,Brand,revenue_variance,1000
Dec,2023,Marketing,Brand,revenue_variance_pct,0.0093
Dec,2023,Marketing,Brand,actual_expense,116000
Dec,2023,Marketing,Brand,budget_expense,112000
Dec,2023,Marketing,Brand,forecast_expense,114000
Dec,2023,Marketing,Brand,expense_variance,4000
Dec,2023,Marketing,Brand,expense_variance_pct,0.0357
Dec,2023,Marketing,Brand,gross_margin,-8000
Dec,2023,Marketing,Brand,gross_margin_pct,-0.0741
Dec,2023,Marketing,Brand,forecast_error_revenue,0
Dec,2023,Marketing,Brand,forecast_accuracy_revenue_pct,1.0000
Dec,2023,Marketing,Brand,forecast_error_expense,2000
Dec,2023,Marketing,Brand,forecast_accuracy_expense_pct,0.9825
Dec,2023,Marketing,Brand,variance_driver_rate,N/A
Dec,2023,Marketing,Brand,variance_driver_volume,N/A

Dec,2023,Customer Success,Support,actual_revenue,198000
Dec,2023,Customer Success,Support,budget_revenue,195000
Dec,2023,Customer Success,Support,forecast_revenue,197000
Dec,2023,Customer Success,Support,revenue_variance,3000
Dec,2023,Customer Success,Support,revenue_variance_pct,0.0154
Dec,2023,Customer Success,Support,actual_expense,139000
Dec,2023,Customer Success,Support,budget_expense,133000
Dec,2023,Customer Success,Support,forecast_expense,136000
Dec,2023,Customer Success,Support,expense_variance,6000
Dec,2023,Customer Success,Support,expense_variance_pct,0.0451
Dec,2023,Customer Success,Support,gross_margin,59000
Dec,2023,Customer Success,Support,gross_margin_pct,0.2970
Dec,2023,Customer Success,Support,forecast_error_revenue,1000
Dec,2023,Customer Success,Support,forecast_accuracy_revenue_pct,0.9950
Dec,2023,Customer Success,Support,forecast_error_expense,3000
Dec,2023,Customer Success,Support,forecast_accuracy_expense_pct,0.9780
Dec,2023,Customer Success,Support,variance_driver_rate,N/A
Dec,2023,Customer Success,Support,variance_driver_volume,N/A

Dec,2023,Customer Success,Onboarding,actual_revenue,170000
Dec,2023,Customer Success,Onboarding,budget_revenue,168000
Dec,2023,Customer Success,Onboarding,forecast_revenue,169000
Dec,2023,Customer Success,Onboarding,revenue_variance,2000
Dec,2023,Customer Success,Onboarding,revenue_variance_pct,0.0119
Dec,2023,Customer Success,Onboarding,actual_expense,128000
Dec,2023,Customer Success,Onboarding,budget_expense,123000
Dec,2023,Customer Success,Onboarding,forecast_expense,126000
Dec,2023,Customer Success,Onboarding,expense_variance,5000
Dec,2023,Customer Success,Onboarding,expense_variance_pct,0.0407
Dec,2023,Customer Success,Onboarding,gross_margin,42000
Dec,2023,Customer Success,Onboarding,gross_margin_pct,0.2471
Dec,2023,Customer Success,Onboarding,forecast_error_revenue,1000
Dec,2023,Customer Success,Onboarding,forecast_accuracy_revenue_pct,0.9941
Dec,2023,Customer Success,Onboarding,forecast_error_expense,2000
Dec,2023,Customer Success,Onboarding,forecast_accuracy_expense_pct,0.9841
Dec,2023,Customer Success,Onboarding,variance_driver_rate,N/A
Dec,2023,Customer Success,Onboarding,variance_driver_volume,N/A

Dec,2023,Product,Product Management,actual_revenue,N/A
Dec,2023,Product,Product Management,budget_revenue,N/A
Dec,2023,Product,Product Management,forecast_revenue,N/A
Dec,2023,Product,Product Management,revenue_variance,N/A
Dec,2023,Product,Product Management,revenue_variance_pct,N/A
Dec,2023,Product,Product Management,actual_expense,243000
Dec,2023,Product,Product Management,budget_expense,235000
Dec,2023,Product,Product Management,forecast_expense,239000
Dec,2023,Product,Product Management,expense_variance,8000
Dec,2023,Product,Product Management,expense_variance_pct,0.0340
Dec,2023,Product,Product Management,gross_margin,N/A
Dec,2023,Product,Product Management,gross_margin_pct,N/A
Dec,2023,Product,Product Management,forecast_error_expense,4000
Dec,2023,Product,Product Management,forecast_accuracy_expense_pct,0.9833
Dec,2023,Product,Product Management,variance_driver_rate,N/A
Dec,2023,Product,Product Management,variance_driver_volume,N/A

Dec,2023,Product,UX,actual_revenue,N/A
Dec,2023,Product,UX,budget_revenue,N/A
Dec,2023,Product,UX,forecast_revenue,N/A
Dec,2023,Product,UX,revenue_variance,N/A
Dec,2023,Product,UX,revenue_variance_pct,N/A
Dec,2023,Product,UX,actual_expense,157000
Dec,2023,Product,UX,budget_expense,150000
Dec,2023,Product,UX,forecast_expense,154000
Dec,2023,Product,UX,expense_variance,7000
Dec,2023,Product,UX,expense_variance_pct,0.0467
Dec,2023,Product,UX,gross_margin,N/A
Dec,2023,Product,UX,gross_margin_pct,N/A
Dec,2023,Product,UX,forecast_error_expense,4000
Dec,2023,Product,UX,forecast_accuracy_expense_pct,0.9740
Dec,2023,Product,UX,variance_driver_rate,N/A
Dec,2023,Product,UX,variance_driver_volume,N/A

Dec,2023,Engineering,Backend,actual_revenue,N/A
Dec,2023,Engineering,Backend,budget_revenue,N/A
Dec,2023,Engineering,Backend,forecast_revenue,N/A
Dec,2023,Engineering,Backend,revenue_variance,N/A
Dec,2023,Engineering,Backend,revenue_variance_pct,N/A
Dec,2023,Engineering,Backend,actual_expense,341000
Dec,2023,Engineering,Backend,budget_expense,326000
Dec,2023,Engineering,Backend,forecast_expense,334000
Dec,2023,Engineering,Backend,expense_variance,15000
Dec,2023,Engineering,Backend,expense_variance_pct,0.0460
Dec,2023,Engineering,Backend,gross_margin,N/A
Dec,2023,Engineering,Backend,gross_margin_pct,N/A
Dec,2023,Engineering,Backend,forecast_error_expense,8000
Dec,2023,Engineering,Backend,forecast_accuracy_expense_pct,0.9760
Dec,2023,Engineering,Backend,variance_driver_rate,N/A
Dec,2023,Engineering,Backend,variance_driver_volume,N/A

Dec,2023,Engineering,Frontend,actual_revenue,N/A
Dec,2023,Engineering,Frontend,budget_revenue,N/A
Dec,2023,Engineering,Frontend,forecast_revenue,N/A
Dec,2023,Engineering,Frontend,revenue_variance,N/A
Dec,2023,Engineering,Frontend,revenue_variance_pct,N/A
Dec,2023,Engineering,Frontend,actual_expense,291000
Dec,2023,Engineering,Frontend,budget_expense,280000
Dec,2023,Engineering,Frontend,forecast_expense,285000
Dec,2023,Engineering,Frontend,expense_variance,11000
Dec,2023,Engineering,Frontend,expense_variance_pct,0.0393
Dec,2023,Engineering,Frontend,gross_margin,N/A
Dec,2023,Engineering,Frontend,gross_margin_pct,N/A
Dec,2023,Engineering,Frontend,forecast_error_expense,5000
Dec,2023,Engineering,Frontend,forecast_accuracy_expense_pct,0.9822
Dec,2023,Engineering,Frontend,variance_driver_rate,N/A
Dec,2023,Engineering,Frontend,variance_driver_volume,N/A

Dec,2023,Engineering,DevOps,actual_revenue,N/A
Dec,2023,Engineering,DevOps,budget_revenue,N/A
Dec,2023,Engineering,DevOps,forecast_revenue,N/A
Dec,2023,Engineering,DevOps,revenue_variance,N/A
Dec,2023,Engineering,DevOps,revenue_variance_pct,N/A
Dec,2023,Engineering,DevOps,actual_expense,261000
Dec,2023,Engineering,DevOps,budget_expense,250000
Dec,2023,Engineering,DevOps,forecast_expense,255000
Dec,2023,Engineering,DevOps,expense_variance,11000
Dec,2023,Engineering,DevOps,expense_variance_pct,0.0440
Dec,2023,Engineering,DevOps,gross_margin,N/A
Dec,2023,Engineering,DevOps,gross_margin_pct,N/A
Dec,2023,Engineering,DevOps,forecast_error_expense,5000
Dec,2023,Engineering,DevOps,forecast_accuracy_expense_pct,0.9804
Dec,2023,Engineering,DevOps,variance_driver_rate,N/A
Dec,2023,Engineering,DevOps,variance_driver_volume,N/A

Dec,2023,G&A,HR,actual_revenue,N/A
Dec,2023,G&A,HR,budget_revenue,N/A
Dec,2023,G&A,HR,forecast_revenue,N/A
Dec,2023,G&A,HR,revenue_variance,N/A
Dec,2023,G&A,HR,revenue_variance_pct,N/A
Dec,2023,G&A,HR,actual_expense,122000
Dec,2023,G&A,HR,budget_expense,118000
Dec,2023,G&A,HR,forecast_expense,120000
Dec,2023,G&A,HR,expense_variance,4000
Dec,2023,G&A,HR,expense_variance_pct,0

Jan,2024,Sales,Field Sales,actual_revenue,525000
Jan,2024,Sales,Field Sales,budget_revenue,515000
Jan,2024,Sales,Field Sales,forecast_revenue,520000
Jan,2024,Sales,Field Sales,revenue_variance,10000
Jan,2024,Sales,Field Sales,revenue_variance_pct,0.0194
Jan,2024,Sales,Field Sales,actual_expense,218000
Jan,2024,Sales,Field Sales,budget_expense,208000
Jan,2024,Sales,Field Sales,forecast_expense,213000
Jan,2024,Sales,Field Sales,expense_variance,10000
Jan,2024,Sales,Field Sales,expense_variance_pct,0.0481
Jan,2024,Sales,Field Sales,gross_margin,307000
Jan,2024,Sales,Field Sales,gross_margin_pct,0.5848
Jan,2024,Sales,Field Sales,forecast_error_revenue,5000
Jan,2024,Sales,Field Sales,forecast_accuracy_revenue_pct,0.9904
Jan,2024,Sales,Field Sales,forecast_error_expense,5000
Jan,2024,Sales,Field Sales,forecast_accuracy_expense_pct,0.9765
Jan,2024,Sales,Field Sales,variance_driver_rate,N/A
Jan,2024,Sales,Field Sales,variance_driver_volume,N/A

Jan,2024,Sales,Inside Sales,actual_revenue,375000
Jan,2024,Sales,Inside Sales,budget_revenue,370000
Jan,2024,Sales,Inside Sales,forecast_revenue,373000
Jan,2024,Sales,Inside Sales,revenue_variance,5000
Jan,2024,Sales,Inside Sales,revenue_variance_pct,0.0135
Jan,2024,Sales,Inside Sales,actual_expense,137000
Jan,2024,Sales,Inside Sales,budget_expense,133000
Jan,2024,Sales,Inside Sales,forecast_expense,135000
Jan,2024,Sales,Inside Sales,expense_variance,4000
Jan,2024,Sales,Inside Sales,expense_variance_pct,0.0301
Jan,2024,Sales,Inside Sales,gross_margin,238000
Jan,2024,Sales,Inside Sales,gross_margin_pct,0.6347
Jan,2024,Sales,Inside Sales,forecast_error_revenue,2000
Jan,2024,Sales,Inside Sales,forecast_accuracy_revenue_pct,0.9946
Jan,2024,Sales,Inside Sales,forecast_error_expense,2000
Jan,2024,Sales,Inside Sales,forecast_accuracy_expense_pct,0.9852
Jan,2024,Sales,Inside Sales,variance_driver_rate,N/A
Jan,2024,Sales,Inside Sales,variance_driver_volume,N/A

Jan,2024,Sales,Sales Ops,actual_revenue,104000
Jan,2024,Sales,Sales Ops,budget_revenue,103000
Jan,2024,Sales,Sales Ops,forecast_revenue,104000
Jan,2024,Sales,Sales Ops,revenue_variance,1000
Jan,2024,Sales,Sales Ops,revenue_variance_pct,0.0097
Jan,2024,Sales,Sales Ops,actual_expense,70000
Jan,2024,Sales,Sales Ops,budget_expense,66000
Jan,2024,Sales,Sales Ops,forecast_expense,67000
Jan,2024,Sales,Sales Ops,expense_variance,4000
Jan,2024,Sales,Sales Ops,expense_variance_pct,0.0606
Jan,2024,Sales,Sales Ops,gross_margin,34000
Jan,2024,Sales,Sales Ops,gross_margin_pct,0.3269
Jan,2024,Sales,Sales Ops,forecast_error_revenue,0
Jan,2024,Sales,Sales Ops,forecast_accuracy_revenue_pct,1.0000
Jan,2024,Sales,Sales Ops,forecast_error_expense,3000
Jan,2024,Sales,Sales Ops,forecast_accuracy_expense_pct,0.9552
Jan,2024,Sales,Sales Ops,variance_driver_rate,N/A
Jan,2024,Sales,Sales Ops,variance_driver_volume,N/A

Jan,2024,Marketing,Digital,actual_revenue,188000
Jan,2024,Marketing,Digital,budget_revenue,183000
Jan,2024,Marketing,Digital,forecast_revenue,186000
Jan,2024,Marketing,Digital,revenue_variance,5000
Jan,2024,Marketing,Digital,revenue_variance_pct,0.0273
Jan,2024,Marketing,Digital,actual_expense,148000
Jan,2024,Marketing,Digital,budget_expense,143000
Jan,2024,Marketing,Digital,forecast_expense,145000
Jan,2024,Marketing,Digital,expense_variance,5000
Jan,2024,Marketing,Digital,expense_variance_pct,0.0350
Jan,2024,Marketing,Digital,gross_margin,40000
Jan,2024,Marketing,Digital,gross_margin_pct,0.2128
Jan,2024,Marketing,Digital,forecast_error_revenue,2000
Jan,2024,Marketing,Digital,forecast_accuracy_revenue_pct,0.9892
Jan,2024,Marketing,Digital,forecast_error_expense,3000
Jan,2024,Marketing,Digital,forecast_accuracy_expense_pct,0.9793
Jan,2024,Marketing,Digital,variance_driver_rate,N/A
Jan,2024,Marketing,Digital,variance_driver_volume,N/A

Jan,2024,Marketing,Events,actual_revenue,146000
Jan,2024,Marketing,Events,budget_revenue,144000
Jan,2024,Marketing,Events,forecast_revenue,145000
Jan,2024,Marketing,Events,revenue_variance,2000
Jan,2024,Marketing,Events,revenue_variance_pct,0.0139
Jan,2024,Marketing,Events,actual_expense,156000
Jan,2024,Marketing,Events,budget_expense,149000
Jan,2024,Marketing,Events,forecast_expense,152000
Jan,2024,Marketing,Events,expense_variance,7000
Jan,2024,Marketing,Events,expense_variance_pct,0.0470
Jan,2024,Marketing,Events,gross_margin,-10000
Jan,2024,Marketing,Events,gross_margin_pct,-0.0685
Jan,2024,Marketing,Events,forecast_error_revenue,1000
Jan,2024,Marketing,Events,forecast_accuracy_revenue_pct,0.9931
Jan,2024,Marketing,Events,forecast_error_expense,3000
Jan,2024,Marketing,Events,forecast_accuracy_expense_pct,0.9803
Jan,2024,Marketing,Events,variance_driver_rate,N/A
Jan,2024,Marketing,Events,variance_driver_volume,N/A

Jan,2024,Marketing,Brand,actual_revenue,109000
Jan,2024,Marketing,Brand,budget_revenue,108000
Jan,2024,Marketing,Brand,forecast_revenue,109000
Jan,2024,Marketing,Brand,revenue_variance,1000
Jan,2024,Marketing,Brand,revenue_variance_pct,0.0093
Jan,2024,Marketing,Brand,actual_expense,117000
Jan,2024,Marketing,Brand,budget_expense,113000
Jan,2024,Marketing,Brand,forecast_expense,115000
Jan,2024,Marketing,Brand,expense_variance,4000
Jan,2024,Marketing,Brand,expense_variance_pct,0.0354
Jan,2024,Marketing,Brand,gross_margin,-8000
Jan,2024,Marketing,Brand,gross_margin_pct,-0.0734
Jan,2024,Marketing,Brand,forecast_error_revenue,0
Jan,2024,Marketing,Brand,forecast_accuracy_revenue_pct,1.0000
Jan,2024,Marketing,Brand,forecast_error_expense,2000
Jan,2024,Marketing,Brand,forecast_accuracy_expense_pct,0.9826
Jan,2024,Marketing,Brand,variance_driver_rate,N/A
Jan,2024,Marketing,Brand,variance_driver_volume,N/A

Jan,2024,Customer Success,Support,actual_revenue,200000
Jan,2024,Customer Success,Support,budget_revenue,197000
Jan,2024,Customer Success,Support,forecast_revenue,199000
Jan,2024,Customer Success,Support,revenue_variance,3000
Jan,2024,Customer Success,Support,revenue_variance_pct,0.0152
Jan,2024,Customer Success,Support,actual_expense,140000
Jan,2024,Customer Success,Support,budget_expense,134000
Jan,2024,Customer Success,Support,forecast_expense,137000
Jan,2024,Customer Success,Support,expense_variance,6000
Jan,2024,Customer Success,Support,expense_variance_pct,0.0448
Jan,2024,Customer Success,Support,gross_margin,60000
Jan,2024,Customer Success,Support,gross_margin_pct,0.3000
Jan,2024,Customer Success,Support,forecast_error_revenue,1000
Jan,2024,Customer Success,Support,forecast_accuracy_revenue_pct,0.9950
Jan,2024,Customer Success,Support,forecast_error_expense,3000
Jan,2024,Customer Success,Support,forecast_accuracy_expense_pct,0.9782
Jan,2024,Customer Success,Support,variance_driver_rate,N/A
Jan,2024,Customer Success,Support,variance_driver_volume,N/A

Jan,2024,Customer Success,Onboarding,actual_revenue,172000
Jan,2024,Customer Success,Onboarding,budget_revenue,170000
Jan,2024,Customer Success,Onboarding,forecast_revenue,171000
Jan,2024,Customer Success,Onboarding,revenue_variance,2000
Jan,2024,Customer Success,Onboarding,revenue_variance_pct,0.0118
Jan,2024,Customer Success,Onboarding,actual_expense,129000
Jan,2024,Customer Success,Onboarding,budget_expense,124000
Jan,2024,Customer Success,Onboarding,forecast_expense,127000
Jan,2024,Customer Success,Onboarding,expense_variance,5000
Jan,2024,Customer Success,Onboarding,expense_variance_pct,0.0403
Jan,2024,Customer Success,Onboarding,gross_margin,43000
Jan,2024,Customer Success,Onboarding,gross_margin_pct,0.2500
Jan,2024,Customer Success,Onboarding,forecast_error_revenue,1000
Jan,2024,Customer Success,Onboarding,forecast_accuracy_revenue_pct,0.9942
Jan,2024,Customer Success,Onboarding,forecast_error_expense,2000
Jan,2024,Customer Success,Onboarding,forecast_accuracy_expense_pct,0.9843
Jan,2024,Customer Success,Onboarding,variance_driver_rate,N/A
Jan,2024,Customer Success,Onboarding,variance_driver_volume,N/A

Jan,2024,Product,Product Management,actual_revenue,N/A
Jan,2024,Product,Product Management,budget_revenue,N/A
Jan,2024,Product,Product Management,forecast_revenue,N/A
Jan,2024,Product,Product Management,revenue_variance,N/A
Jan,2024,Product,Product Management,revenue_variance_pct,N/A
Jan,2024,Product,Product Management,actual_expense,245000
Jan,2024,Product,Product Management,budget_expense,237000
Jan,2024,Product,Product Management,forecast_expense,241000
Jan,2024,Product,Product Management,expense_variance,8000
Jan,2024,Product,Product Management,expense_variance_pct,0.0338
Jan,2024,Product,Product Management,gross_margin,N/A
Jan,2024,Product,Product Management,gross_margin_pct,N/A
Jan,2024,Product,Product Management,forecast_error_expense,4000
Jan,2024,Product,Product Management,forecast_accuracy_expense_pct,0.9834
Jan,2024,Product,Product Management,variance_driver_rate,N/A
Jan,2024,Product,Product Management,variance_driver_volume,N/A

Jan,2024,Product,UX,actual_revenue,N/A
Jan,2024,Product,UX,budget_revenue,N/A
Jan,2024,Product,UX,forecast_revenue,N/A
Jan,2024,Product,UX,revenue_variance,N/A
Jan,2024,Product,UX,revenue_variance_pct,N/A
Jan,2024,Product,UX,actual_expense,158000
Jan,2024,Product,UX,budget_expense,151000
Jan,2024,Product,UX,forecast_expense,155000
Jan,2024,Product,UX,expense_variance,7000
Jan,2024,Product,UX,expense_variance_pct,0.0464
Jan,2024,Product,UX,gross_margin,N/A
Jan,2024,Product,UX,gross_margin_pct,N/A
Jan,2024,Product,UX,forecast_error_expense,4000
Jan,2024,Product,UX,forecast_accuracy_expense_pct,0.9742
Jan,2024,Product,UX,variance_driver_rate,N/A
Jan,2024,Product,UX,variance_driver_volume,N/A

Jan,2024,Engineering,Backend,actual_revenue,N/A
Jan,2024,Engineering,Backend,budget_revenue,N/A
Jan,2024,Engineering,Backend,forecast_revenue,N/A
Jan,2024,Engineering,Backend,revenue_variance,N/A
Jan,2024,Engineering,Backend,revenue_variance_pct,N/A
Jan,2024,Engineering,Backend,actual_expense,343000
Jan,2024,Engineering,Backend,budget_expense,328000
Jan,2024,Engineering,Backend,forecast_expense,336000
Jan,2024,Engineering,Backend,expense_variance,15000
Jan,2024,Engineering,Backend,expense_variance_pct,0.0457
Jan,2024,Engineering,Backend,gross_margin,N/A
Jan,2024,Engineering,Backend,gross_margin_pct,N/A
Jan,2024,Engineering,Backend,forecast_error_expense,8000
Jan,2024,Engineering,Backend,forecast_accuracy_expense_pct,0.9762
Jan,2024,Engineering,Backend,variance_driver_rate,N/A
Jan,2024,Engineering,Backend,variance_driver_volume,N/A

Jan,2024,Engineering,Frontend,actual_revenue,N/A
Jan,2024,Engineering,Frontend,budget_revenue,N/A
Jan,2024,Engineering,Frontend,forecast_revenue,N/A
Jan,2024,Engineering,Frontend,revenue_variance,N/A
Jan,2024,Engineering,Frontend,revenue_variance_pct,N/A
Jan,2024,Engineering,Frontend,actual_expense,293000
Jan,2024,Engineering,Frontend,budget_expense,282000
Jan,2024,Engineering,Frontend,forecast_expense,287000
Jan,2024,Engineering,Frontend,expense_variance,11000
Jan,2024,Engineering,Frontend,expense_variance_pct,0.0390
Jan,2024,Engineering,Frontend,gross_margin,N/A
Jan,2024,Engineering,Frontend,gross_margin_pct,N/A
Jan,2024,Engineering,Frontend,forecast_error_expense,5000
Jan,2024,Engineering,Frontend,forecast_accuracy_expense_pct,0.9824
Jan,2024,Engineering,Frontend,variance_driver_rate,N/A
Jan,2024,Engineering,Frontend,variance_driver_volume,N/A

Jan,2024,Engineering,DevOps,actual_revenue,N/A
Jan,2024,Engineering,DevOps,budget_revenue,N/A
Jan,2024,Engineering,DevOps,forecast_revenue,N/A
Jan,2024,Engineering,DevOps,revenue_variance,N/A
Jan,2024,Engineering,DevOps,revenue_variance_pct,N/A
Jan,2024,Engineering,DevOps,actual_expense,263000
Jan,2024,Engineering,DevOps,budget_expense,252000
Jan,2024,Engineering,DevOps,forecast_expense,257000
Jan,2024,Engineering,DevOps,expense_variance,11000
Jan,2024,Engineering,DevOps,expense_variance_pct,0.0437
Jan,2024,Engineering,DevOps,gross_margin,N/A
Jan,2024,Engineering,DevOps,gross_margin_pct,N/A
Jan,2024,Engineering,DevOps,forecast_error_expense,5000
Jan,2024,Engineering,DevOps,forecast_accuracy_expense_pct,0.9805
Jan,2024,Engineering,DevOps,variance_driver_rate,N/A
Jan,2024,Engineering,DevOps,variance_driver_volume,N/A

Jan,2024,G&A,HR,actual_revenue,N/A
Jan,2024,G&A,HR,budget_revenue,N/A
Jan,2024,G&A,HR,forecast_revenue,N/A
Jan,2024,G&A,HR,revenue_variance,N/A
Jan,2024,G&A,HR,revenue_variance_pct,N/A
Jan,2024,G&A,HR,actual_expense,123000
Jan,2024,G&A,HR,budget_expense,119000
Jan,2024,G&A,HR,forecast_expense,121000
Jan,2024,G&A,HR,expense

Feb,2024,Sales,Field Sales,actual_revenue,530000
Feb,2024,Sales,Field Sales,budget_revenue,520000
Feb,2024,Sales,Field Sales,forecast_revenue,525000
Feb,2024,Sales,Field Sales,revenue_variance,10000
Feb,2024,Sales,Field Sales,revenue_variance_pct,0.0192
Feb,2024,Sales,Field Sales,actual_expense,220000
Feb,2024,Sales,Field Sales,budget_expense,210000
Feb,2024,Sales,Field Sales,forecast_expense,215000
Feb,2024,Sales,Field Sales,expense_variance,10000
Feb,2024,Sales,Field Sales,expense_variance_pct,0.0476
Feb,2024,Sales,Field Sales,gross_margin,310000
Feb,2024,Sales,Field Sales,gross_margin_pct,0.5849
Feb,2024,Sales,Field Sales,forecast_error_revenue,5000
Feb,2024,Sales,Field Sales,forecast_accuracy_revenue_pct,0.9905
Feb,2024,Sales,Field Sales,forecast_error_expense,5000
Feb,2024,Sales,Field Sales,forecast_accuracy_expense_pct,0.9767
Feb,2024,Sales,Field Sales,variance_driver_rate,N/A
Feb,2024,Sales,Field Sales,variance_driver_volume,N/A

Feb,2024,Sales,Inside Sales,actual_revenue,380000
Feb,2024,Sales,Inside Sales,budget_revenue,375000
Feb,2024,Sales,Inside Sales,forecast_revenue,378000
Feb,2024,Sales,Inside Sales,revenue_variance,5000
Feb,2024,Sales,Inside Sales,revenue_variance_pct,0.0133
Feb,2024,Sales,Inside Sales,actual_expense,138000
Feb,2024,Sales,Inside Sales,budget_expense,134000
Feb,2024,Sales,Inside Sales,forecast_expense,136000
Feb,2024,Sales,Inside Sales,expense_variance,4000
Feb,2024,Sales,Inside Sales,expense_variance_pct,0.0299
Feb,2024,Sales,Inside Sales,gross_margin,242000
Feb,2024,Sales,Inside Sales,gross_margin_pct,0.6368
Feb,2024,Sales,Inside Sales,forecast_error_revenue,2000
Feb,2024,Sales,Inside Sales,forecast_accuracy_revenue_pct,0.9947
Feb,2024,Sales,Inside Sales,forecast_error_expense,2000
Feb,2024,Sales,Inside Sales,forecast_accuracy_expense_pct,0.9853
Feb,2024,Sales,Inside Sales,variance_driver_rate,N/A
Feb,2024,Sales,Inside Sales,variance_driver_volume,N/A

Feb,2024,Sales,Sales Ops,actual_revenue,105000
Feb,2024,Sales,Sales Ops,budget_revenue,104000
Feb,2024,Sales,Sales Ops,forecast_revenue,105000
Feb,2024,Sales,Sales Ops,revenue_variance,1000
Feb,2024,Sales,Sales Ops,revenue_variance_pct,0.0096
Feb,2024,Sales,Sales Ops,actual_expense,70500
Feb,2024,Sales,Sales Ops,budget_expense,66500
Feb,2024,Sales,Sales Ops,forecast_expense,67500
Feb,2024,Sales,Sales Ops,expense_variance,4000
Feb,2024,Sales,Sales Ops,expense_variance_pct,0.0602
Feb,2024,Sales,Sales Ops,gross_margin,34500
Feb,2024,Sales,Sales Ops,gross_margin_pct,0.3286
Feb,2024,Sales,Sales Ops,forecast_error_revenue,0
Feb,2024,Sales,Sales Ops,forecast_accuracy_revenue_pct,1.0000
Feb,2024,Sales,Sales Ops,forecast_error_expense,3000
Feb,2024,Sales,Sales Ops,forecast_accuracy_expense_pct,0.9556
Feb,2024,Sales,Sales Ops,variance_driver_rate,N/A
Feb,2024,Sales,Sales Ops,variance_driver_volume,N/A

Feb,2024,Marketing,Digital,actual_revenue,190000
Feb,2024,Marketing,Digital,budget_revenue,185000
Feb,2024,Marketing,Digital,forecast_revenue,188000
Feb,2024,Marketing,Digital,revenue_variance,5000
Feb,2024,Marketing,Digital,revenue_variance_pct,0.0270
Feb,2024,Marketing,Digital,actual_expense,149000
Feb,2024,Marketing,Digital,budget_expense,144000
Feb,2024,Marketing,Digital,forecast_expense,146000
Feb,2024,Marketing,Digital,expense_variance,5000
Feb,2024,Marketing,Digital,expense_variance_pct,0.0347
Feb,2024,Marketing,Digital,gross_margin,41000
Feb,2024,Marketing,Digital,gross_margin_pct,0.2158
Feb,2024,Marketing,Digital,forecast_error_revenue,2000
Feb,2024,Marketing,Digital,forecast_accuracy_revenue_pct,0.9894
Feb,2024,Marketing,Digital,forecast_error_expense,3000
Feb,2024,Marketing,Digital,forecast_accuracy_expense_pct,0.9795
Feb,2024,Marketing,Digital,variance_driver_rate,N/A
Feb,2024,Marketing,Digital,variance_driver_volume,N/A

Feb,2024,Marketing,Events,actual_revenue,148000
Feb,2024,Marketing,Events,budget_revenue,146000
Feb,2024,Marketing,Events,forecast_revenue,147000
Feb,2024,Marketing,Events,revenue_variance,2000
Feb,2024,Marketing,Events,revenue_variance_pct,0.0137
Feb,2024,Marketing,Events,actual_expense,157000
Feb,2024,Marketing,Events,budget_expense,150000
Feb,2024,Marketing,Events,forecast_expense,153000
Feb,2024,Marketing,Events,expense_variance,7000
Feb,2024,Marketing,Events,expense_variance_pct,0.0467
Feb,2024,Marketing,Events,gross_margin,-9000
Feb,2024,Marketing,Events,gross_margin_pct,-0.0608
Feb,2024,Marketing,Events,forecast_error_revenue,1000
Feb,2024,Marketing,Events,forecast_accuracy_revenue_pct,0.9932
Feb,2024,Marketing,Events,forecast_error_expense,3000
Feb,2024,Marketing,Events,forecast_accuracy_expense_pct,0.9804
Feb,2024,Marketing,Events,variance_driver_rate,N/A
Feb,2024,Marketing,Events,variance_driver_volume,N/A

Feb,2024,Marketing,Brand,actual_revenue,110000
Feb,2024,Marketing,Brand,budget_revenue,109000
Feb,2024,Marketing,Brand,forecast_revenue,110000
Feb,2024,Marketing,Brand,revenue_variance,1000
Feb,2024,Marketing,Brand,revenue_variance_pct,0.0092
Feb,2024,Marketing,Brand,actual_expense,118000
Feb,2024,Marketing,Brand,budget_expense,114000
Feb,2024,Marketing,Brand,forecast_expense,116000
Feb,2024,Marketing,Brand,expense_variance,4000
Feb,2024,Marketing,Brand,expense_variance_pct,0.0351
Feb,2024,Marketing,Brand,gross_margin,-8000
Feb,2024,Marketing,Brand,gross_margin_pct,-0.0727
Feb,2024,Marketing,Brand,forecast_error_revenue,0
Feb,2024,Marketing,Brand,forecast_accuracy_revenue_pct,1.0000
Feb,2024,Marketing,Brand,forecast_error_expense,2000
Feb,2024,Marketing,Brand,forecast_accuracy_expense_pct,0.9828
Feb,2024,Marketing,Brand,variance_driver_rate,N/A
Feb,2024,Marketing,Brand,variance_driver_volume,N/A

Feb,2024,Customer Success,Support,actual_revenue,202000
Feb,2024,Customer Success,Support,budget_revenue,199000
Feb,2024,Customer Success,Support,forecast_revenue,201000
Feb,2024,Customer Success,Support,revenue_variance,3000
Feb,2024,Customer Success,Support,revenue_variance_pct,0.0151
Feb,2024,Customer Success,Support,actual_expense,141000
Feb,2024,Customer Success,Support,budget_expense,135000
Feb,2024,Customer Success,Support,forecast_expense,138000
Feb,2024,Customer Success,Support,expense_variance,6000
Feb,2024,Customer Success,Support,expense_variance_pct,0.0444
Feb,2024,Customer Success,Support,gross_margin,61000
Feb,2024,Customer Success,Support,gross_margin_pct,0.3020
Feb,2024,Customer Success,Support,forecast_error_revenue,1000
Feb,2024,Customer Success,Support,forecast_accuracy_revenue_pct,0.9950
Feb,2024,Customer Success,Support,forecast_error_expense,3000
Feb,2024,Customer Success,Support,forecast_accuracy_expense_pct,0.9783
Feb,2024,Customer Success,Support,variance_driver_rate,N/A
Feb,2024,Customer Success,Support,variance_driver_volume,N/A

Feb,2024,Customer Success,Onboarding,actual_revenue,174000
Feb,2024,Customer Success,Onboarding,budget_revenue,172000
Feb,2024,Customer Success,Onboarding,forecast_revenue,173000
Feb,2024,Customer Success,Onboarding,revenue_variance,2000
Feb,2024,Customer Success,Onboarding,revenue_variance_pct,0.0116
Feb,2024,Customer Success,Onboarding,actual_expense,130000
Feb,2024,Customer Success,Onboarding,budget_expense,125000
Feb,2024,Customer Success,Onboarding,forecast_expense,128000
Feb,2024,Customer Success,Onboarding,expense_variance,5000
Feb,2024,Customer Success,Onboarding,expense_variance_pct,0.0400
Feb,2024,Customer Success,Onboarding,gross_margin,44000
Feb,2024,Customer Success,Onboarding,gross_margin_pct,0.2529
Feb,2024,Customer Success,Onboarding,forecast_error_revenue,1000
Feb,2024,Customer Success,Onboarding,forecast_accuracy_revenue_pct,0.9942
Feb,2024,Customer Success,Onboarding,forecast_error_expense,2000
Feb,2024,Customer Success,Onboarding,forecast_accuracy_expense_pct,0.9844
Feb,2024,Customer Success,Onboarding,variance_driver_rate,N/A
Feb,2024,Customer Success,Onboarding,variance_driver_volume,N/A

Feb,2024,Product,Product Management,actual_revenue,N/A
Feb,2024,Product,Product Management,budget_revenue,N/A
Feb,2024,Product,Product Management,forecast_revenue,N/A
Feb,2024,Product,Product Management,revenue_variance,N/A
Feb,2024,Product,Product Management,revenue_variance_pct,N/A
Feb,2024,Product,Product Management,actual_expense,247000
Feb,2024,Product,Product Management,budget_expense,239000
Feb,2024,Product,Product Management,forecast_expense,243000
Feb,2024,Product,Product Management,expense_variance,8000
Feb,2024,Product,Product Management,expense_variance_pct,0.0335
Feb,2024,Product,Product Management,gross_margin,N/A
Feb,2024,Product,Product Management,gross_margin_pct,N/A
Feb,2024,Product,Product Management,forecast_error_expense,4000
Feb,2024,Product,Product Management,forecast_accuracy_expense_pct,0.9836
Feb,2024,Product,Product Management,variance_driver_rate,N/A
Feb,2024,Product,Product Management,variance_driver_volume,N/A

Feb,2024,Product,UX,actual_revenue,N/A
Feb,2024,Product,UX,budget_revenue,N/A
Feb,2024,Product,UX,forecast_revenue,N/A
Feb,2024,Product,UX,revenue_variance,N/A
Feb,2024,Product,UX,revenue_variance_pct,N/A
Feb,2024,Product,UX,actual_expense,159000
Feb,2024,Product,UX,budget_expense,152000
Feb,2024,Product,UX,forecast_expense,156000
Feb,2024,Product,UX,expense_variance,7000
Feb,2024,Product,UX,expense_variance_pct,0.0461
Feb,2024,Product,UX,gross_margin,N/A
Feb,2024,Product,UX,gross_margin_pct,N/A
Feb,2024,Product,UX,forecast_error_expense,4000
Feb,2024,Product,UX,forecast_accuracy_expense_pct,0.9744
Feb,2024,Product,UX,variance_driver_rate,N/A
Feb,2024,Product,UX,variance_driver_volume,N/A

Feb,2024,Engineering,Backend,actual_revenue,N/A
Feb,2024,Engineering,Backend,budget_revenue,N/A
Feb,2024,Engineering,Backend,forecast_revenue,N/A
Feb,2024,Engineering,Backend,revenue_variance,N/A
Feb,2024,Engineering,Backend,revenue_variance_pct,N/A
Feb,2024,Engineering,Backend,actual_expense,345000
Feb,2024,Engineering,Backend,budget_expense,330000
Feb,2024,Engineering,Backend,forecast_expense,338000
Feb,2024,Engineering,Backend,expense_variance,15000
Feb,2024,Engineering,Backend,expense_variance_pct,0.0455
Feb,2024,Engineering,Backend,gross_margin,N/A
Feb,2024,Engineering,Backend,gross_margin_pct,N/A
Feb,2024,Engineering,Backend,forecast_error_expense,8000
Feb,2024,Engineering,Backend,forecast_accuracy_expense_pct,0.9764
Feb,2024,Engineering,Backend,variance_driver_rate,N/A
Feb,2024,Engineering,Backend,variance_driver_volume,N/A

Feb,2024,Engineering,Frontend,actual_revenue,N/A
Feb,2024,Engineering,Frontend,budget_revenue,N/A
Feb,2024,Engineering,Frontend,forecast_revenue,N/A
Feb,2024,Engineering,Frontend,revenue_variance,N/A
Feb,2024,Engineering,Frontend,revenue_variance_pct,N/A
Feb,2024,Engineering,Frontend,actual_expense,295000
Feb,2024,Engineering,Frontend,budget_expense,284000
Feb,2024,Engineering,Frontend,forecast_expense,289000
Feb,2024,Engineering,Frontend,expense_variance,11000
Feb,2024,Engineering,Frontend,expense_variance_pct,0.0387
Feb,2024,Engineering,Frontend,gross_margin,N/A
Feb,2024,Engineering,Frontend,gross_margin_pct,N/A
Feb,2024,Engineering,Frontend,forecast_error_expense,5000
Feb,2024,Engineering,Frontend,forecast_accuracy_expense_pct,0.9827
Feb,2024,Engineering,Frontend,variance_driver_rate,N/A
Feb,2024,Engineering,Frontend,variance_driver_volume,N/A

Feb,2024,Engineering,DevOps,actual_revenue,N/A
Feb,2024,Engineering,DevOps,budget_revenue,N/A
Feb,2024,Engineering,DevOps,forecast_revenue,N/A
Feb,2024,Engineering,DevOps,revenue_variance,N/A
Feb,2024,Engineering,DevOps,revenue_variance_pct,N/A
Feb,2024,Engineering,DevOps,actual_expense,265000
Feb,2024,Engineering,DevOps,budget_expense,254000
Feb,2024,Engineering,DevOps,forecast_expense,259000
Feb,2024,Engineering,DevOps,expense_variance,11000
Feb,2024,Engineering,DevOps,expense_variance_pct,0.0433
Feb,2024,Engineering,DevOps,gross_margin,N/A
Feb,2024,Engineering,DevOps,gross_margin_pct,N/A
Feb,2024,Engineering,DevOps,forecast_error_expense,5000
Feb,2024,Engineering,DevOps,forecast_accuracy_expense_pct,0.9807
Feb,2024,Engineering,DevOps,variance_driver_rate,N/A
Feb,2024,Engineering,DevOps,variance_driver_volume,N/A

Feb,2024,G&A,HR,actual_revenue,N/A
Feb,2024,G&A,HR,budget_revenue,N/A
Feb,2024,G&A,HR,forecast_revenue,N/A
Feb,2024,G&A,HR,revenue_variance,N/A
Feb,2024,G&A,HR,revenue_variance_pct,N/A
Feb,2024,G&A,HR,actual_expense,124000
Feb,2024,G&A,HR,budget_expense,120000
Feb,2024

month,year,department,cost_center,metric,value
Mar,2024,Sales,Field Sales,actual_revenue,540000
Mar,2024,Sales,Field Sales,budget_revenue,530000
Mar,2024,Sales,Field Sales,forecast_revenue,535000
Mar,2024,Sales,Field Sales,revenue_variance,10000
Mar,2024,Sales,Field Sales,revenue_variance_pct,0.0189
Mar,2024,Sales,Field Sales,actual_expense,222000
Mar,2024,Sales,Field Sales,budget_expense,212000
Mar,2024,Sales,Field Sales,forecast_expense,217000
Mar,2024,Sales,Field Sales,expense_variance,10000
Mar,2024,Sales,Field Sales,expense_variance_pct,0.0472
Mar,2024,Sales,Field Sales,gross_margin,318000
Mar,2024,Sales,Field Sales,gross_margin_pct,0.5889
Mar,2024,Sales,Field Sales,forecast_error_revenue,5000
Mar,2024,Sales,Field Sales,forecast_accuracy_revenue_pct,0.9907
Mar,2024,Sales,Field Sales,forecast_error_expense,5000
Mar,2024,Sales,Field Sales,forecast_accuracy_expense_pct,0.9770
Mar,2024,Sales,Field Sales,variance_driver_rate,N/A
Mar,2024,Sales,Field Sales,variance_driver_volume,N/A

Mar,2024,Sales,Inside Sales,actual_revenue,385000
Mar,2024,Sales,Inside Sales,budget_revenue,380000
Mar,2024,Sales,Inside Sales,forecast_revenue,383000
Mar,2024,Sales,Inside Sales,revenue_variance,5000
Mar,2024,Sales,Inside Sales,revenue_variance_pct,0.0132
Mar,2024,Sales,Inside Sales,actual_expense,139000
Mar,2024,Sales,Inside Sales,budget_expense,135000
Mar,2024,Sales,Inside Sales,forecast_expense,137000
Mar,2024,Sales,Inside Sales,expense_variance,4000
Mar,2024,Sales,Inside Sales,expense_variance_pct,0.0296
Mar,2024,Sales,Inside Sales,gross_margin,246000
Mar,2024,Sales,Inside Sales,gross_margin_pct,0.6389
Mar,2024,Sales,Inside Sales,forecast_error_revenue,2000
Mar,2024,Sales,Inside Sales,forecast_accuracy_revenue_pct,0.9948
Mar,2024,Sales,Inside Sales,forecast_error_expense,2000
Mar,2024,Sales,Inside Sales,forecast_accuracy_expense_pct,0.9854
Mar,2024,Sales,Inside Sales,variance_driver_rate,N/A
Mar,2024,Sales,Inside Sales,variance_driver_volume,N/A

Mar,2024,Sales,Sales Ops,actual_revenue,106000
Mar,2024,Sales,Sales Ops,budget_revenue,105000
Mar,2024,Sales,Sales Ops,forecast_revenue,106000
Mar,2024,Sales,Sales Ops,revenue_variance,1000
Mar,2024,Sales,Sales Ops,revenue_variance_pct,0.0095
Mar,2024,Sales,Sales Ops,actual_expense,71000
Mar,2024,Sales,Sales Ops,budget_expense,67000
Mar,2024,Sales,Sales Ops,forecast_expense,68000
Mar,2024,Sales,Sales Ops,expense_variance,4000
Mar,2024,Sales,Sales Ops,expense_variance_pct,0.0597
Mar,2024,Sales,Sales Ops,gross_margin,35000
Mar,2024,Sales,Sales Ops,gross_margin_pct,0.3302
Mar,2024,Sales,Sales Ops,forecast_error_revenue,0
Mar,2024,Sales,Sales Ops,forecast_accuracy_revenue_pct,1.0000
Mar,2024,Sales,Sales Ops,forecast_error_expense,3000
Mar,2024,Sales,Sales Ops,forecast_accuracy_expense_pct,0.9559
Mar,2024,Sales,Sales Ops,variance_driver_rate,N/A
Mar,2024,Sales,Sales Ops,variance_driver_volume,N/A

Mar,2024,Marketing,Digital,actual_revenue,192000
Mar,2024,Marketing,Digital,budget_revenue,187000
Mar,2024,Marketing,Digital,forecast_revenue,190000
Mar,2024,Marketing,Digital,revenue_variance,5000
Mar,2024,Marketing,Digital,revenue_variance_pct,0.0267
Mar,2024,Marketing,Digital,actual_expense,150000
Mar,2024,Marketing,Digital,budget_expense,145000
Mar,2024,Marketing,Digital,forecast_expense,147000
Mar,2024,Marketing,Digital,expense_variance,5000
Mar,2024,Marketing,Digital,expense_variance_pct,0.0345
Mar,2024,Marketing,Digital,gross_margin,42000
Mar,2024,Marketing,Digital,gross_margin_pct,0.2188
Mar,2024,Marketing,Digital,forecast_error_revenue,2000
Mar,2024,Marketing,Digital,forecast_accuracy_revenue_pct,0.9895
Mar,2024,Marketing,Digital,forecast_error_expense,3000
Mar,2024,Marketing,Digital,forecast_accuracy_expense_pct,0.9796
Mar,2024,Marketing,Digital,variance_driver_rate,N/A
Mar,2024,Marketing,Digital,variance_driver_volume,N/A

Mar,2024,Marketing,Events,actual_revenue,150000
Mar,2024,Marketing,Events,budget_revenue,148000
Mar,2024,Marketing,Events,forecast_revenue,149000
Mar,2024,Marketing,Events,revenue_variance,2000
Mar,2024,Marketing,Events,revenue_variance_pct,0.0135
Mar,2024,Marketing,Events,actual_expense,158000
Mar,2024,Marketing,Events,budget_expense,151000
Mar,2024,Marketing,Events,forecast_expense,154000
Mar,2024,Marketing,Events,expense_variance,7000
Mar,2024,Marketing,Events,expense_variance_pct,0.0464
Mar,2024,Marketing,Events,gross_margin,-8000
Mar,2024,Marketing,Events,gross_margin_pct,-0.0533
Mar,2024,Marketing,Events,forecast_error_revenue,1000
Mar,2024,Marketing,Events,forecast_accuracy_revenue_pct,0.9933
Mar,2024,Marketing,Events,forecast_error_expense,3000
Mar,2024,Marketing,Events,forecast_accuracy_expense_pct,0.9806
Mar,2024,Marketing,Events,variance_driver_rate,N/A
Mar,2024,Marketing,Events,variance_driver_volume,N/A

Mar,2024,Marketing,Brand,actual_revenue,111000
Mar,2024,Marketing,Brand,budget_revenue,110000
Mar,2024,Marketing,Brand,forecast_revenue,111000
Mar,2024,Marketing,Brand,revenue_variance,1000
Mar,2024,Marketing,Brand,revenue_variance_pct,0.0091
Mar,2024,Marketing,Brand,actual_expense,119000
Mar,2024,Marketing,Brand,budget_expense,115000
Mar,2024,Marketing,Brand,forecast_expense,117000
Mar,2024,Marketing,Brand,expense_variance,4000
Mar,2024,Marketing,Brand,expense_variance_pct,0.0348
Mar,2024,Marketing,Brand,gross_margin,-8000
Mar,2024,Marketing,Brand,gross_margin_pct,-0.0721
Mar,2024,Marketing,Brand,forecast_error_revenue,0
Mar,2024,Marketing,Brand,forecast_accuracy_revenue_pct,1.0000
Mar,2024,Marketing,Brand,forecast_error_expense,2000
Mar,2024,Marketing,Brand,forecast_accuracy_expense_pct,0.9830
Mar,2024,Marketing,Brand,variance_driver_rate,N/A
Mar,2024,Marketing,Brand,variance_driver_volume,N/A

Mar,2024,Customer Success,Support,actual_revenue,204000
Mar,2024,Customer Success,Support,budget_revenue,201000
Mar,2024,Customer Success,Support,forecast_revenue,203000
Mar,2024,Customer Success,Support,revenue_variance,3000
Mar,2024,Customer Success,Support,revenue_variance_pct,0.0149
Mar,2024,Customer Success,Support,actual_expense,142000
Mar,2024,Customer Success,Support,budget_expense,136000
Mar,2024,Customer Success,Support,forecast_expense,139000
Mar,2024,Customer Success,Support,expense_variance,6000
Mar,2024,Customer Success,Support,expense_variance_pct,0.0441
Mar,2024,Customer Success,Support,gross_margin,62000
Mar,2024,Customer Success,Support,gross_margin_pct,0.3039
Mar,2024,Customer Success,Support,forecast_error_revenue,1000
Mar,2024,Customer Success,Support,forecast_accuracy_revenue_pct,0.9951
Mar,2024,Customer Success,Support,forecast_error_expense,3000
Mar,2024,Customer Success,Support,forecast_accuracy_expense_pct,0.9784
Mar,2024,Customer Success,Support,variance_driver_rate,N/A
Mar,2024,Customer Success,Support,variance_driver_volume,N/A

Mar,2024,Customer Success,Onboarding,actual_revenue,176000
Mar,2024,Customer Success,Onboarding,budget_revenue,174000
Mar,2024,Customer Success,Onboarding,forecast_revenue,175000
Mar,2024,Customer Success,Onboarding,revenue_variance,2000
Mar,2024,Customer Success,Onboarding,revenue_variance_pct,0.0115
Mar,2024,Customer Success,Onboarding,actual_expense,131000
Mar,2024,Customer Success,Onboarding,budget_expense,126000
Mar,2024,Customer Success,Onboarding,forecast_expense,129000
Mar,2024,Customer Success,Onboarding,expense_variance,5000
Mar,2024,Customer Success,Onboarding,expense_variance_pct,0.0397
Mar,2024,Customer Success,Onboarding,gross_margin,45000
Mar,2024,Customer Success,Onboarding,gross_margin_pct,0.2557
Mar,2024,Customer Success,Onboarding,forecast_error_revenue,1000
Mar,2024,Customer Success,Onboarding,forecast_accuracy_revenue_pct,0.9943
Mar,2024,Customer Success,Onboarding,forecast_error_expense,2000
Mar,2024,Customer Success,Onboarding,forecast_accuracy_expense_pct,0.9845
Mar,2024,Customer Success,Onboarding,variance_driver_rate,N/A
Mar,2024,Customer Success,Onboarding,variance_driver_volume,N/A

Mar,2024,Product,Product Management,actual_revenue,N/A
Mar,2024,Product,Product Management,budget_revenue,N/A
Mar,2024,Product,Product Management,forecast_revenue,N/A
Mar,2024,Product,Product Management,revenue_variance,N/A
Mar,2024,Product,Product Management,revenue_variance_pct,N/A
Mar,2024,Product,Product Management,actual_expense,249000
Mar,2024,Product,Product Management,budget_expense,241000
Mar,2024,Product,Product Management,forecast_expense,245000
Mar,2024,Product,Product Management,expense_variance,8000
Mar,2024,Product,Product Management,expense_variance_pct,0.0332
Mar,2024,Product,Product Management,gross_margin,N/A
Mar,2024,Product,Product Management,gross_margin_pct,N/A
Mar,2024,Product,Product Management,forecast_error_expense,4000
Mar,2024,Product,Product Management,forecast_accuracy_expense_pct,0.9837
Mar,2024,Product,Product Management,variance_driver_rate,N/A
Mar,2024,Product,Product Management,variance_driver_volume,N/A

Mar,2024,Product,UX,actual_revenue,N/A
Mar,2024,Product,UX,budget_revenue,N/A
Mar,2024,Product,UX,forecast_revenue,N/A
Mar,2024,Product,UX,revenue_variance,N/A
Mar,2024,Product,UX,revenue_variance_pct,N/A
Mar,2024,Product,UX,actual_expense,160000
Mar,2024,Product,UX,budget_expense,153000
Mar,2024,Product,UX,forecast_expense,157000
Mar,2024,Product,UX,expense_variance,7000
Mar,2024,Product,UX,expense_variance_pct,0.0458
Mar,2024,Product,UX,gross_margin,N/A
Mar,2024,Product,UX,gross_margin_pct,N/A
Mar,2024,Product,UX,forecast_error_expense,4000
Mar,2024,Product,UX,forecast_accuracy_expense_pct,0.9745
Mar,2024,Product,UX,variance_driver_rate,N/A
Mar,2024,Product,UX,variance_driver_volume,N/A

Mar,2024,Engineering,Backend,actual_revenue,N/A
Mar,2024,Engineering,Backend,budget_revenue,N/A
Mar,2024,Engineering,Backend,forecast_revenue,N/A
Mar,2024,Engineering,Backend,revenue_variance,N/A
Mar,2024,Engineering,Backend,revenue_variance_pct,N/A
Mar,2024,Engineering,Backend,actual_expense,347000
Mar,2024,Engineering,Backend,budget_expense,332000
Mar,2024,Engineering,Backend,forecast_expense,340000
Mar,2024,Engineering,Backend,expense_variance,15000
Mar,2024,Engineering,Backend,expense_variance_pct,0.0452
Mar,2024,Engineering,Backend,gross_margin,N/A
Mar,2024,Engineering,Backend,gross_margin_pct,N/A
Mar,2024,Engineering,Backend,forecast_error_expense,8000
Mar,2024,Engineering,Backend,forecast_accuracy_expense_pct,0.9766
Mar,2024,Engineering,Backend,variance_driver_rate,N/A
Mar,2024,Engineering,Backend,variance_driver_volume,N/A

Mar,2024,Engineering,Frontend,actual_revenue,N/A
Mar,2024,Engineering,Frontend,budget_revenue,N/A
Mar,2024,Engineering,Frontend,forecast_revenue,N/A
Mar,2024,Engineering,Frontend,revenue_variance,N/A
Mar,2024,Engineering,Frontend,revenue_variance_pct,N/A
Mar,2024,Engineering,Frontend,actual_expense,297000
Mar,2024,Engineering,Frontend,budget_expense,286000
Mar,2024,Engineering,Frontend,forecast_expense,291000
Mar,2024,Engineering,Frontend,expense_variance,11000
Mar,2024,Engineering,Frontend,expense_variance_pct,0.0385
Mar,2024,Engineering,Frontend,gross_margin,N/A
Mar,2024,Engineering,Frontend,gross_margin_pct,N/A
Mar,2024,Engineering,Frontend,forecast_error_expense,5000
Mar,2024,Engineering,Frontend,forecast_accuracy_expense_pct,0.9829
Mar,2024,Engineering,Frontend,variance_driver_rate,N/A
Mar,2024,Engineering,Frontend,variance_driver_volume,N/A

Mar,2024,Engineering,DevOps,actual_revenue,N/A
Mar,2024,Engineering,DevOps,budget_revenue,N/A
Mar,2024,Engineering,DevOps,forecast_revenue,N/A
Mar,2024,Engineering,DevOps,revenue_variance,N/A
Mar,2024,Engineering,DevOps,revenue_variance_pct,N/A
Mar,2024,Engineering,DevOps,actual_expense,267000
Mar,2024,Engineering,DevOps,budget_expense,256000
Mar,2024,Engineering,DevOps,forecast_expense,261000
Mar,2024,Engineering,DevOps,expense_variance,11000
Mar,2024,Engineering,DevOps,expense_variance_pct,0.0430
Mar,2024,Engineering,DevOps,gross_margin,N/A
Mar,2024,Engineering,DevOps,gross_margin_pct,N/A
Mar,2024,Engineering,DevOps,forecast_error_expense,5000
Mar,2024,Engineering,DevOps,forecast_accuracy_expense_pct,0.9808
Mar,2024,Engineering,DevOps,variance_driver_rate,N/A
Mar,2024,Engineering,DevOps,variance_driver_volume,N/A

Mar,2024,G&A,HR,actual_revenue,N/A
Mar,2024,G&A,HR,budget_revenue,N/A
Mar,2024,G&A,HR,forecast_revenue,N/A
Mar,2024,G&A,HR,revenue_variance,N/A
Mar,2024,G&A,HR,revenue_variance_pct,N/A
Mar,2024,G&A,HR,actual_expense,125000
Mar,2024,G&A,HR,budget_expense,121000
Mar,2024,G&A,HR,forecast_expense,123000
Mar,2024,G&A,HR,expense_variance,4000
Mar,2024,G&A,HR,expense_variance_pct,0.

Apr,2024,Sales,Field Sales,actual_revenue,545000
Apr,2024,Sales,Field Sales,budget_revenue,535000
Apr,2024,Sales,Field Sales,forecast_revenue,540000
Apr,2024,Sales,Field Sales,revenue_variance,10000
Apr,2024,Sales,Field Sales,revenue_variance_pct,0.0187
Apr,2024,Sales,Field Sales,actual_expense,224000
Apr,2024,Sales,Field Sales,budget_expense,214000
Apr,2024,Sales,Field Sales,forecast_expense,219000
Apr,2024,Sales,Field Sales,expense_variance,10000
Apr,2024,Sales,Field Sales,expense_variance_pct,0.0467
Apr,2024,Sales,Field Sales,gross_margin,321000
Apr,2024,Sales,Field Sales,gross_margin_pct,0.5899
Apr,2024,Sales,Field Sales,forecast_error_revenue,5000
Apr,2024,Sales,Field Sales,forecast_accuracy_revenue_pct,0.9907
Apr,2024,Sales,Field Sales,forecast_error_expense,5000
Apr,2024,Sales,Field Sales,forecast_accuracy_expense_pct,0.9772
Apr,2024,Sales,Field Sales,variance_driver_rate,N/A
Apr,2024,Sales,Field Sales,variance_driver_volume,N/A

Apr,2024,Sales,Inside Sales,actual_revenue,390000
Apr,2024,Sales,Inside Sales,budget_revenue,385000
Apr,2024,Sales,Inside Sales,forecast_revenue,388000
Apr,2024,Sales,Inside Sales,revenue_variance,5000
Apr,2024,Sales,Inside Sales,revenue_variance_pct,0.0130
Apr,2024,Sales,Inside Sales,actual_expense,140000
Apr,2024,Sales,Inside Sales,budget_expense,136000
Apr,2024,Sales,Inside Sales,forecast_expense,138000
Apr,2024,Sales,Inside Sales,expense_variance,4000
Apr,2024,Sales,Inside Sales,expense_variance_pct,0.0294
Apr,2024,Sales,Inside Sales,gross_margin,250000
Apr,2024,Sales,Inside Sales,gross_margin_pct,0.6410
Apr,2024,Sales,Inside Sales,forecast_error_revenue,2000
Apr,2024,Sales,Inside Sales,forecast_accuracy_revenue_pct,0.9948
Apr,2024,Sales,Inside Sales,forecast_error_expense,2000
Apr,2024,Sales,Inside Sales,forecast_accuracy_expense_pct,0.9855
Apr,2024,Sales,Inside Sales,variance_driver_rate,N/A
Apr,2024,Sales,Inside Sales,variance_driver_volume,N/A

Apr,2024,Sales,Sales Ops,actual_revenue,107000
Apr,2024,Sales,Sales Ops,budget_revenue,106000
Apr,2024,Sales,Sales Ops,forecast_revenue,107000
Apr,2024,Sales,Sales Ops,revenue_variance,1000
Apr,2024,Sales,Sales Ops,revenue_variance_pct,0.0094
Apr,2024,Sales,Sales Ops,actual_expense,71500
Apr,2024,Sales,Sales Ops,budget_expense,67500
Apr,2024,Sales,Sales Ops,forecast_expense,68500
Apr,2024,Sales,Sales Ops,expense_variance,4000
Apr,2024,Sales,Sales Ops,expense_variance_pct,0.0593
Apr,2024,Sales,Sales Ops,gross_margin,35500
Apr,2024,Sales,Sales Ops,gross_margin_pct,0.3318
Apr,2024,Sales,Sales Ops,forecast_error_revenue,0
Apr,2024,Sales,Sales Ops,forecast_accuracy_revenue_pct,1.0000
Apr,2024,Sales,Sales Ops,forecast_error_expense,3000
Apr,2024,Sales,Sales Ops,forecast_accuracy_expense_pct,0.9562
Apr,2024,Sales,Sales Ops,variance_driver_rate,N/A
Apr,2024,Sales,Sales Ops,variance_driver_volume,N/A

Apr,2024,Marketing,Digital,actual_revenue,194000
Apr,2024,Marketing,Digital,budget_revenue,189000
Apr,2024,Marketing,Digital,forecast_revenue,192000
Apr,2024,Marketing,Digital,revenue_variance,5000
Apr,2024,Marketing,Digital,revenue_variance_pct,0.0265
Apr,2024,Marketing,Digital,actual_expense,151000
Apr,2024,Marketing,Digital,budget_expense,146000
Apr,2024,Marketing,Digital,forecast_expense,148000
Apr,2024,Marketing,Digital,expense_variance,5000
Apr,2024,Marketing,Digital,expense_variance_pct,0.0342
Apr,2024,Marketing,Digital,gross_margin,43000
Apr,2024,Marketing,Digital,gross_margin_pct,0.2216
Apr,2024,Marketing,Digital,forecast_error_revenue,2000
Apr,2024,Marketing,Digital,forecast_accuracy_revenue_pct,0.9896
Apr,2024,Marketing,Digital,forecast_error_expense,3000
Apr,2024,Marketing,Digital,forecast_accuracy_expense_pct,0.9797
Apr,2024,Marketing,Digital,variance_driver_rate,N/A
Apr,2024,Marketing,Digital,variance_driver_volume,N/A

Apr,2024,Marketing,Events,actual_revenue,152000
Apr,2024,Marketing,Events,budget_revenue,150000
Apr,2024,Marketing,Events,forecast_revenue,151000
Apr,2024,Marketing,Events,revenue_variance,2000
Apr,2024,Marketing,Events,revenue_variance_pct,0.0133
Apr,2024,Marketing,Events,actual_expense,159000
Apr,2024,Marketing,Events,budget_expense,152000
Apr,2024,Marketing,Events,forecast_expense,155000
Apr,2024,Marketing,Events,expense_variance,7000
Apr,2024,Marketing,Events,expense_variance_pct,0.0461
Apr,2024,Marketing,Events,gross_margin,-7000
Apr,2024,Marketing,Events,gross_margin_pct,-0.0461
Apr,2024,Marketing,Events,forecast_error_revenue,1000
Apr,2024,Marketing,Events,forecast_accuracy_revenue_pct,0.9934
Apr,2024,Marketing,Events,forecast_error_expense,3000
Apr,2024,Marketing,Events,forecast_accuracy_expense_pct,0.9807
Apr,2024,Marketing,Events,variance_driver_rate,N/A
Apr,2024,Marketing,Events,variance_driver_volume,N/A

Apr,2024,Marketing,Brand,actual_revenue,112000
Apr,2024,Marketing,Brand,budget_revenue,111000
Apr,2024,Marketing,Brand,forecast_revenue,112000
Apr,2024,Marketing,Brand,revenue_variance,1000
Apr,2024,Marketing,Brand,revenue_variance_pct,0.0090
Apr,2024,Marketing,Brand,actual_expense,120000
Apr,2024,Marketing,Brand,budget_expense,116000
Apr,2024,Marketing,Brand,forecast_expense,118000
Apr,2024,Marketing,Brand,expense_variance,4000
Apr,2024,Marketing,Brand,expense_variance_pct,0.0345
Apr,2024,Marketing,Brand,gross_margin,-8000
Apr,2024,Marketing,Brand,gross_margin_pct,-0.0714
Apr,2024,Marketing,Brand,forecast_error_revenue,0
Apr,2024,Marketing,Brand,forecast_accuracy_revenue_pct,1.0000
Apr,2024,Marketing,Brand,forecast_error_expense,2000
Apr,2024,Marketing,Brand,forecast_accuracy_expense_pct,0.9831
Apr,2024,Marketing,Brand,variance_driver_rate,N/A
Apr,2024,Marketing,Brand,variance_driver_volume,N/A

Apr,2024,Customer Success,Support,actual_revenue,206000
Apr,2024,Customer Success,Support,budget_revenue,203000
Apr,2024,Customer Success,Support,forecast_revenue,205000
Apr,2024,Customer Success,Support,revenue_variance,3000
Apr,2024,Customer Success,Support,revenue_variance_pct,0.0148
Apr,2024,Customer Success,Support,actual_expense,143000
Apr,2024,Customer Success,Support,budget_expense,137000
Apr,2024,Customer Success,Support,forecast_expense,140000
Apr,2024,Customer Success,Support,expense_variance,6000
Apr,2024,Customer Success,Support,expense_variance_pct,0.0438
Apr,2024,Customer Success,Support,gross_margin,63000
Apr,2024,Customer Success,Support,gross_margin_pct,0.3058
Apr,2024,Customer Success,Support,forecast_error_revenue,1000
Apr,2024,Customer Success,Support,forecast_accuracy_revenue_pct,0.9951
Apr,2024,Customer Success,Support,forecast_error_expense,3000
Apr,2024,Customer Success,Support,forecast_accuracy_expense_pct,0.9786
Apr,2024,Customer Success,Support,variance_driver_rate,N/A
Apr,2024,Customer Success,Support,variance_driver_volume,N/A

Apr,2024,Customer Success,Onboarding,actual_revenue,178000
Apr,2024,Customer Success,Onboarding,budget_revenue,176000
Apr,2024,Customer Success,Onboarding,forecast_revenue,177000
Apr,2024,Customer Success,Onboarding,revenue_variance,2000
Apr,2024,Customer Success,Onboarding,revenue_variance_pct,0.0114
Apr,2024,Customer Success,Onboarding,actual_expense,132000
Apr,2024,Customer Success,Onboarding,budget_expense,127000
Apr,2024,Customer Success,Onboarding,forecast_expense,130000
Apr,2024,Customer Success,Onboarding,expense_variance,5000
Apr,2024,Customer Success,Onboarding,expense_variance_pct,0.0394
Apr,2024,Customer Success,Onboarding,gross_margin,46000
Apr,2024,Customer Success,Onboarding,gross_margin_pct,0.2584
Apr,2024,Customer Success,Onboarding,forecast_error_revenue,1000
Apr,2024,Customer Success,Onboarding,forecast_accuracy_revenue_pct,0.9944
Apr,2024,Customer Success,Onboarding,forecast_error_expense,2000
Apr,2024,Customer Success,Onboarding,forecast_accuracy_expense_pct,0.9846
Apr,2024,Customer Success,Onboarding,variance_driver_rate,N/A
Apr,2024,Customer Success,Onboarding,variance_driver_volume,N/A

Apr,2024,Product,Product Management,actual_revenue,N/A
Apr,2024,Product,Product Management,budget_revenue,N/A
Apr,2024,Product,Product Management,forecast_revenue,N/A
Apr,2024,Product,Product Management,revenue_variance,N/A
Apr,2024,Product,Product Management,revenue_variance_pct,N/A
Apr,2024,Product,Product Management,actual_expense,251000
Apr,2024,Product,Product Management,budget_expense,243000
Apr,2024,Product,Product Management,forecast_expense,247000
Apr,2024,Product,Product Management,expense_variance,8000
Apr,2024,Product,Product Management,expense_variance_pct,0.0329
Apr,2024,Product,Product Management,gross_margin,N/A
Apr,2024,Product,Product Management,gross_margin_pct,N/A
Apr,2024,Product,Product Management,forecast_error_expense,4000
Apr,2024,Product,Product Management,forecast_accuracy_expense_pct,0.9838
Apr,2024,Product,Product Management,variance_driver_rate,N/A
Apr,2024,Product,Product Management,variance_driver_volume,N/A

Apr,2024,Product,UX,actual_revenue,N/A
Apr,2024,Product,UX,budget_revenue,N/A
Apr,2024,Product,UX,forecast_revenue,N/A
Apr,2024,Product,UX,revenue_variance,N/A
Apr,2024,Product,UX,revenue_variance_pct,N/A
Apr,2024,Product,UX,actual_expense,161000
Apr,2024,Product,UX,budget_expense,154000
Apr,2024,Product,UX,forecast_expense,158000
Apr,2024,Product,UX,expense_variance,7000
Apr,2024,Product,UX,expense_variance_pct,0.0455
Apr,2024,Product,UX,gross_margin,N/A
Apr,2024,Product,UX,gross_margin_pct,N/A
Apr,2024,Product,UX,forecast_error_expense,4000
Apr,2024,Product,UX,forecast_accuracy_expense_pct,0.9747
Apr,2024,Product,UX,variance_driver_rate,N/A
Apr,2024,Product,UX,variance_driver_volume,N/A

Apr,2024,Engineering,Backend,actual_revenue,N/A
Apr,2024,Engineering,Backend,budget_revenue,N/A
Apr,2024,Engineering,Backend,forecast_revenue,N/A
Apr,2024,Engineering,Backend,revenue_variance,N/A
Apr,2024,Engineering,Backend,revenue_variance_pct,N/A
Apr,2024,Engineering,Backend,actual_expense,349000
Apr,2024,Engineering,Backend,budget_expense,334000
Apr,2024,Engineering,Backend,forecast_expense,342000
Apr,2024,Engineering,Backend,expense_variance,15000
Apr,2024,Engineering,Backend,expense_variance_pct,0.0449
Apr,2024,Engineering,Backend,gross_margin,N/A
Apr,2024,Engineering,Backend,gross_margin_pct,N/A
Apr,2024,Engineering,Backend,forecast_error_expense,8000
Apr,2024,Engineering,Backend,forecast_accuracy_expense_pct,0.9768
Apr,2024,Engineering,Backend,variance_driver_rate,N/A
Apr,2024,Engineering,Backend,variance_driver_volume,N/A

Apr,2024,Engineering,Frontend,actual_revenue,N/A
Apr,2024,Engineering,Frontend,budget_revenue,N/A
Apr,2024,Engineering,Frontend,forecast_revenue,N/A
Apr,2024,Engineering,Frontend,revenue_variance,N/A
Apr,2024,Engineering,Frontend,revenue_variance_pct,N/A
Apr,2024,Engineering,Frontend,actual_expense,299000
Apr,2024,Engineering,Frontend,budget_expense,288000
Apr,2024,Engineering,Frontend,forecast_expense,293000
Apr,2024,Engineering,Frontend,expense_variance,11000
Apr,2024,Engineering,Frontend,expense_variance_pct,0.0382
Apr,2024,Engineering,Frontend,gross_margin,N/A
Apr,2024,Engineering,Frontend,gross_margin_pct,N/A
Apr,2024,Engineering,Frontend,forecast_error_expense,5000
Apr,2024,Engineering,Frontend,forecast_accuracy_expense_pct,0.9831
Apr,2024,Engineering,Frontend,variance_driver_rate,N/A
Apr,2024,Engineering,Frontend,variance_driver_volume,N/A

Apr,2024,Engineering,DevOps,actual_revenue,N/A
Apr,2024,Engineering,DevOps,budget_revenue,N/A
Apr,2024,Engineering,DevOps,forecast_revenue,N/A
Apr,2024,Engineering,DevOps,revenue_variance,N/A
Apr,2024,Engineering,DevOps,revenue_variance_pct,N/A
Apr,2024,Engineering,DevOps,actual_expense,269000
Apr,2024,Engineering,DevOps,budget_expense,258000
Apr,2024,Engineering,DevOps,forecast_expense,263000
Apr,2024,Engineering,DevOps,expense_variance,11000
Apr,2024,Engineering,DevOps,expense_variance_pct,0.0426
Apr,2024,Engineering,DevOps,gross_margin,N/A
Apr,2024,Engineering,DevOps,gross_margin_pct,N/A
Apr,2024,Engineering,DevOps,forecast_error_expense,5000
Apr,2024,Engineering,DevOps,forecast_accuracy_expense_pct,0.9810
Apr,2024,Engineering,DevOps,variance_driver_rate,N/A
Apr,2024,Engineering,DevOps,variance_driver_volume,N/A

Apr,2024,G&A,HR,actual_revenue,N/A
Apr,2024,G&A,HR,budget_revenue,N/A
Apr,2024,G&A,HR,forecast_revenue,N/A
Apr,2024,G&A,HR,revenue_variance,N/A
Apr,2024,G&A,HR,revenue_variance_pct,N/A
Apr,2024,G&A,HR,actual_expense,126000
Apr,2024,G&A,HR,budget_expense,122000
Apr,2024,G&A,HR,forecast_expense,124000
Apr,2024,G&A,HR,expense_variance,4000
Apr,2024,G&A,HR,expense_variance_pct,0.0328

May,2024,Sales,Field Sales,actual_revenue,550000
May,2024,Sales,Field Sales,budget_revenue,540000
May,2024,Sales,Field Sales,forecast_revenue,545000
May,2024,Sales,Field Sales,revenue_variance,10000
May,2024,Sales,Field Sales,revenue_variance_pct,0.0185
May,2024,Sales,Field Sales,actual_expense,226000
May,2024,Sales,Field Sales,budget_expense,216000
May,2024,Sales,Field Sales,forecast_expense,221000
May,2024,Sales,Field Sales,expense_variance,10000
May,2024,Sales,Field Sales,expense_variance_pct,0.0463
May,2024,Sales,Field Sales,gross_margin,324000
May,2024,Sales,Field Sales,gross_margin_pct,0.5891
May,2024,Sales,Field Sales,forecast_error_revenue,5000
May,2024,Sales,Field Sales,forecast_accuracy_revenue_pct,0.9908
May,2024,Sales,Field Sales,forecast_error_expense,5000
May,2024,Sales,Field Sales,forecast_accuracy_expense_pct,0.9774
May,2024,Sales,Field Sales,variance_driver_rate,N/A
May,2024,Sales,Field Sales,variance_driver_volume,N/A

May,2024,Sales,Inside Sales,actual_revenue,395000
May,2024,Sales,Inside Sales,budget_revenue,390000
May,2024,Sales,Inside Sales,forecast_revenue,393000
May,2024,Sales,Inside Sales,revenue_variance,5000
May,2024,Sales,Inside Sales,revenue_variance_pct,0.0128
May,2024,Sales,Inside Sales,actual_expense,141000
May,2024,Sales,Inside Sales,budget_expense,137000
May,2024,Sales,Inside Sales,forecast_expense,139000
May,2024,Sales,Inside Sales,expense_variance,4000
May,2024,Sales,Inside Sales,expense_variance_pct,0.0292
May,2024,Sales,Inside Sales,gross_margin,254000
May,2024,Sales,Inside Sales,gross_margin_pct,0.6430
May,2024,Sales,Inside Sales,forecast_error_revenue,2000
May,2024,Sales,Inside Sales,forecast_accuracy_revenue_pct,0.9949
May,2024,Sales,Inside Sales,forecast_error_expense,2000
May,2024,Sales,Inside Sales,forecast_accuracy_expense_pct,0.9856
May,2024,Sales,Inside Sales,variance_driver_rate,N/A
May,2024,Sales,Inside Sales,variance_driver_volume,N/A

May,2024,Sales,Sales Ops,actual_revenue,108000
May,2024,Sales,Sales Ops,budget_revenue,107000
May,2024,Sales,Sales Ops,forecast_revenue,108000
May,2024,Sales,Sales Ops,revenue_variance,1000
May,2024,Sales,Sales Ops,revenue_variance_pct,0.0093
May,2024,Sales,Sales Ops,actual_expense,72000
May,2024,Sales,Sales Ops,budget_expense,68000
May,2024,Sales,Sales Ops,forecast_expense,69000
May,2024,Sales,Sales Ops,expense_variance,4000
May,2024,Sales,Sales Ops,expense_variance_pct,0.0588
May,2024,Sales,Sales Ops,gross_margin,36000
May,2024,Sales,Sales Ops,gross_margin_pct,0.3333
May,2024,Sales,Sales Ops,forecast_error_revenue,0
May,2024,Sales,Sales Ops,forecast_accuracy_revenue_pct,1.0000
May,2024,Sales,Sales Ops,forecast_error_expense,3000
May,2024,Sales,Sales Ops,forecast_accuracy_expense_pct,0.9565
May,2024,Sales,Sales Ops,variance_driver_rate,N/A
May,2024,Sales,Sales Ops,variance_driver_volume,N/A

May,2024,Marketing,Digital,actual_revenue,196000
May,2024,Marketing,Digital,budget_revenue,191000
May,2024,Marketing,Digital,forecast_revenue,194000
May,2024,Marketing,Digital,revenue_variance,5000
May,2024,Marketing,Digital,revenue_variance_pct,0.0262
May,2024,Marketing,Digital,actual_expense,152000
May,2024,Marketing,Digital,budget_expense,147000
May,2024,Marketing,Digital,forecast_expense,149000
May,2024,Marketing,Digital,expense_variance,5000
May,2024,Marketing,Digital,expense_variance_pct,0.0340
May,2024,Marketing,Digital,gross_margin,44000
May,2024,Marketing,Digital,gross_margin_pct,0.2245
May,2024,Marketing,Digital,forecast_error_revenue,2000
May,2024,Marketing,Digital,forecast_accuracy_revenue_pct,0.9897
May,2024,Marketing,Digital,forecast_error_expense,3000
May,2024,Marketing,Digital,forecast_accuracy_expense_pct,0.9799
May,2024,Marketing,Digital,variance_driver_rate,N/A
May,2024,Marketing,Digital,variance_driver_volume,N/A

May,2024,Marketing,Events,actual_revenue,154000
May,2024,Marketing,Events,budget_revenue,152000
May,2024,Marketing,Events,forecast_revenue,153000
May,2024,Marketing,Events,revenue_variance,2000
May,2024,Marketing,Events,revenue_variance_pct,0.0132
May,2024,Marketing,Events,actual_expense,160000
May,2024,Marketing,Events,budget_expense,153000
May,2024,Marketing,Events,forecast_expense,156000
May,2024,Marketing,Events,expense_variance,7000
May,2024,Marketing,Events,expense_variance_pct,0.0458
May,2024,Marketing,Events,gross_margin,-6000
May,2024,Marketing,Events,gross_margin_pct,-0.0390
May,2024,Marketing,Events,forecast_error_revenue,1000
May,2024,Marketing,Events,forecast_accuracy_revenue_pct,0.9935
May,2024,Marketing,Events,forecast_error_expense,3000
May,2024,Marketing,Events,forecast_accuracy_expense_pct,0.9808
May,2024,Marketing,Events,variance_driver_rate,N/A
May,2024,Marketing,Events,variance_driver_volume,N/A

May,2024,Marketing,Brand,actual_revenue,113000
May,2024,Marketing,Brand,budget_revenue,112000
May,2024,Marketing,Brand,forecast_revenue,113000
May,2024,Marketing,Brand,revenue_variance,1000
May,2024,Marketing,Brand,revenue_variance_pct,0.0089
May,2024,Marketing,Brand,actual_expense,121000
May,2024,Marketing,Brand,budget_expense,117000
May,2024,Marketing,Brand,forecast_expense,119000
May,2024,Marketing,Brand,expense_variance,4000
May,2024,Marketing,Brand,expense_variance_pct,0.0342
May,2024,Marketing,Brand,gross_margin,-8000
May,2024,Marketing,Brand,gross_margin_pct,-0.0708
May,2024,Marketing,Brand,forecast_error_revenue,0
May,2024,Marketing,Brand,forecast_accuracy_revenue_pct,1.0000
May,2024,Marketing,Brand,forecast_error_expense,2000
May,2024,Marketing,Brand,forecast_accuracy_expense_pct,0.9833
May,2024,Marketing,Brand,variance_driver_rate,N/A
May,2024,Marketing,Brand,variance_driver_volume,N/A

May,2024,Customer Success,Support,actual_revenue,208000
May,2024,Customer Success,Support,budget_revenue,205000
May,2024,Customer Success,Support,forecast_revenue,207000
May,2024,Customer Success,Support,revenue_variance,3000
May,2024,Customer Success,Support,revenue_variance_pct,0.0146
May,2024,Customer Success,Support,actual_expense,144000
May,2024,Customer Success,Support,budget_expense,138000
May,2024,Customer Success,Support,forecast_expense,141000
May,2024,Customer Success,Support,expense_variance,6000
May,2024,Customer Success,Support,expense_variance_pct,0.0435
May,2024,Customer Success,Support,gross_margin,64000
May,2024,Customer Success,Support,gross_margin_pct,0.3077
May,2024,Customer Success,Support,forecast_error_revenue,1000
May,2024,Customer Success,Support,forecast_accuracy_revenue_pct,0.9951
May,2024,Customer Success,Support,forecast_error_expense,3000
May,2024,Customer Success,Support,forecast_accuracy_expense_pct,0.9787
May,2024,Customer Success,Support,variance_driver_rate,N/A
May,2024,Customer Success,Support,variance_driver_volume,N/A

May,2024,Customer Success,Onboarding,actual_revenue,180000
May,2024,Customer Success,Onboarding,budget_revenue,178000
May,2024,Customer Success,Onboarding,forecast_revenue,179000
May,2024,Customer Success,Onboarding,revenue_variance,2000
May,2024,Customer Success,Onboarding,revenue_variance_pct,0.0112
May,2024,Customer Success,Onboarding,actual_expense,133000
May,2024,Customer Success,Onboarding,budget_expense,128000
May,2024,Customer Success,Onboarding,forecast_expense,131000
May,2024,Customer Success,Onboarding,expense_variance,5000
May,2024,Customer Success,Onboarding,expense_variance_pct,0.0391
May,2024,Customer Success,Onboarding,gross_margin,47000
May,2024,Customer Success,Onboarding,gross_margin_pct,0.2611
May,2024,Customer Success,Onboarding,forecast_error_revenue,1000
May,2024,Customer Success,Onboarding,forecast_accuracy_revenue_pct,0.9944
May,2024,Customer Success,Onboarding,forecast_error_expense,2000
May,2024,Customer Success,Onboarding,forecast_accuracy_expense_pct,0.9847
May,2024,Customer Success,Onboarding,variance_driver_rate,N/A
May,2024,Customer Success,Onboarding,variance_driver_volume,N/A

May,2024,Product,Product Management,actual_revenue,N/A
May,2024,Product,Product Management,budget_revenue,N/A
May,2024,Product,Product Management,forecast_revenue,N/A
May,2024,Product,Product Management,revenue_variance,N/A
May,2024,Product,Product Management,revenue_variance_pct,N/A
May,2024,Product,Product Management,actual_expense,253000
May,2024,Product,Product Management,budget_expense,245000
May,2024,Product,Product Management,forecast_expense,249000
May,2024,Product,Product Management,expense_variance,8000
May,2024,Product,Product Management,expense_variance_pct,0.0327
May,2024,Product,Product Management,gross_margin,N/A
May,2024,Product,Product Management,gross_margin_pct,N/A
May,2024,Product,Product Management,forecast_error_expense,4000
May,2024,Product,Product Management,forecast_accuracy_expense_pct,0.9839
May,2024,Product,Product Management,variance_driver_rate,N/A
May,2024,Product,Product Management,variance_driver_volume,N/A

May,2024,Product,UX,actual_revenue,N/A
May,2024,Product,UX,budget_revenue,N/A
May,2024,Product,UX,forecast_revenue,N/A
May,2024,Product,UX,revenue_variance,N/A
May,2024,Product,UX,revenue_variance_pct,N/A
May,2024,Product,UX,actual_expense,162000
May,2024,Product,UX,budget_expense,155000
May,2024,Product,UX,forecast_expense,159000
May,2024,Product,UX,expense_variance,7000
May,2024,Product,UX,expense_variance_pct,0.0452
May,2024,Product,UX,gross_margin,N/A
May,2024,Product,UX,gross_margin_pct,N/A
May,2024,Product,UX,forecast_error_expense,4000
May,2024,Product,UX,forecast_accuracy_expense_pct,0.9749
May,2024,Product,UX,variance_driver_rate,N/A
May,2024,Product,UX,variance_driver_volume,N/A

May,2024,Engineering,Backend,actual_revenue,N/A
May,2024,Engineering,Backend,budget_revenue,N/A
May,2024,Engineering,Backend,forecast_revenue,N/A
May,2024,Engineering,Backend,revenue_variance,N/A
May,2024,Engineering,Backend,revenue_variance_pct,N/A
May,2024,Engineering,Backend,actual_expense,351000
May,2024,Engineering,Backend,budget_expense,336000
May,2024,Engineering,Backend,forecast_expense,344000
May,2024,Engineering,Backend,expense_variance,15000
May,2024,Engineering,Backend,expense_variance_pct,0.0446
May,2024,Engineering,Backend,gross_margin,N/A
May,2024,Engineering,Backend,gross_margin_pct,N/A
May,2024,Engineering,Backend,forecast_error_expense,8000
May,2024,Engineering,Backend,forecast_accuracy_expense_pct,0.9770
May,2024,Engineering,Backend,variance_driver_rate,N/A
May,2024,Engineering,Backend,variance_driver_volume,N/A

May,2024,Engineering,Frontend,actual_revenue,N/A
May,2024,Engineering,Frontend,budget_revenue,N/A
May,2024,Engineering,Frontend,forecast_revenue,N/A
May,2024,Engineering,Frontend,revenue_variance,N/A
May,2024,Engineering,Frontend,revenue_variance_pct,N/A
May,2024,Engineering,Frontend,actual_expense,301000
May,2024,Engineering,Frontend,budget_expense,290000
May,2024,Engineering,Frontend,forecast_expense,295000
May,2024,Engineering,Frontend,expense_variance,11000
May,2024,Engineering,Frontend,expense_variance_pct,0.0379
May,2024,Engineering,Frontend,gross_margin,N/A
May,2024,Engineering,Frontend,gross_margin_pct,N/A
May,2024,Engineering,Frontend,forecast_error_expense,5000
May,2024,Engineering,Frontend,forecast_accuracy_expense_pct,0.9833
May,2024,Engineering,Frontend,variance_driver_rate,N/A
May,2024,Engineering,Frontend,variance_driver_volume,N/A

May,2024,Engineering,DevOps,actual_revenue,N/A
May,2024,Engineering,DevOps,budget_revenue,N/A
May,2024,Engineering,DevOps,forecast_revenue,N/A
May,2024,Engineering,DevOps,revenue_variance,N/A
May,2024,Engineering,DevOps,revenue_variance_pct,N/A
May,2024,Engineering,DevOps,actual_expense,271000
May,2024,Engineering,DevOps,budget_expense,260000
May,2024,Engineering,DevOps,forecast_expense,265000
May,2024,Engineering,DevOps,expense_variance,11000
May,2024,Engineering,DevOps,expense_variance_pct,0.0423
May,2024,Engineering,DevOps,gross_margin,N/A
May,2024,Engineering,DevOps,gross_margin_pct,N/A
May,2024,Engineering,DevOps,forecast_error_expense,5000
May,2024,Engineering,DevOps,forecast_accuracy_expense_pct,0.9811
May,2024,Engineering,DevOps,variance_driver_rate,N/A
May,2024,Engineering,DevOps,variance_driver_volume,N/A

May,2024,G&A,HR,actual_revenue,N/A
May,2024,G&A,HR,budget_revenue,N/A
May,2024,G&A,HR,forecast_revenue,N/A
May,2024,G&A,HR,revenue_variance,N/A
May,2024,G&A,HR,revenue_variance_pct,N/A
May,2024,G&A,HR,actual_expense,127000
May,2024,G&A,HR,budget_expense,123000
May,2024,G&A,HR,forecast_expense,125000
May,2024,G&A,HR,expense_variance,4000
May,2024,G&A,HR,expense_variance_pct,0.0325

Jun,2024,Sales,Field Sales,actual_revenue,555000
Jun,2024,Sales,Field Sales,budget_revenue,545000
Jun,2024,Sales,Field Sales,forecast_revenue,550000
Jun,2024,Sales,Field Sales,revenue_variance,10000
Jun,2024,Sales,Field Sales,revenue_variance_pct,0.0183
Jun,2024,Sales,Field Sales,actual_expense,228000
Jun,2024,Sales,Field Sales,budget_expense,218000
Jun,2024,Sales,Field Sales,forecast_expense,223000
Jun,2024,Sales,Field Sales,expense_variance,10000
Jun,2024,Sales,Field Sales,expense_variance_pct,0.0459
Jun,2024,Sales,Field Sales,gross_margin,327000
Jun,2024,Sales,Field Sales,gross_margin_pct,0.5892
Jun,2024,Sales,Field Sales,forecast_error_revenue,5000
Jun,2024,Sales,Field Sales,forecast_accuracy_revenue_pct,0.9909
Jun,2024,Sales,Field Sales,forecast_error_expense,5000
Jun,2024,Sales,Field Sales,forecast_accuracy_expense_pct,0.9776
Jun,2024,Sales,Field Sales,variance_driver_rate,N/A
Jun,2024,Sales,Field Sales,variance_driver_volume,N/A

Jun,2024,Sales,Inside Sales,actual_revenue,400000
Jun,2024,Sales,Inside Sales,budget_revenue,395000
Jun,2024,Sales,Inside Sales,forecast_revenue,398000
Jun,2024,Sales,Inside Sales,revenue_variance,5000
Jun,2024,Sales,Inside Sales,revenue_variance_pct,0.0127
Jun,2024,Sales,Inside Sales,actual_expense,142000
Jun,2024,Sales,Inside Sales,budget_expense,138000
Jun,2024,Sales,Inside Sales,forecast_expense,140000
Jun,2024,Sales,Inside Sales,expense_variance,4000
Jun,2024,Sales,Inside Sales,expense_variance_pct,0.0290
Jun,2024,Sales,Inside Sales,gross_margin,258000
Jun,2024,Sales,Inside Sales,gross_margin_pct,0.6450
Jun,2024,Sales,Inside Sales,forecast_error_revenue,2000
Jun,2024,Sales,Inside Sales,forecast_accuracy_revenue_pct,0.9950
Jun,2024,Sales,Inside Sales,forecast_error_expense,2000
Jun,2024,Sales,Inside Sales,forecast_accuracy_expense_pct,0.9857
Jun,2024,Sales,Inside Sales,variance_driver_rate,N/A
Jun,2024,Sales,Inside Sales,variance_driver_volume,N/A

Jun,2024,Sales,Sales Ops,actual_revenue,109000
Jun,2024,Sales,Sales Ops,budget_revenue,108000
Jun,2024,Sales,Sales Ops,forecast_revenue,109000
Jun,2024,Sales,Sales Ops,revenue_variance,1000
Jun,2024,Sales,Sales Ops,revenue_variance_pct,0.0093
Jun,2024,Sales,Sales Ops,actual_expense,72500
Jun,2024,Sales,Sales Ops,budget_expense,68500
Jun,2024,Sales,Sales Ops,forecast_expense,69500
Jun,2024,Sales,Sales Ops,expense_variance,4000
Jun,2024,Sales,Sales Ops,expense_variance_pct,0.0584
Jun,2024,Sales,Sales Ops,gross_margin,36500
Jun,2024,Sales,Sales Ops,gross_margin_pct,0.3349
Jun,2024,Sales,Sales Ops,forecast_error_revenue,0
Jun,2024,Sales,Sales Ops,forecast_accuracy_revenue_pct,1.0000
Jun,2024,Sales,Sales Ops,forecast_error_expense,3000
Jun,2024,Sales,Sales Ops,forecast_accuracy_expense_pct,0.9567
Jun,2024,Sales,Sales Ops,variance_driver_rate,N/A
Jun,2024,Sales,Sales Ops,variance_driver_volume,N/A

Jun,2024,Marketing,Digital,actual_revenue,198000
Jun,2024,Marketing,Digital,budget_revenue,193000
Jun,2024,Marketing,Digital,forecast_revenue,196000
Jun,2024,Marketing,Digital,revenue_variance,5000
Jun,2024,Marketing,Digital,revenue_variance_pct,0.0259
Jun,2024,Marketing,Digital,actual_expense,153000
Jun,2024,Marketing,Digital,budget_expense,148000
Jun,2024,Marketing,Digital,forecast_expense,150000
Jun,2024,Marketing,Digital,expense_variance,5000
Jun,2024,Marketing,Digital,expense_variance_pct,0.0338
Jun,2024,Marketing,Digital,gross_margin,45000
Jun,2024,Marketing,Digital,gross_margin_pct,0.2273
Jun,2024,Marketing,Digital,forecast_error_revenue,2000
Jun,2024,Marketing,Digital,forecast_accuracy_revenue_pct,0.9898
Jun,2024,Marketing,Digital,forecast_error_expense,3000
Jun,2024,Marketing,Digital,forecast_accuracy_expense_pct,0.9800
Jun,2024,Marketing,Digital,variance_driver_rate,N/A
Jun,2024,Marketing,Digital,variance_driver_volume,N/A

Jun,2024,Marketing,Events,actual_revenue,156000
Jun,2024,Marketing,Events,budget_revenue,154000
Jun,2024,Marketing,Events,forecast_revenue,155000
Jun,2024,Marketing,Events,revenue_variance,2000
Jun,2024,Marketing,Events,revenue_variance_pct,0.0130
Jun,2024,Marketing,Events,actual_expense,161000
Jun,2024,Marketing,Events,budget_expense,154000
Jun,2024,Marketing,Events,forecast_expense,157000
Jun,2024,Marketing,Events,expense_variance,7000
Jun,2024,Marketing,Events,expense_variance_pct,0.0455
Jun,2024,Marketing,Events,gross_margin,-5000
Jun,2024,Marketing,Events,gross_margin_pct,-0.0321
Jun,2024,Marketing,Events,forecast_error_revenue,1000
Jun,2024,Marketing,Events,forecast_accuracy_revenue_pct,0.9936
Jun,2024,Marketing,Events,forecast_error_expense,3000
Jun,2024,Marketing,Events,forecast_accuracy_expense_pct,0.9809
Jun,2024,Marketing,Events,variance_driver_rate,N/A
Jun,2024,Marketing,Events,variance_driver_volume,N/A

Jun,2024,Marketing,Brand,actual_revenue,114000
Jun,2024,Marketing,Brand,budget_revenue,113000
Jun,2024,Marketing,Brand,forecast_revenue,114000
Jun,2024,Marketing,Brand,revenue_variance,1000
Jun,2024,Marketing,Brand,revenue_variance_pct,0.0088
Jun,2024,Marketing,Brand,actual_expense,122000
Jun,2024,Marketing,Brand,budget_expense,118000
Jun,2024,Marketing,Brand,forecast_expense,120000
Jun,2024,Marketing,Brand,expense_variance,4000
Jun,2024,Marketing,Brand,expense_variance_pct,0.0339
Jun,2024,Marketing,Brand,gross_margin,-8000
Jun,2024,Marketing,Brand,gross_margin_pct,-0.0702
Jun,2024,Marketing,Brand,forecast_error_revenue,0
Jun,2024,Marketing,Brand,forecast_accuracy_revenue_pct,1.0000
Jun,2024,Marketing,Brand,forecast_error_expense,2000
Jun,2024,Marketing,Brand,forecast_accuracy_expense_pct,0.9834
Jun,2024,Marketing,Brand,variance_driver_rate,N/A
Jun,2024,Marketing,Brand,variance_driver_volume,N/A

Jun,2024,Customer Success,Support,actual_revenue,210000
Jun,2024,Customer Success,Support,budget_revenue,207000
Jun,2024,Customer Success,Support,forecast_revenue,209000
Jun,2024,Customer Success,Support,revenue_variance,3000
Jun,2024,Customer Success,Support,revenue_variance_pct,0.0145
Jun,2024,Customer Success,Support,actual_expense,145000
Jun,2024,Customer Success,Support,budget_expense,139000
Jun,2024,Customer Success,Support,forecast_expense,142000
Jun,2024,Customer Success,Support,expense_variance,6000
Jun,2024,Customer Success,Support,expense_variance_pct,0.0432
Jun,2024,Customer Success,Support,gross_margin,65000
Jun,2024,Customer Success,Support,gross_margin_pct,0.3095
Jun,2024,Customer Success,Support,forecast_error_revenue,1000
Jun,2024,Customer Success,Support,forecast_accuracy_revenue_pct,0.9952
Jun,2024,Customer Success,Support,forecast_error_expense,3000
Jun,2024,Customer Success,Support,forecast_accuracy_expense_pct,0.9788
Jun,2024,Customer Success,Support,variance_driver_rate,N/A
Jun,2024,Customer Success,Support,variance_driver_volume,N/A

Jun,2024,Customer Success,Onboarding,actual_revenue,182000
Jun,2024,Customer Success,Onboarding,budget_revenue,180000
Jun,2024,Customer Success,Onboarding,forecast_revenue,181000
Jun,2024,Customer Success,Onboarding,revenue_variance,2000
Jun,2024,Customer Success,Onboarding,revenue_variance_pct,0.0111
Jun,2024,Customer Success,Onboarding,actual_expense,134000
Jun,2024,Customer Success,Onboarding,budget_expense,129000
Jun,2024,Customer Success,Onboarding,forecast_expense,132000
Jun,2024,Customer Success,Onboarding,expense_variance,5000
Jun,2024,Customer Success,Onboarding,expense_variance_pct,0.0388
Jun,2024,Customer Success,Onboarding,gross_margin,48000
Jun,2024,Customer Success,Onboarding,gross_margin_pct,0.2637
Jun,2024,Customer Success,Onboarding,forecast_error_revenue,1000
Jun,2024,Customer Success,Onboarding,forecast_accuracy_revenue_pct,0.9945
Jun,2024,Customer Success,Onboarding,forecast_error_expense,2000
Jun,2024,Customer Success,Onboarding,forecast_accuracy_expense_pct,0.9848
Jun,2024,Customer Success,Onboarding,variance_driver_rate,N/A
Jun,2024,Customer Success,Onboarding,variance_driver_volume,N/A

Jun,2024,Product,Product Management,actual_revenue,N/A
Jun,2024,Product,Product Management,budget_revenue,N/A
Jun,2024,Product,Product Management,forecast_revenue,N/A
Jun,2024,Product,Product Management,revenue_variance,N/A
Jun,2024,Product,Product Management,revenue_variance_pct,N/A
Jun,2024,Product,Product Management,actual_expense,255000
Jun,2024,Product,Product Management,budget_expense,247000
Jun,2024,Product,Product Management,forecast_expense,251000
Jun,2024,Product,Product Management,expense_variance,8000
Jun,2024,Product,Product Management,expense_variance_pct,0.0324
Jun,2024,Product,Product Management,gross_margin,N/A
Jun,2024,Product,Product Management,gross_margin_pct,N/A
Jun,2024,Product,Product Management,forecast_error_expense,4000
Jun,2024,Product,Product Management,forecast_accuracy_expense_pct,0.9840
Jun,2024,Product,Product Management,variance_driver_rate,N/A
Jun,2024,Product,Product Management,variance_driver_volume,N/A

Jun,2024,Product,UX,actual_revenue,N/A
Jun,2024,Product,UX,budget_revenue,N/A
Jun,2024,Product,UX,forecast_revenue,N/A
Jun,2024,Product,UX,revenue_variance,N/A
Jun,2024,Product,UX,revenue_variance_pct,N/A
Jun,2024,Product,UX,actual_expense,163000
Jun,2024,Product,UX,budget_expense,156000
Jun,2024,Product,UX,forecast_expense,160000
Jun,2024,Product,UX,expense_variance,7000
Jun,2024,Product,UX,expense_variance_pct,0.0449
Jun,2024,Product,UX,gross_margin,N/A
Jun,2024,Product,UX,gross_margin_pct,N/A
Jun,2024,Product,UX,forecast_error_expense,4000
Jun,2024,Product,UX,forecast_accuracy_expense_pct,0.9750
Jun,2024,Product,UX,variance_driver_rate,N/A
Jun,2024,Product,UX,variance_driver_volume,N/A

Jun,2024,Engineering,Backend,actual_revenue,N/A
Jun,2024,Engineering,Backend,budget_revenue,N/A
Jun,2024,Engineering,Backend,forecast_revenue,N/A
Jun,2024,Engineering,Backend,revenue_variance,N/A
Jun,2024,Engineering,Backend,revenue_variance_pct,N/A
Jun,2024,Engineering,Backend,actual_expense,353000
Jun,2024,Engineering,Backend,budget_expense,338000
Jun,2024,Engineering,Backend,forecast_expense,346000
Jun,2024,Engineering,Backend,expense_variance,15000
Jun,2024,Engineering,Backend,expense_variance_pct,0.0444
Jun,2024,Engineering,Backend,gross_margin,N/A
Jun,2024,Engineering,Backend,gross_margin_pct,N/A
Jun,2024,Engineering,Backend,forecast_error_expense,8000
Jun,2024,Engineering,Backend,forecast_accuracy_expense_pct,0.9772
Jun,2024,Engineering,Backend,variance_driver_rate,N/A
Jun,2024,Engineering,Backend,variance_driver_volume,N/A

Jun,2024,Engineering,Frontend,actual_revenue,N/A
Jun,2024,Engineering,Frontend,budget_revenue,N/A
Jun,2024,Engineering,Frontend,forecast_revenue,N/A
Jun,2024,Engineering,Frontend,revenue_variance,N/A
Jun,2024,Engineering,Frontend,revenue_variance_pct,N/A
Jun,2024,Engineering,Frontend,actual_expense,303000
Jun,2024,Engineering,Frontend,budget_expense,292000
Jun,2024,Engineering,Frontend,forecast_expense,297000
Jun,2024,Engineering,Frontend,expense_variance,11000
Jun,2024,Engineering,Frontend,expense_variance_pct,0.0377
Jun,2024,Engineering,Frontend,gross_margin,N/A
Jun,2024,Engineering,Frontend,gross_margin_pct,N/A
Jun,2024,Engineering,Frontend,forecast_error_expense,5000
Jun,2024,Engineering,Frontend,forecast_accuracy_expense_pct,0.9835
Jun,2024,Engineering,Frontend,variance_driver_rate,N/A
Jun,2024,Engineering,Frontend,variance_driver_volume,N/A

Jun,2024,Engineering,DevOps,actual_revenue,N/A
Jun,2024,Engineering,DevOps,budget_revenue,N/A
Jun,2024,Engineering,DevOps,forecast_revenue,N/A
Jun,2024,Engineering,DevOps,revenue_variance,N/A
Jun,2024,Engineering,DevOps,revenue_variance_pct,N/A
Jun,2024,Engineering,DevOps,actual_expense,273000
Jun,2024,Engineering,DevOps,budget_expense,262000
Jun,2024,Engineering,DevOps,forecast_expense,267000
Jun,2024,Engineering,DevOps,expense_variance,11000
Jun,2024,Engineering,DevOps,expense_variance_pct,0.0420
Jun,2024,Engineering,DevOps,gross_margin,N/A
Jun,2024,Engineering,DevOps,gross_margin_pct,N/A
Jun,2024,Engineering,DevOps,forecast_error_expense,5000
Jun,2024,Engineering,DevOps,forecast_accuracy_expense_pct,0.9812
Jun,2024,Engineering,DevOps,variance_driver_rate,N/A
Jun,2024,Engineering,DevOps,variance_driver_volume,N/A

Jun,2024,G&A,HR,actual_revenue,N/A
Jun,2024,G&A,HR,budget_revenue,N/A
Jun,2024,G&A,HR,forecast_revenue,N/A
Jun,2024,G&A,HR,revenue_variance,N/A
Jun,2024,G&A,HR,revenue_variance_pct,N/A
Jun,2024,G&A,HR,actual_expense,128000
Jun,2024,G&A,HR,budget_expense,124000
Jun,2024,G&A,HR,forecast_expense,126000
Jun,2024,G&A,HR,expense_variance,4000
Jun,2024,G&A

Jul,2024,Sales,Field Sales,actual_revenue,560000
Jul,2024,Sales,Field Sales,budget_revenue,550000
Jul,2024,Sales,Field Sales,forecast_revenue,555000
Jul,2024,Sales,Field Sales,revenue_variance,10000
Jul,2024,Sales,Field Sales,revenue_variance_pct,0.0182
Jul,2024,Sales,Field Sales,actual_expense,230000
Jul,2024,Sales,Field Sales,budget_expense,220000
Jul,2024,Sales,Field Sales,forecast_expense,225000
Jul,2024,Sales,Field Sales,expense_variance,10000
Jul,2024,Sales,Field Sales,expense_variance_pct,0.0455
Jul,2024,Sales,Field Sales,gross_margin,330000
Jul,2024,Sales,Field Sales,gross_margin_pct,0.5893
Jul,2024,Sales,Field Sales,forecast_error_revenue,5000
Jul,2024,Sales,Field Sales,forecast_accuracy_revenue_pct,0.9909
Jul,2024,Sales,Field Sales,forecast_error_expense,5000
Jul,2024,Sales,Field Sales,forecast_accuracy_expense_pct,0.9778
Jul,2024,Sales,Field Sales,variance_driver_rate,N/A
Jul,2024,Sales,Field Sales,variance_driver_volume,N/A

Jul,2024,Sales,Inside Sales,actual_revenue,405000
Jul,2024,Sales,Inside Sales,budget_revenue,400000
Jul,2024,Sales,Inside Sales,forecast_revenue,403000
Jul,2024,Sales,Inside Sales,revenue_variance,5000
Jul,2024,Sales,Inside Sales,revenue_variance_pct,0.0125
Jul,2024,Sales,Inside Sales,actual_expense,143000
Jul,2024,Sales,Inside Sales,budget_expense,139000
Jul,2024,Sales,Inside Sales,forecast_expense,141000
Jul,2024,Sales,Inside Sales,expense_variance,4000
Jul,2024,Sales,Inside Sales,expense_variance_pct,0.0288
Jul,2024,Sales,Inside Sales,gross_margin,262000
Jul,2024,Sales,Inside Sales,gross_margin_pct,0.6470
Jul,2024,Sales,Inside Sales,forecast_error_revenue,2000
Jul,2024,Sales,Inside Sales,forecast_accuracy_revenue_pct,0.9950
Jul,2024,Sales,Inside Sales,forecast_error_expense,2000
Jul,2024,Sales,Inside Sales,forecast_accuracy_expense_pct,0.9858
Jul,2024,Sales,Inside Sales,variance_driver_rate,N/A
Jul,2024,Sales,Inside Sales,variance_driver_volume,N/A

Jul,2024,Sales,Sales Ops,actual_revenue,110000
Jul,2024,Sales,Sales Ops,budget_revenue,109000
Jul,2024,Sales,Sales Ops,forecast_revenue,110000
Jul,2024,Sales,Sales Ops,revenue_variance,1000
Jul,2024,Sales,Sales Ops,revenue_variance_pct,0.0092
Jul,2024,Sales,Sales Ops,actual_expense,73000
Jul,2024,Sales,Sales Ops,budget_expense,69000
Jul,2024,Sales,Sales Ops,forecast_expense,70000
Jul,2024,Sales,Sales Ops,expense_variance,4000
Jul,2024,Sales,Sales Ops,expense_variance_pct,0.0580
Jul,2024,Sales,Sales Ops,gross_margin,37000
Jul,2024,Sales,Sales Ops,gross_margin_pct,0.3364
Jul,2024,Sales,Sales Ops,forecast_error_revenue,0
Jul,2024,Sales,Sales Ops,forecast_accuracy_revenue_pct,1.0000
Jul,2024,Sales,Sales Ops,forecast_error_expense,3000
Jul,2024,Sales,Sales Ops,forecast_accuracy_expense_pct,0.9569
Jul,2024,Sales,Sales Ops,variance_driver_rate,N/A
Jul,2024,Sales,Sales Ops,variance_driver_volume,N/A

Jul,2024,Marketing,Digital,actual_revenue,200000
Jul,2024,Marketing,Digital,budget_revenue,195000
Jul,2024,Marketing,Digital,forecast_revenue,198000
Jul,2024,Marketing,Digital,revenue_variance,5000
Jul,2024,Marketing,Digital,revenue_variance_pct,0.0256
Jul,2024,Marketing,Digital,actual_expense,154000
Jul,2024,Marketing,Digital,budget_expense,149000
Jul,2024,Marketing,Digital,forecast_expense,151000
Jul,2024,Marketing,Digital,expense_variance,5000
Jul,2024,Marketing,Digital,expense_variance_pct,0.0336
Jul,2024,Marketing,Digital,gross_margin,46000
Jul,2024,Marketing,Digital,gross_margin_pct,0.2300
Jul,2024,Marketing,Digital,forecast_error_revenue,2000
Jul,2024,Marketing,Digital,forecast_accuracy_revenue_pct,0.9899
Jul,2024,Marketing,Digital,forecast_error_expense,3000
Jul,2024,Marketing,Digital,forecast_accuracy_expense_pct,0.9801
Jul,2024,Marketing,Digital,variance_driver_rate,N/A
Jul,2024,Marketing,Digital,variance_driver_volume,N/A

Jul,2024,Marketing,Events,actual_revenue,158000
Jul,2024,Marketing,Events,budget_revenue,156000
Jul,2024,Marketing,Events,forecast_revenue,157000
Jul,2024,Marketing,Events,revenue_variance,2000
Jul,2024,Marketing,Events,revenue_variance_pct,0.0128
Jul,2024,Marketing,Events,actual_expense,162000
Jul,2024,Marketing,Events,budget_expense,155000
Jul,2024,Marketing,Events,forecast_expense,158000
Jul,2024,Marketing,Events,expense_variance,7000
Jul,2024,Marketing,Events,expense_variance_pct,0.0452
Jul,2024,Marketing,Events,gross_margin,-4000
Jul,2024,Marketing,Events,gross_margin_pct,-0.0253
Jul,2024,Marketing,Events,forecast_error_revenue,1000
Jul,2024,Marketing,Events,forecast_accuracy_revenue_pct,0.9937
Jul,2024,Marketing,Events,forecast_error_expense,3000
Jul,2024,Marketing,Events,forecast_accuracy_expense_pct,0.9810
Jul,2024,Marketing,Events,variance_driver_rate,N/A
Jul,2024,Marketing,Events,variance_driver_volume,N/A

Jul,2024,Marketing,Brand,actual_revenue,115000
Jul,2024,Marketing,Brand,budget_revenue,114000
Jul,2024,Marketing,Brand,forecast_revenue,115000
Jul,2024,Marketing,Brand,revenue_variance,1000
Jul,2024,Marketing,Brand,revenue_variance_pct,0.0088
Jul,2024,Marketing,Brand,actual_expense,123000
Jul,2024,Marketing,Brand,budget_expense,119000
Jul,2024,Marketing,Brand,forecast_expense,121000
Jul,2024,Marketing,Brand,expense_variance,4000
Jul,2024,Marketing,Brand,expense_variance_pct,0.0336
Jul,2024,Marketing,Brand,gross_margin,-8000
Jul,2024,Marketing,Brand,gross_margin_pct,-0.0696
Jul,2024,Marketing,Brand,forecast_error_revenue,0
Jul,2024,Marketing,Brand,forecast_accuracy_revenue_pct,1.0000
Jul,2024,Marketing,Brand,forecast_error_expense,2000
Jul,2024,Marketing,Brand,forecast_accuracy_expense_pct,0.9835
Jul,2024,Marketing,Brand,variance_driver_rate,N/A
Jul,2024,Marketing,Brand,variance_driver_volume,N/A

Jul,2024,Customer Success,Support,actual_revenue,212000
Jul,2024,Customer Success,Support,budget_revenue,209000
Jul,2024,Customer Success,Support,forecast_revenue,211000
Jul,2024,Customer Success,Support,revenue_variance,3000
Jul,2024,Customer Success,Support,revenue_variance_pct,0.0144
Jul,2024,Customer Success,Support,actual_expense,146000
Jul,2024,Customer Success,Support,budget_expense,140000
Jul,2024,Customer Success,Support,forecast_expense,143000
Jul,2024,Customer Success,Support,expense_variance,6000
Jul,2024,Customer Success,Support,expense_variance_pct,0.0429
Jul,2024,Customer Success,Support,gross_margin,66000
Jul,2024,Customer Success,Support,gross_margin_pct,0.3113
Jul,2024,Customer Success,Support,forecast_error_revenue,1000
Jul,2024,Customer Success,Support,forecast_accuracy_revenue_pct,0.9952
Jul,2024,Customer Success,Support,forecast_error_expense,3000
Jul,2024,Customer Success,Support,forecast_accuracy_expense_pct,0.9789
Jul,2024,Customer Success,Support,variance_driver_rate,N/A
Jul,2024,Customer Success,Support,variance_driver_volume,N/A

Jul,2024,Customer Success,Onboarding,actual_revenue,184000
Jul,2024,Customer Success,Onboarding,budget_revenue,182000
Jul,2024,Customer Success,Onboarding,forecast_revenue,183000
Jul,2024,Customer Success,Onboarding,revenue_variance,2000
Jul,2024,Customer Success,Onboarding,revenue_variance_pct,0.0110
Jul,2024,Customer Success,Onboarding,actual_expense,135000
Jul,2024,Customer Success,Onboarding,budget_expense,130000
Jul,2024,Customer Success,Onboarding,forecast_expense,133000
Jul,2024,Customer Success,Onboarding,expense_variance,5000
Jul,2024,Customer Success,Onboarding,expense_variance_pct,0.0385
Jul,2024,Customer Success,Onboarding,gross_margin,49000
Jul,2024,Customer Success,Onboarding,gross_margin_pct,0.2663
Jul,2024,Customer Success,Onboarding,forecast_error_revenue,1000
Jul,2024,Customer Success,Onboarding,forecast_accuracy_revenue_pct,0.9945
Jul,2024,Customer Success,Onboarding,forecast_error_expense,2000
Jul,2024,Customer Success,Onboarding,forecast_accuracy_expense_pct,0.9849
Jul,2024,Customer Success,Onboarding,variance_driver_rate,N/A
Jul,2024,Customer Success,Onboarding,variance_driver_volume,N/A

Jul,2024,Product,Product Management,actual_revenue,N/A
Jul,2024,Product,Product Management,budget_revenue,N/A
Jul,2024,Product,Product Management,forecast_revenue,N/A
Jul,2024,Product,Product Management,revenue_variance,N/A
Jul,2024,Product,Product Management,revenue_variance_pct,N/A
Jul,2024,Product,Product Management,actual_expense,257000
Jul,2024,Product,Product Management,budget_expense,249000
Jul,2024,Product,Product Management,forecast_expense,253000
Jul,2024,Product,Product Management,expense_variance,8000
Jul,2024,Product,Product Management,expense_variance_pct,0.0321
Jul,2024,Product,Product Management,gross_margin,N/A
Jul,2024,Product,Product Management,gross_margin_pct,N/A
Jul,2024,Product,Product Management,forecast_error_expense,4000
Jul,2024,Product,Product Management,forecast_accuracy_expense_pct,0.9842
Jul,2024,Product,Product Management,variance_driver_rate,N/A
Jul,2024,Product,Product Management,variance_driver_volume,N/A

Jul,2024,Product,UX,actual_revenue,N/A
Jul,2024,Product,UX,budget_revenue,N/A
Jul,2024,Product,UX,forecast_revenue,N/A
Jul,2024,Product,UX,revenue_variance,N/A
Jul,2024,Product,UX,revenue_variance_pct,N/A
Jul,2024,Product,UX,actual_expense,164000
Jul,2024,Product,UX,budget_expense,157000
Jul,2024,Product,UX,forecast_expense,161000
Jul,2024,Product,UX,expense_variance,7000
Jul,2024,Product,UX,expense_variance_pct,0.0446
Jul,2024,Product,UX,gross_margin,N/A
Jul,2024,Product,UX,gross_margin_pct,N/A
Jul,2024,Product,UX,forecast_error_expense,4000
Jul,2024,Product,UX,forecast_accuracy_expense_pct,0.9751
Jul,2024,Product,UX,variance_driver_rate,N/A
Jul,2024,Product,UX,variance_driver_volume,N/A

Jul,2024,Engineering,Backend,actual_revenue,N/A
Jul,2024,Engineering,Backend,budget_revenue,N/A
Jul,2024,Engineering,Backend,forecast_revenue,N/A
Jul,2024,Engineering,Backend,revenue_variance,N/A
Jul,2024,Engineering,Backend,revenue_variance_pct,N/A
Jul,2024,Engineering,Backend,actual_expense,355000
Jul,2024,Engineering,Backend,budget_expense,340000
Jul,2024,Engineering,Backend,forecast_expense,348000
Jul,2024,Engineering,Backend,expense_variance,15000
Jul,2024,Engineering,Backend,expense_variance_pct,0.0441
Jul,2024,Engineering,Backend,gross_margin,N/A
Jul,2024,Engineering,Backend,gross_margin_pct,N/A
Jul,2024,Engineering,Backend,forecast_error_expense,8000
Jul,2024,Engineering,Backend,forecast_accuracy_expense_pct,0.9774
Jul,2024,Engineering,Backend,variance_driver_rate,N/A
Jul,2024,Engineering,Backend,variance_driver_volume,N/A

Jul,2024,Engineering,Frontend,actual_revenue,N/A
Jul,2024,Engineering,Frontend,budget_revenue,N/A
Jul,2024,Engineering,Frontend,forecast_revenue,N/A
Jul,2024,Engineering,Frontend,revenue_variance,N/A
Jul,2024,Engineering,Frontend,revenue_variance_pct,N/A
Jul,2024,Engineering,Frontend,actual_expense,305000
Jul,2024,Engineering,Frontend,budget_expense,294000
Jul,2024,Engineering,Frontend,forecast_expense,299000
Jul,2024,Engineering,Frontend,expense_variance,11000
Jul,2024,Engineering,Frontend,expense_variance_pct,0.0374
Jul,2024,Engineering,Frontend,gross_margin,N/A
Jul,2024,Engineering,Frontend,gross_margin_pct,N/A
Jul,2024,Engineering,Frontend,forecast_error_expense,5000
Jul,2024,Engineering,Frontend,forecast_accuracy_expense_pct,0.9837
Jul,2024,Engineering,Frontend,variance_driver_rate,N/A
Jul,2024,Engineering,Frontend,variance_driver_volume,N/A

Jul,2024,Engineering,DevOps,actual_revenue,N/A
Jul,2024,Engineering,DevOps,budget_revenue,N/A
Jul,2024,Engineering,DevOps,forecast_revenue,N/A
Jul,2024,Engineering,DevOps,revenue_variance,N/A
Jul,2024,Engineering,DevOps,revenue_variance_pct,N/A
Jul,2024,Engineering,DevOps,actual_expense,275000
Jul,2024,Engineering,DevOps,budget_expense,264000
Jul,2024,Engineering,DevOps,forecast_expense,269000
Jul,2024,Engineering,DevOps,expense_variance,11000
Jul,2024,Engineering,DevOps,expense_variance_pct,0.0417
Jul,2024,Engineering,DevOps,gross_margin,N/A
Jul,2024,Engineering,DevOps,gross_margin_pct,N/A
Jul,2024,Engineering,DevOps,forecast_error_expense,5000
Jul,2024,Engineering,DevOps,forecast_accuracy_expense_pct,0.9813
Jul,2024,Engineering,DevOps,variance_driver_rate,N/A
Jul,2024,Engineering,DevOps,variance_driver_volume,N/A

Jul,2024,G&A,HR,actual_revenue,N/A
Jul,2024,G&A,HR,budget_revenue,N/A
Jul,2024,G&A,HR,forecast_revenue,N/A
Jul,2024,G&A,HR,revenue_variance,N/A
Jul,2024,G&A,HR,revenue_variance_pct,N/A
Jul,2024,G&A,HR,actual_expense,129000
Jul,2024,G&A,HR,budget_expense,125000
Jul,2024,G&A,HR,forecast_expense,127000
Jul,2024,G&A,HR,expense_variance,4000
Jul,2024,G&A,HR,expense_variance_pct,0.

Aug,2024,Sales,Field Sales,actual_revenue,565000
Aug,2024,Sales,Field Sales,budget_revenue,555000
Aug,2024,Sales,Field Sales,forecast_revenue,560000
Aug,2024,Sales,Field Sales,revenue_variance,10000
Aug,2024,Sales,Field Sales,revenue_variance_pct,0.0180
Aug,2024,Sales,Field Sales,actual_expense,232000
Aug,2024,Sales,Field Sales,budget_expense,222000
Aug,2024,Sales,Field Sales,forecast_expense,227000
Aug,2024,Sales,Field Sales,expense_variance,10000
Aug,2024,Sales,Field Sales,expense_variance_pct,0.0450
Aug,2024,Sales,Field Sales,gross_margin,333000
Aug,2024,Sales,Field Sales,gross_margin_pct,0.5894
Aug,2024,Sales,Field Sales,forecast_error_revenue,5000
Aug,2024,Sales,Field Sales,forecast_accuracy_revenue_pct,0.9911
Aug,2024,Sales,Field Sales,forecast_error_expense,5000
Aug,2024,Sales,Field Sales,forecast_accuracy_expense_pct,0.9779
Aug,2024,Sales,Field Sales,variance_driver_rate,N/A
Aug,2024,Sales,Field Sales,variance_driver_volume,N/A

Aug,2024,Sales,Inside Sales,actual_revenue,410000
Aug,2024,Sales,Inside Sales,budget_revenue,405000
Aug,2024,Sales,Inside Sales,forecast_revenue,408000
Aug,2024,Sales,Inside Sales,revenue_variance,5000
Aug,2024,Sales,Inside Sales,revenue_variance_pct,0.0123
Aug,2024,Sales,Inside Sales,actual_expense,144000
Aug,2024,Sales,Inside Sales,budget_expense,140000
Aug,2024,Sales,Inside Sales,forecast_expense,142000
Aug,2024,Sales,Inside Sales,expense_variance,4000
Aug,2024,Sales,Inside Sales,expense_variance_pct,0.0286
Aug,2024,Sales,Inside Sales,gross_margin,266000
Aug,2024,Sales,Inside Sales,gross_margin_pct,0.6488
Aug,2024,Sales,Inside Sales,forecast_error_revenue,2000
Aug,2024,Sales,Inside Sales,forecast_accuracy_revenue_pct,0.9951
Aug,2024,Sales,Inside Sales,forecast_error_expense,2000
Aug,2024,Sales,Inside Sales,forecast_accuracy_expense_pct,0.9859
Aug,2024,Sales,Inside Sales,variance_driver_rate,N/A
Aug,2024,Sales,Inside Sales,variance_driver_volume,N/A

Aug,2024,Sales,Sales Ops,actual_revenue,111000
Aug,2024,Sales,Sales Ops,budget_revenue,110000
Aug,2024,Sales,Sales Ops,forecast_revenue,111000
Aug,2024,Sales,Sales Ops,revenue_variance,1000
Aug,2024,Sales,Sales Ops,revenue_variance_pct,0.0091
Aug,2024,Sales,Sales Ops,actual_expense,73500
Aug,2024,Sales,Sales Ops,budget_expense,69500
Aug,2024,Sales,Sales Ops,forecast_expense,70500
Aug,2024,Sales,Sales Ops,expense_variance,4000
Aug,2024,Sales,Sales Ops,expense_variance_pct,0.0576
Aug,2024,Sales,Sales Ops,gross_margin,37500
Aug,2024,Sales,Sales Ops,gross_margin_pct,0.3378
Aug,2024,Sales,Sales Ops,forecast_error_revenue,0
Aug,2024,Sales,Sales Ops,forecast_accuracy_revenue_pct,1.0000
Aug,2024,Sales,Sales Ops,forecast_error_expense,3000
Aug,2024,Sales,Sales Ops,forecast_accuracy_expense_pct,0.9571
Aug,2024,Sales,Sales Ops,variance_driver_rate,N/A
Aug,2024,Sales,Sales Ops,variance_driver_volume,N/A

Aug,2024,Marketing,Digital,actual_revenue,202000
Aug,2024,Marketing,Digital,budget_revenue,197000
Aug,2024,Marketing,Digital,forecast_revenue,200000
Aug,2024,Marketing,Digital,revenue_variance,5000
Aug,2024,Marketing,Digital,revenue_variance_pct,0.0254
Aug,2024,Marketing,Digital,actual_expense,155000
Aug,2024,Marketing,Digital,budget_expense,150000
Aug,2024,Marketing,Digital,forecast_expense,152000
Aug,2024,Marketing,Digital,expense_variance,5000
Aug,2024,Marketing,Digital,expense_variance_pct,0.0333
Aug,2024,Marketing,Digital,gross_margin,47000
Aug,2024,Marketing,Digital,gross_margin_pct,0.2327
Aug,2024,Marketing,Digital,forecast_error_revenue,2000
Aug,2024,Marketing,Digital,forecast_accuracy_revenue_pct,0.9900
Aug,2024,Marketing,Digital,forecast_error_expense,3000
Aug,2024,Marketing,Digital,forecast_accuracy_expense_pct,0.9803
Aug,2024,Marketing,Digital,variance_driver_rate,N/A
Aug,2024,Marketing,Digital,variance_driver_volume,N/A

Aug,2024,Marketing,Events,actual_revenue,160000
Aug,2024,Marketing,Events,budget_revenue,158000
Aug,2024,Marketing,Events,forecast_revenue,159000
Aug,2024,Marketing,Events,revenue_variance,2000
Aug,2024,Marketing,Events,revenue_variance_pct,0.0127
Aug,2024,Marketing,Events,actual_expense,163000
Aug,2024,Marketing,Events,budget_expense,156000
Aug,2024,Marketing,Events,forecast_expense,159000
Aug,2024,Marketing,Events,expense_variance,7000
Aug,2024,Marketing,Events,expense_variance_pct,0.0449
Aug,2024,Marketing,Events,gross_margin,-3000
Aug,2024,Marketing,Events,gross_margin_pct,-0.0188
Aug,2024,Marketing,Events,forecast_error_revenue,1000
Aug,2024,Marketing,Events,forecast_accuracy_revenue_pct,0.9937
Aug,2024,Marketing,Events,forecast_error_expense,3000
Aug,2024,Marketing,Events,forecast_accuracy_expense_pct,0.9811
Aug,2024,Marketing,Events,variance_driver_rate,N/A
Aug,2024,Marketing,Events,variance_driver_volume,N/A

Aug,2024,Marketing,Brand,actual_revenue,116000
Aug,2024,Marketing,Brand,budget_revenue,115000
Aug,2024,Marketing,Brand,forecast_revenue,116000
Aug,2024,Marketing,Brand,revenue_variance,1000
Aug,2024,Marketing,Brand,revenue_variance_pct,0.0087
Aug,2024,Marketing,Brand,actual_expense,124000
Aug,2024,Marketing,Brand,budget_expense,120000
Aug,2024,Marketing,Brand,forecast_expense,122000
Aug,2024,Marketing,Brand,expense_variance,4000
Aug,2024,Marketing,Brand,expense_variance_pct,0.0333
Aug,2024,Marketing,Brand,gross_margin,-8000
Aug,2024,Marketing,Brand,gross_margin_pct,-0.0690
Aug,2024,Marketing,Brand,forecast_error_revenue,0
Aug,2024,Marketing,Brand,forecast_accuracy_revenue_pct,1.0000
Aug,2024,Marketing,Brand,forecast_error_expense,2000
Aug,2024,Marketing,Brand,forecast_accuracy_expense_pct,0.9836
Aug,2024,Marketing,Brand,variance_driver_rate,N/A
Aug,2024,Marketing,Brand,variance_driver_volume,N/A

Aug,2024,Customer Success,Support,actual_revenue,214000
Aug,2024,Customer Success,Support,budget_revenue,211000
Aug,2024,Customer Success,Support,forecast_revenue,213000
Aug,2024,Customer Success,Support,revenue_variance,3000
Aug,2024,Customer Success,Support,revenue_variance_pct,0.0142
Aug,2024,Customer Success,Support,actual_expense,147000
Aug,2024,Customer Success,Support,budget_expense,141000
Aug,2024,Customer Success,Support,forecast_expense,144000
Aug,2024,Customer Success,Support,expense_variance,6000
Aug,2024,Customer Success,Support,expense_variance_pct,0.0426
Aug,2024,Customer Success,Support,gross_margin,67000
Aug,2024,Customer Success,Support,gross_margin_pct,0.3131
Aug,2024,Customer Success,Support,forecast_error_revenue,1000
Aug,2024,Customer Success,Support,forecast_accuracy_revenue_pct,0.9953
Aug,2024,Customer Success,Support,forecast_error_expense,3000
Aug,2024,Customer Success,Support,forecast_accuracy_expense_pct,0.9790
Aug,2024,Customer Success,Support,variance_driver_rate,N/A
Aug,2024,Customer Success,Support,variance_driver_volume,N/A

Aug,2024,Customer Success,Onboarding,actual_revenue,186000
Aug,2024,Customer Success,Onboarding,budget_revenue,184000
Aug,2024,Customer Success,Onboarding,forecast_revenue,185000
Aug,2024,Customer Success,Onboarding,revenue_variance,2000
Aug,2024,Customer Success,Onboarding,revenue_variance_pct,0.0109
Aug,2024,Customer Success,Onboarding,actual_expense,136000
Aug,2024,Customer Success,Onboarding,budget_expense,131000
Aug,2024,Customer Success,Onboarding,forecast_expense,134000
Aug,2024,Customer Success,Onboarding,expense_variance,5000
Aug,2024,Customer Success,Onboarding,expense_variance_pct,0.0382
Aug,2024,Customer Success,Onboarding,gross_margin,50000
Aug,2024,Customer Success,Onboarding,gross_margin_pct,0.2688
Aug,2024,Customer Success,Onboarding,forecast_error_revenue,1000
Aug,2024,Customer Success,Onboarding,forecast_accuracy_revenue_pct,0.9946
Aug,2024,Customer Success,Onboarding,forecast_error_expense,2000
Aug,2024,Customer Success,Onboarding,forecast_accuracy_expense_pct,0.9850
Aug,2024,Customer Success,Onboarding,variance_driver_rate,N/A
Aug,2024,Customer Success,Onboarding,variance_driver_volume,N/A

Aug,2024,Product,Product Management,actual_revenue,N/A
Aug,2024,Product,Product Management,budget_revenue,N/A
Aug,2024,Product,Product Management,forecast_revenue,N/A
Aug,2024,Product,Product Management,revenue_variance,N/A
Aug,2024,Product,Product Management,revenue_variance_pct,N/A
Aug,2024,Product,Product Management,actual_expense,259000
Aug,2024,Product,Product Management,budget_expense,251000
Aug,2024,Product,Product Management,forecast_expense,255000
Aug,2024,Product,Product Management,expense_variance,8000
Aug,2024,Product,Product Management,expense_variance_pct,0.0319
Aug,2024,Product,Product Management,gross_margin,N/A
Aug,2024,Product,Product Management,gross_margin_pct,N/A
Aug,2024,Product,Product Management,forecast_error_expense,4000
Aug,2024,Product,Product Management,forecast_accuracy_expense_pct,0.9843
Aug,2024,Product,Product Management,variance_driver_rate,N/A
Aug,2024,Product,Product Management,variance_driver_volume,N/A

Aug,2024,Product,UX,actual_revenue,N/A
Aug,2024,Product,UX,budget_revenue,N/A
Aug,2024,Product,UX,forecast_revenue,N/A
Aug,2024,Product,UX,revenue_variance,N/A
Aug,2024,Product,UX,revenue_variance_pct,N/A
Aug,2024,Product,UX,actual_expense,165000
Aug,2024,Product,UX,budget_expense,158000
Aug,2024,Product,UX,forecast_expense,162000
Aug,2024,Product,UX,expense_variance,7000
Aug,2024,Product,UX,expense_variance_pct,0.0443
Aug,2024,Product,UX,gross_margin,N/A
Aug,2024,Product,UX,gross_margin_pct,N/A
Aug,2024,Product,UX,forecast_error_expense,4000
Aug,2024,Product,UX,forecast_accuracy_expense_pct,0.9752
Aug,2024,Product,UX,variance_driver_rate,N/A
Aug,2024,Product,UX,variance_driver_volume,N/A

Aug,2024,Engineering,Backend,actual_revenue,N/A
Aug,2024,Engineering,Backend,budget_revenue,N/A
Aug,2024,Engineering,Backend,forecast_revenue,N/A
Aug,2024,Engineering,Backend,revenue_variance,N/A
Aug,2024,Engineering,Backend,revenue_variance_pct,N/A
Aug,2024,Engineering,Backend,actual_expense,357000
Aug,2024,Engineering,Backend,budget_expense,342000
Aug,2024,Engineering,Backend,forecast_expense,350000
Aug,2024,Engineering,Backend,expense_variance,15000
Aug,2024,Engineering,Backend,expense_variance_pct,0.0439
Aug,2024,Engineering,Backend,gross_margin,N/A
Aug,2024,Engineering,Backend,gross_margin_pct,N/A
Aug,2024,Engineering,Backend,forecast_error_expense,8000
Aug,2024,Engineering,Backend,forecast_accuracy_expense_pct,0.9776
Aug,2024,Engineering,Backend,variance_driver_rate,N/A
Aug,2024,Engineering,Backend,variance_driver_volume,N/A

Aug,2024,Engineering,Frontend,actual_revenue,N/A
Aug,2024,Engineering,Frontend,budget_revenue,N/A
Aug,2024,Engineering,Frontend,forecast_revenue,N/A
Aug,2024,Engineering,Frontend,revenue_variance,N/A
Aug,2024,Engineering,Frontend,revenue_variance_pct,N/A
Aug,2024,Engineering,Frontend,actual_expense,307000
Aug,2024,Engineering,Frontend,budget_expense,296000
Aug,2024,Engineering,Frontend,forecast_expense,301000
Aug,2024,Engineering,Frontend,expense_variance,11000
Aug,2024,Engineering,Frontend,expense_variance_pct,0.0372
Aug,2024,Engineering,Frontend,gross_margin,N/A
Aug,2024,Engineering,Frontend,gross_margin_pct,N/A
Aug,2024,Engineering,Frontend,forecast_error_expense,5000
Aug,2024,Engineering,Frontend,forecast_accuracy_expense_pct,0.9839
Aug,2024,Engineering,Frontend,variance_driver_rate,N/A
Aug,2024,Engineering,Frontend,variance_driver_volume,N/A

Aug,2024,Engineering,DevOps,actual_revenue,N/A
Aug,2024,Engineering,DevOps,budget_revenue,N/A
Aug,2024,Engineering,DevOps,forecast_revenue,N/A
Aug,2024,Engineering,DevOps,revenue_variance,N/A
Aug,2024,Engineering,DevOps,revenue_variance_pct,N/A
Aug,2024,Engineering,DevOps,actual_expense,277000
Aug,2024,Engineering,DevOps,budget_expense,266000
Aug,2024,Engineering,DevOps,forecast_expense,271000
Aug,2024,Engineering,DevOps,expense_variance,11000
Aug,2024,Engineering,DevOps,expense_variance_pct,0.0414
Aug,2024,Engineering,DevOps,gross_margin,N/A
Aug,2024,Engineering,DevOps,gross_margin_pct,N/A
Aug,2024,Engineering,DevOps,forecast_error_expense,5000
Aug,2024,Engineering,DevOps,forecast_accuracy_expense_pct,0.9814
Aug,2024,Engineering,DevOps,variance_driver_rate,N/A
Aug,2024,Engineering,DevOps,variance_driver_volume,N/A

Aug,2024,G&A,HR,actual_revenue,N/A
Aug,2024,G&A,HR,budget_revenue,N/A
Aug,2024,G&A,HR,forecast_revenue,N/A
Aug,2024,G&A,HR,revenue_variance,N/A
Aug,2024,G&A,HR,revenue_variance_pct,N/A
Aug,2024,G&A,HR,actual_expense,130000
Aug,2024,G&A,HR,budget_expense,126000
Aug,2024,G&A,HR,forecast_expense,128000
Aug,2024,G&A

Sep,2024,Sales,Field Sales,actual_revenue,570000
Sep,2024,Sales,Field Sales,budget_revenue,560000
Sep,2024,Sales,Field Sales,forecast_revenue,565000
Sep,2024,Sales,Field Sales,revenue_variance,10000
Sep,2024,Sales,Field Sales,revenue_variance_pct,0.0179
Sep,2024,Sales,Field Sales,actual_expense,234000
Sep,2024,Sales,Field Sales,budget_expense,224000
Sep,2024,Sales,Field Sales,forecast_expense,229000
Sep,2024,Sales,Field Sales,expense_variance,10000
Sep,2024,Sales,Field Sales,expense_variance_pct,0.0446
Sep,2024,Sales,Field Sales,gross_margin,336000
Sep,2024,Sales,Field Sales,gross_margin_pct,0.5895
Sep,2024,Sales,Field Sales,forecast_error_revenue,5000
Sep,2024,Sales,Field Sales,forecast_accuracy_revenue_pct,0.9912
Sep,2024,Sales,Field Sales,forecast_error_expense,5000
Sep,2024,Sales,Field Sales,forecast_accuracy_expense_pct,0.9781
Sep,2024,Sales,Field Sales,variance_driver_rate,N/A
Sep,2024,Sales,Field Sales,variance_driver_volume,N/A

Sep,2024,Sales,Inside Sales,actual_revenue,415000
Sep,2024,Sales,Inside Sales,budget_revenue,410000
Sep,2024,Sales,Inside Sales,forecast_revenue,413000
Sep,2024,Sales,Inside Sales,revenue_variance,5000
Sep,2024,Sales,Inside Sales,revenue_variance_pct,0.0122
Sep,2024,Sales,Inside Sales,actual_expense,145000
Sep,2024,Sales,Inside Sales,budget_expense,141000
Sep,2024,Sales,Inside Sales,forecast_expense,143000
Sep,2024,Sales,Inside Sales,expense_variance,4000
Sep,2024,Sales,Inside Sales,expense_variance_pct,0.0284
Sep,2024,Sales,Inside Sales,gross_margin,270000
Sep,2024,Sales,Inside Sales,gross_margin_pct,0.6506
Sep,2024,Sales,Inside Sales,forecast_error_revenue,2000
Sep,2024,Sales,Inside Sales,forecast_accuracy_revenue_pct,0.9952
Sep,2024,Sales,Inside Sales,forecast_error_expense,2000
Sep,2024,Sales,Inside Sales,forecast_accuracy_expense_pct,0.9860
Sep,2024,Sales,Inside Sales,variance_driver_rate,N/A
Sep,2024,Sales,Inside Sales,variance_driver_volume,N/A

Sep,2024,Sales,Sales Ops,actual_revenue,112000
Sep,2024,Sales,Sales Ops,budget_revenue,111000
Sep,2024,Sales,Sales Ops,forecast_revenue,112000
Sep,2024,Sales,Sales Ops,revenue_variance,1000
Sep,2024,Sales,Sales Ops,revenue_variance_pct,0.0090
Sep,2024,Sales,Sales Ops,actual_expense,74000
Sep,2024,Sales,Sales Ops,budget_expense,70000
Sep,2024,Sales,Sales Ops,forecast_expense,71000
Sep,2024,Sales,Sales Ops,expense_variance,4000
Sep,2024,Sales,Sales Ops,expense_variance_pct,0.0571
Sep,2024,Sales,Sales Ops,gross_margin,38000
Sep,2024,Sales,Sales Ops,gross_margin_pct,0.3393
Sep,2024,Sales,Sales Ops,forecast_error_revenue,0
Sep,2024,Sales,Sales Ops,forecast_accuracy_revenue_pct,1.0000
Sep,2024,Sales,Sales Ops,forecast_error_expense,3000
Sep,2024,Sales,Sales Ops,forecast_accuracy_expense_pct,0.9573
Sep,2024,Sales,Sales Ops,variance_driver_rate,N/A
Sep,2024,Sales,Sales Ops,variance_driver_volume,N/A

Sep,2024,Marketing,Digital,actual_revenue,204000
Sep,2024,Marketing,Digital,budget_revenue,199000
Sep,2024,Marketing,Digital,forecast_revenue,202000
Sep,2024,Marketing,Digital,revenue_variance,5000
Sep,2024,Marketing,Digital,revenue_variance_pct,0.0251
Sep,2024,Marketing,Digital,actual_expense,156000
Sep,2024,Marketing,Digital,budget_expense,151000
Sep,2024,Marketing,Digital,forecast_expense,153000
Sep,2024,Marketing,Digital,expense_variance,5000
Sep,2024,Marketing,Digital,expense_variance_pct,0.0331
Sep,2024,Marketing,Digital,gross_margin,48000
Sep,2024,Marketing,Digital,gross_margin_pct,0.2353
Sep,2024,Marketing,Digital,forecast_error_revenue,2000
Sep,2024,Marketing,Digital,forecast_accuracy_revenue_pct,0.9901
Sep,2024,Marketing,Digital,forecast_error_expense,3000
Sep,2024,Marketing,Digital,forecast_accuracy_expense_pct,0.9804
Sep,2024,Marketing,Digital,variance_driver_rate,N/A
Sep,2024,Marketing,Digital,variance_driver_volume,N/A

Sep,2024,Marketing,Events,actual_revenue,162000
Sep,2024,Marketing,Events,budget_revenue,160000
Sep,2024,Marketing,Events,forecast_revenue,161000
Sep,2024,Marketing,Events,revenue_variance,2000
Sep,2024,Marketing,Events,revenue_variance_pct,0.0125
Sep,2024,Marketing,Events,actual_expense,164000
Sep,2024,Marketing,Events,budget_expense,157000
Sep,2024,Marketing,Events,forecast_expense,160000
Sep,2024,Marketing,Events,expense_variance,7000
Sep,2024,Marketing,Events,expense_variance_pct,0.0446
Sep,2024,Marketing,Events,gross_margin,-2000
Sep,2024,Marketing,Events,gross_margin_pct,-0.0123
Sep,2024,Marketing,Events,forecast_error_revenue,1000
Sep,2024,Marketing,Events,forecast_accuracy_revenue_pct,0.9938
Sep,2024,Marketing,Events,forecast_error_expense,3000
Sep,2024,Marketing,Events,forecast_accuracy_expense_pct,0.9812
Sep,2024,Marketing,Events,variance_driver_rate,N/A
Sep,2024,Marketing,Events,variance_driver_volume,N/A

Sep,2024,Marketing,Brand,actual_revenue,117000
Sep,2024,Marketing,Brand,budget_revenue,116000
Sep,2024,Marketing,Brand,forecast_revenue,117000
Sep,2024,Marketing,Brand,revenue_variance,1000
Sep,2024,Marketing,Brand,revenue_variance_pct,0.0086
Sep,2024,Marketing,Brand,actual_expense,125000
Sep,2024,Marketing,Brand,budget_expense,121000
Sep,2024,Marketing,Brand,forecast_expense,123000
Sep,2024,Marketing,Brand,expense_variance,4000
Sep,2024,Marketing,Brand,expense_variance_pct,0.0331
Sep,2024,Marketing,Brand,gross_margin,-8000
Sep,2024,Marketing,Brand,gross_margin_pct,-0.0684
Sep,2024,Marketing,Brand,forecast_error_revenue,0
Sep,2024,Marketing,Brand,forecast_accuracy_revenue_pct,1.0000
Sep,2024,Marketing,Brand,forecast_error_expense,2000
Sep,2024,Marketing,Brand,forecast_accuracy_expense_pct,0.9837
Sep,2024,Marketing,Brand,variance_driver_rate,N/A
Sep,2024,Marketing,Brand,variance_driver_volume,N/A

Sep,2024,Customer Success,Support,actual_revenue,216000
Sep,2024,Customer Success,Support,budget_revenue,213000
Sep,2024,Customer Success,Support,forecast_revenue,215000
Sep,2024,Customer Success,Support,revenue_variance,3000
Sep,2024,Customer Success,Support,revenue_variance_pct,0.0141
Sep,2024,Customer Success,Support,actual_expense,148000
Sep,2024,Customer Success,Support,budget_expense,142000
Sep,2024,Customer Success,Support,forecast_expense,145000
Sep,2024,Customer Success,Support,expense_variance,6000
Sep,2024,Customer Success,Support,expense_variance_pct,0.0423
Sep,2024,Customer Success,Support,gross_margin,68000
Sep,2024,Customer Success,Support,gross_margin_pct,0.3148
Sep,2024,Customer Success,Support,forecast_error_revenue,1000
Sep,2024,Customer Success,Support,forecast_accuracy_revenue_pct,0.9953
Sep,2024,Customer Success,Support,forecast_error_expense,3000
Sep,2024,Customer Success,Support,forecast_accuracy_expense_pct,0.9791
Sep,2024,Customer Success,Support,variance_driver_rate,N/A
Sep,2024,Customer Success,Support,variance_driver_volume,N/A

Sep,2024,Customer Success,Onboarding,actual_revenue,188000
Sep,2024,Customer Success,Onboarding,budget_revenue,186000
Sep,2024,Customer Success,Onboarding,forecast_revenue,187000
Sep,2024,Customer Success,Onboarding,revenue_variance,2000
Sep,2024,Customer Success,Onboarding,revenue_variance_pct,0.0108
Sep,2024,Customer Success,Onboarding,actual_expense,137000
Sep,2024,Customer Success,Onboarding,budget_expense,132000
Sep,2024,Customer Success,Onboarding,forecast_expense,135000
Sep,2024,Customer Success,Onboarding,expense_variance,5000
Sep,2024,Customer Success,Onboarding,expense_variance_pct,0.0379
Sep,2024,Customer Success,Onboarding,gross_margin,51000
Sep,2024,Customer Success,Onboarding,gross_margin_pct,0.2713
Sep,2024,Customer Success,Onboarding,forecast_error_revenue,1000
Sep,2024,Customer Success,Onboarding,forecast_accuracy_revenue_pct,0.9947
Sep,2024,Customer Success,Onboarding,forecast_error_expense,2000
Sep,2024,Customer Success,Onboarding,forecast_accuracy_expense_pct,0.9851
Sep,2024,Customer Success,Onboarding,variance_driver_rate,N/A
Sep,2024,Customer Success,Onboarding,variance_driver_volume,N/A

Sep,2024,Product,Product Management,actual_revenue,N/A
Sep,2024,Product,Product Management,budget_revenue,N/A
Sep,2024,Product,Product Management,forecast_revenue,N/A
Sep,2024,Product,Product Management,revenue_variance,N/A
Sep,2024,Product,Product Management,revenue_variance_pct,N/A
Sep,2024,Product,Product Management,actual_expense,261000
Sep,2024,Product,Product Management,budget_expense,253000
Sep,2024,Product,Product Management,forecast_expense,257000
Sep,2024,Product,Product Management,expense_variance,8000
Sep,2024,Product,Product Management,expense_variance_pct,0.0316
Sep,2024,Product,Product Management,gross_margin,N/A
Sep,2024,Product,Product Management,gross_margin_pct,N/A
Sep,2024,Product,Product Management,forecast_error_expense,4000
Sep,2024,Product,Product Management,forecast_accuracy_expense_pct,0.9844
Sep,2024,Product,Product Management,variance_driver_rate,N/A
Sep,2024,Product,Product Management,variance_driver_volume,N/A

Sep,2024,Product,UX,actual_revenue,N/A
Sep,2024,Product,UX,budget_revenue,N/A
Sep,2024,Product,UX,forecast_revenue,N/A
Sep,2024,Product,UX,revenue_variance,N/A
Sep,2024,Product,UX,revenue_variance_pct,N/A
Sep,2024,Product,UX,actual_expense,166000
Sep,2024,Product,UX,budget_expense,159000
Sep,2024,Product,UX,forecast_expense,163000
Sep,2024,Product,UX,expense_variance,7000
Sep,2024,Product,UX,expense_variance_pct,0.0440
Sep,2024,Product,UX,gross_margin,N/A
Sep,2024,Product,UX,gross_margin_pct,N/A
Sep,2024,Product,UX,forecast_error_expense,4000
Sep,2024,Product,UX,forecast_accuracy_expense_pct,0.9753
Sep,2024,Product,UX,variance_driver_rate,N/A
Sep,2024,Product,UX,variance_driver_volume,N/A

Sep,2024,Engineering,Backend,actual_revenue,N/A
Sep,2024,Engineering,Backend,budget_revenue,N/A
Sep,2024,Engineering,Backend,forecast_revenue,N/A
Sep,2024,Engineering,Backend,revenue_variance,N/A
Sep,2024,Engineering,Backend,revenue_variance_pct,N/A
Sep,2024,Engineering,Backend,actual_expense,359000
Sep,2024,Engineering,Backend,budget_expense,344000
Sep,2024,Engineering,Backend,forecast_expense,352000
Sep,2024,Engineering,Backend,expense_variance,15000
Sep,2024,Engineering,Backend,expense_variance_pct,0.0436
Sep,2024,Engineering,Backend,gross_margin,N/A
Sep,2024,Engineering,Backend,gross_margin_pct,N/A
Sep,2024,Engineering,Backend,forecast_error_expense,8000
Sep,2024,Engineering,Backend,forecast_accuracy_expense_pct,0.9777
Sep,2024,Engineering,Backend,variance_driver_rate,N/A
Sep,2024,Engineering,Backend,variance_driver_volume,N/A

Sep,2024,Engineering,Frontend,actual_revenue,N/A
Sep,2024,Engineering,Frontend,budget_revenue,N/A
Sep,2024,Engineering,Frontend,forecast_revenue,N/A
Sep,2024,Engineering,Frontend,revenue_variance,N/A
Sep,2024,Engineering,Frontend,revenue_variance_pct,N/A
Sep,2024,Engineering,Frontend,actual_expense,309000
Sep,2024,Engineering,Frontend,budget_expense,298000
Sep,2024,Engineering,Frontend,forecast_expense,303000
Sep,2024,Engineering,Frontend,expense_variance,11000
Sep,2024,Engineering,Frontend,expense_variance_pct,0.0369
Sep,2024,Engineering,Frontend,gross_margin,N/A
Sep,2024,Engineering,Frontend,gross_margin_pct,N/A
Sep,2024,Engineering,Frontend,forecast_error_expense,5000
Sep,2024,Engineering,Frontend,forecast_accuracy_expense_pct,0.9840
Sep,2024,Engineering,Frontend,variance_driver_rate,N/A
Sep,2024,Engineering,Frontend,variance_driver_volume,N/A

Sep,2024,Engineering,DevOps,actual_revenue,N/A
Sep,2024,Engineering,DevOps,budget_revenue,N/A
Sep,2024,Engineering,DevOps,forecast_revenue,N/A
Sep,2024,Engineering,DevOps,revenue_variance,N/A
Sep,2024,Engineering,DevOps,revenue_variance_pct,N/A
Sep,2024,Engineering,DevOps,actual_expense,279000
Sep,2024,Engineering,DevOps,budget_expense,268000
Sep,2024,Engineering,DevOps,forecast_expense,273000
Sep,2024,Engineering,DevOps,expense_variance,11000
Sep,2024,Engineering,DevOps,expense_variance_pct,0.0410
Sep,2024,Engineering,DevOps,gross_margin,N/A
Sep,2024,Engineering,DevOps,gross_margin_pct,N/A
Sep,2024,Engineering,DevOps,forecast_error_expense,5000
Sep,2024,Engineering,DevOps,forecast_accuracy_expense_pct,0.9815
Sep,2024,Engineering,DevOps,variance_driver_rate,N/A
Sep,2024,Engineering,DevOps,variance_driver_volume,N/A

Sep,2024,G&A,HR,actual_revenue,N/A
Sep,2024,G&A,HR,budget_revenue,N/A
Sep,2024,G&A,HR,forecast_revenue,N/A
Sep,2024,G&A,HR,revenue_variance,N/A
Sep,2024,G&A,HR,revenue_variance_pct,N/A
Sep,2024,G&A,HR,actual_expense,131000
Sep,2024,G&A,HR,budget_expense,127000
Sep,2024,G&A,HR,forecast_expense,129000
Sep,2024,G&A,HR,expense_variance,4000
Sep,2024,G&A,HR,expense_variance_pct,0.0315
``

Oct,2024,Sales,Field Sales,actual_revenue,575000
Oct,2024,Sales,Field Sales,budget_revenue,565000
Oct,2024,Sales,Field Sales,forecast_revenue,570000
Oct,2024,Sales,Field Sales,revenue_variance,10000
Oct,2024,Sales,Field Sales,revenue_variance_pct,0.0177
Oct,2024,Sales,Field Sales,actual_expense,236000
Oct,2024,Sales,Field Sales,budget_expense,226000
Oct,2024,Sales,Field Sales,forecast_expense,231000
Oct,2024,Sales,Field Sales,expense_variance,10000
Oct,2024,Sales,Field Sales,expense_variance_pct,0.0442
Oct,2024,Sales,Field Sales,gross_margin,339000
Oct,2024,Sales,Field Sales,gross_margin_pct,0.5896
Oct,2024,Sales,Field Sales,forecast_error_revenue,5000
Oct,2024,Sales,Field Sales,forecast_accuracy_revenue_pct,0.9912
Oct,2024,Sales,Field Sales,forecast_error_expense,5000
Oct,2024,Sales,Field Sales,forecast_accuracy_expense_pct,0.9783
Oct,2024,Sales,Field Sales,variance_driver_rate,N/A
Oct,2024,Sales,Field Sales,variance_driver_volume,N/A

Oct,2024,Sales,Inside Sales,actual_revenue,420000
Oct,2024,Sales,Inside Sales,budget_revenue,415000
Oct,2024,Sales,Inside Sales,forecast_revenue,418000
Oct,2024,Sales,Inside Sales,revenue_variance,5000
Oct,2024,Sales,Inside Sales,revenue_variance_pct,0.0120
Oct,2024,Sales,Inside Sales,actual_expense,146000
Oct,2024,Sales,Inside Sales,budget_expense,142000
Oct,2024,Sales,Inside Sales,forecast_expense,144000
Oct,2024,Sales,Inside Sales,expense_variance,4000
Oct,2024,Sales,Inside Sales,expense_variance_pct,0.0282
Oct,2024,Sales,Inside Sales,gross_margin,274000
Oct,2024,Sales,Inside Sales,gross_margin_pct,0.6524
Oct,2024,Sales,Inside Sales,forecast_error_revenue,2000
Oct,2024,Sales,Inside Sales,forecast_accuracy_revenue_pct,0.9952
Oct,2024,Sales,Inside Sales,forecast_error_expense,2000
Oct,2024,Sales,Inside Sales,forecast_accuracy_expense_pct,0.9861
Oct,2024,Sales,Inside Sales,variance_driver_rate,N/A
Oct,2024,Sales,Inside Sales,variance_driver_volume,N/A

Oct,2024,Sales,Sales Ops,actual_revenue,113000
Oct,2024,Sales,Sales Ops,budget_revenue,112000
Oct,2024,Sales,Sales Ops,forecast_revenue,113000
Oct,2024,Sales,Sales Ops,revenue_variance,1000
Oct,2024,Sales,Sales Ops,revenue_variance_pct,0.0089
Oct,2024,Sales,Sales Ops,actual_expense,74500
Oct,2024,Sales,Sales Ops,budget_expense,70500
Oct,2024,Sales,Sales Ops,forecast_expense,71500
Oct,2024,Sales,Sales Ops,expense_variance,4000
Oct,2024,Sales,Sales Ops,expense_variance_pct,0.0567
Oct,2024,Sales,Sales Ops,gross_margin,38500
Oct,2024,Sales,Sales Ops,gross_margin_pct,0.3407
Oct,2024,Sales,Sales Ops,forecast_error_revenue,0
Oct,2024,Sales,Sales Ops,forecast_accuracy_revenue_pct,1.0000
Oct,2024,Sales,Sales Ops,forecast_error_expense,3000
Oct,2024,Sales,Sales Ops,forecast_accuracy_expense_pct,0.9575
Oct,2024,Sales,Sales Ops,variance_driver_rate,N/A
Oct,2024,Sales,Sales Ops,variance_driver_volume,N/A

Oct,2024,Marketing,Digital,actual_revenue,206000
Oct,2024,Marketing,Digital,budget_revenue,201000
Oct,2024,Marketing,Digital,forecast_revenue,204000
Oct,2024,Marketing,Digital,revenue_variance,5000
Oct,2024,Marketing,Digital,revenue_variance_pct,0.0249
Oct,2024,Marketing,Digital,actual_expense,157000
Oct,2024,Marketing,Digital,budget_expense,152000
Oct,2024,Marketing,Digital,forecast_expense,154000
Oct,2024,Marketing,Digital,expense_variance,5000
Oct,2024,Marketing,Digital,expense_variance_pct,0.0329
Oct,2024,Marketing,Digital,gross_margin,49000
Oct,2024,Marketing,Digital,gross_margin_pct,0.2379
Oct,2024,Marketing,Digital,forecast_error_revenue,2000
Oct,2024,Marketing,Digital,forecast_accuracy_revenue_pct,0.9902
Oct,2024,Marketing,Digital,forecast_error_expense,3000
Oct,2024,Marketing,Digital,forecast_accuracy_expense_pct,0.9805
Oct,2024,Marketing,Digital,variance_driver_rate,N/A
Oct,2024,Marketing,Digital,variance_driver_volume,N/A

Oct,2024,Marketing,Events,actual_revenue,164000
Oct,2024,Marketing,Events,budget_revenue,162000
Oct,2024,Marketing,Events,forecast_revenue,163000
Oct,2024,Marketing,Events,revenue_variance,2000
Oct,2024,Marketing,Events,revenue_variance_pct,0.0123
Oct,2024,Marketing,Events,actual_expense,165000
Oct,2024,Marketing,Events,budget_expense,158000
Oct,2024,Marketing,Events,forecast_expense,161000
Oct,2024,Marketing,Events,expense_variance,7000
Oct,2024,Marketing,Events,expense_variance_pct,0.0443
Oct,2024,Marketing,Events,gross_margin,-1000
Oct,2024,Marketing,Events,gross_margin_pct,-0.0061
Oct,2024,Marketing,Events,forecast_error_revenue,1000
Oct,2024,Marketing,Events,forecast_accuracy_revenue_pct,0.9939
Oct,2024,Marketing,Events,forecast_error_expense,3000
Oct,2024,Marketing,Events,forecast_accuracy_expense_pct,0.9813
Oct,2024,Marketing,Events,variance_driver_rate,N/A
Oct,2024,Marketing,Events,variance_driver_volume,N/A

Oct,2024,Marketing,Brand,actual_revenue,118000
Oct,2024,Marketing,Brand,budget_revenue,117000
Oct,2024,Marketing,Brand,forecast_revenue,118000
Oct,2024,Marketing,Brand,revenue_variance,1000
Oct,2024,Marketing,Brand,revenue_variance_pct,0.0085
Oct,2024,Marketing,Brand,actual_expense,126000
Oct,2024,Marketing,Brand,budget_expense,122000
Oct,2024,Marketing,Brand,forecast_expense,124000
Oct,2024,Marketing,Brand,expense_variance,4000
Oct,2024,Marketing,Brand,expense_variance_pct,0.0328
Oct,2024,Marketing,Brand,gross_margin,-8000
Oct,2024,Marketing,Brand,gross_margin_pct,-0.0678
Oct,2024,Marketing,Brand,forecast_error_revenue,0
Oct,2024,Marketing,Brand,forecast_accuracy_revenue_pct,1.0000
Oct,2024,Marketing,Brand,forecast_error_expense,2000
Oct,2024,Marketing,Brand,forecast_accuracy_expense_pct,0.9838
Oct,2024,Marketing,Brand,variance_driver_rate,N/A
Oct,2024,Marketing,Brand,variance_driver_volume,N/A

Oct,2024,Customer Success,Support,actual_revenue,218000
Oct,2024,Customer Success,Support,budget_revenue,215000
Oct,2024,Customer Success,Support,forecast_revenue,217000
Oct,2024,Customer Success,Support,revenue_variance,3000
Oct,2024,Customer Success,Support,revenue_variance_pct,0.0139
Oct,2024,Customer Success,Support,actual_expense,149000
Oct,2024,Customer Success,Support,budget_expense,143000
Oct,2024,Customer Success,Support,forecast_expense,146000
Oct,2024,Customer Success,Support,expense_variance,6000
Oct,2024,Customer Success,Support,expense_variance_pct,0.0420
Oct,2024,Customer Success,Support,gross_margin,69000
Oct,2024,Customer Success,Support,gross_margin_pct,0.3165
Oct,2024,Customer Success,Support,forecast_error_revenue,1000
Oct,2024,Customer Success,Support,forecast_accuracy_revenue_pct,0.9954
Oct,2024,Customer Success,Support,forecast_error_expense,3000
Oct,2024,Customer Success,Support,forecast_accuracy_expense_pct,0.9792
Oct,2024,Customer Success,Support,variance_driver_rate,N/A
Oct,2024,Customer Success,Support,variance_driver_volume,N/A

Oct,2024,Customer Success,Onboarding,actual_revenue,190000
Oct,2024,Customer Success,Onboarding,budget_revenue,188000
Oct,2024,Customer Success,Onboarding,forecast_revenue,189000
Oct,2024,Customer Success,Onboarding,revenue_variance,2000
Oct,2024,Customer Success,Onboarding,revenue_variance_pct,0.0106
Oct,2024,Customer Success,Onboarding,actual_expense,138000
Oct,2024,Customer Success,Onboarding,budget_expense,133000
Oct,2024,Customer Success,Onboarding,forecast_expense,136000
Oct,2024,Customer Success,Onboarding,expense_variance,5000
Oct,2024,Customer Success,Onboarding,expense_variance_pct,0.0376
Oct,2024,Customer Success,Onboarding,gross_margin,52000
Oct,2024,Customer Success,Onboarding,gross_margin_pct,0.2737
Oct,2024,Customer Success,Onboarding,forecast_error_revenue,1000
Oct,2024,Customer Success,Onboarding,forecast_accuracy_revenue_pct,0.9947
Oct,2024,Customer Success,Onboarding,forecast_error_expense,2000
Oct,2024,Customer Success,Onboarding,forecast_accuracy_expense_pct,0.9852
Oct,2024,Customer Success,Onboarding,variance_driver_rate,N/A
Oct,2024,Customer Success,Onboarding,variance_driver_volume,N/A

Oct,2024,Product,Product Management,actual_revenue,N/A
Oct,2024,Product,Product Management,budget_revenue,N/A
Oct,2024,Product,Product Management,forecast_revenue,N/A
Oct,2024,Product,Product Management,revenue_variance,N/A
Oct,2024,Product,Product Management,revenue_variance_pct,N/A
Oct,2024,Product,Product Management,actual_expense,263000
Oct,2024,Product,Product Management,budget_expense,255000
Oct,2024,Product,Product Management,forecast_expense,259000
Oct,2024,Product,Product Management,expense_variance,8000
Oct,2024,Product,Product Management,expense_variance_pct,0.0314
Oct,2024,Product,Product Management,gross_margin,N/A
Oct,2024,Product,Product Management,gross_margin_pct,N/A
Oct,2024,Product,Product Management,forecast_error_expense,4000
Oct,2024,Product,Product Management,forecast_accuracy_expense_pct,0.9845
Oct,2024,Product,Product Management,variance_driver_rate,N/A
Oct,2024,Product,Product Management,variance_driver_volume,N/A

Oct,2024,Product,UX,actual_revenue,N/A
Oct,2024,Product,UX,budget_revenue,N/A
Oct,2024,Product,UX,forecast_revenue,N/A
Oct,2024,Product,UX,revenue_variance,N/A
Oct,2024,Product,UX,revenue_variance_pct,N/A
Oct,2024,Product,UX,actual_expense,167000
Oct,2024,Product,UX,budget_expense,160000
Oct,2024,Product,UX,forecast_expense,164000
Oct,2024,Product,UX,expense_variance,7000
Oct,2024,Product,UX,expense_variance_pct,0.0438
Oct,2024,Product,UX,gross_margin,N/A
Oct,2024,Product,UX,gross_margin_pct,N/A
Oct,2024,Product,UX,forecast_error_expense,4000
Oct,2024,Product,UX,forecast_accuracy_expense_pct,0.9754
Oct,2024,Product,UX,variance_driver_rate,N/A
Oct,2024,Product,UX,variance_driver_volume,N/A

Oct,2024,Engineering,Backend,actual_revenue,N/A
Oct,2024,Engineering,Backend,budget_revenue,N/A
Oct,2024,Engineering,Backend,forecast_revenue,N/A
Oct,2024,Engineering,Backend,revenue_variance,N/A
Oct,2024,Engineering,Backend,revenue_variance_pct,N/A
Oct,2024,Engineering,Backend,actual_expense,361000
Oct,2024,Engineering,Backend,budget_expense,346000
Oct,2024,Engineering,Backend,forecast_expense,354000
Oct,2024,Engineering,Backend,expense_variance,15000
Oct,2024,Engineering,Backend,expense_variance_pct,0.0434
Oct,2024,Engineering,Backend,gross_margin,N/A
Oct,2024,Engineering,Backend,gross_margin_pct,N/A
Oct,2024,Engineering,Backend,forecast_error_expense,8000
Oct,2024,Engineering,Backend,forecast_accuracy_expense_pct,0.9778
Oct,2024,Engineering,Backend,variance_driver_rate,N/A
Oct,2024,Engineering,Backend,variance_driver_volume,N/A

Oct,2024,Engineering,Frontend,actual_revenue,N/A
Oct,2024,Engineering,Frontend,budget_revenue,N/A
Oct,2024,Engineering,Frontend,forecast_revenue,N/A
Oct,2024,Engineering,Frontend,revenue_variance,N/A
Oct,2024,Engineering,Frontend,revenue_variance_pct,N/A
Oct,2024,Engineering,Frontend,actual_expense,311000
Oct,2024,Engineering,Frontend,budget_expense,300000
Oct,2024,Engineering,Frontend,forecast_expense,305000
Oct,2024,Engineering,Frontend,expense_variance,11000
Oct,2024,Engineering,Frontend,expense_variance_pct,0.0367
Oct,2024,Engineering,Frontend,gross_margin,N/A
Oct,2024,Engineering,Frontend,gross_margin_pct,N/A
Oct,2024,Engineering,Frontend,forecast_error_expense,5000
Oct,2024,Engineering,Frontend,forecast_accuracy_expense_pct,0.9841
Oct,2024,Engineering,Frontend,variance_driver_rate,N/A
Oct,2024,Engineering,Frontend,variance_driver_volume,N/A

Oct,2024,Engineering,DevOps,actual_revenue,N/A
Oct,2024,Engineering,DevOps,budget_revenue,N/A
Oct,2024,Engineering,DevOps,forecast_revenue,N/A
Oct,2024,Engineering,DevOps,revenue_variance,N/A
Oct,2024,Engineering,DevOps,revenue_variance_pct,N/A
Oct,2024,Engineering,DevOps,actual_expense,281000
Oct,2024,Engineering,DevOps,budget_expense,270000
Oct,2024,Engineering,DevOps,forecast_expense,275000
Oct,2024,Engineering,DevOps,expense_variance,11000
Oct,2024,Engineering,DevOps,expense_variance_pct,0.0407
Oct,2024,Engineering,DevOps,gross_margin,N/A
Oct,2024,Engineering,DevOps,gross_margin_pct,N/A
Oct,2024,Engineering,DevOps,forecast_error_expense,5000
Oct,2024,Engineering,DevOps,forecast_accuracy_expense_pct,0.9816
Oct,2024,Engineering,DevOps,variance_driver_rate,N/A
Oct,2024,Engineering,DevOps,variance_driver_volume,N/A

Oct,2024,G&A,HR,actual_revenue,N/A
Oct,2024,G&A,HR,budget_revenue,N/A
Oct,2024,G&A,HR,forecast_revenue,N/A
Oct,2024,G&A,HR,revenue_variance,N/A
Oct,2024,G&A,HR,revenue_variance_pct,N/A
Oct,2024,G&A,HR,actual_expense,132000
Oct,2024,G&A,HR,budget_expense,128000
Oct,2024,G&A,HR,forecast_expense,130000
Oct,2024,G&A,HR,expense_variance,4000
Oct,2024,G&A,HR,expense_variance_pct,0.0313
``

Nov,2024,Sales,Field Sales,actual_revenue,580000
Nov,2024,Sales,Field Sales,budget_revenue,570000
Nov,2024,Sales,Field Sales,forecast_revenue,575000
Nov,2024,Sales,Field Sales,revenue_variance,10000
Nov,2024,Sales,Field Sales,revenue_variance_pct,0.0175
Nov,2024,Sales,Field Sales,actual_expense,238000
Nov,2024,Sales,Field Sales,budget_expense,228000
Nov,2024,Sales,Field Sales,forecast_expense,233000
Nov,2024,Sales,Field Sales,expense_variance,10000
Nov,2024,Sales,Field Sales,expense_variance_pct,0.0439
Nov,2024,Sales,Field Sales,gross_margin,342000
Nov,2024,Sales,Field Sales,gross_margin_pct,0.5897
Nov,2024,Sales,Field Sales,forecast_error_revenue,5000
Nov,2024,Sales,Field Sales,forecast_accuracy_revenue_pct,0.9913
Nov,2024,Sales,Field Sales,forecast_error_expense,5000
Nov,2024,Sales,Field Sales,forecast_accuracy_expense_pct,0.9784
Nov,2024,Sales,Field Sales,variance_driver_rate,N/A
Nov,2024,Sales,Field Sales,variance_driver_volume,N/A

Nov,2024,Sales,Inside Sales,actual_revenue,425000
Nov,2024,Sales,Inside Sales,budget_revenue,420000
Nov,2024,Sales,Inside Sales,forecast_revenue,423000
Nov,2024,Sales,Inside Sales,revenue_variance,5000
Nov,2024,Sales,Inside Sales,revenue_variance_pct,0.0119
Nov,2024,Sales,Inside Sales,actual_expense,147000
Nov,2024,Sales,Inside Sales,budget_expense,143000
Nov,2024,Sales,Inside Sales,forecast_expense,145000
Nov,2024,Sales,Inside Sales,expense_variance,4000
Nov,2024,Sales,Inside Sales,expense_variance_pct,0.0280
Nov,2024,Sales,Inside Sales,gross_margin,278000
Nov,2024,Sales,Inside Sales,gross_margin_pct,0.6541
Nov,2024,Sales,Inside Sales,forecast_error_revenue,2000
Nov,2024,Sales,Inside Sales,forecast_accuracy_revenue_pct,0.9953
Nov,2024,Sales,Inside Sales,forecast_error_expense,2000
Nov,2024,Sales,Inside Sales,forecast_accuracy_expense_pct,0.9862
Nov,2024,Sales,Inside Sales,variance_driver_rate,N/A
Nov,2024,Sales,Inside Sales,variance_driver_volume,N/A

Nov,2024,Sales,Sales Ops,actual_revenue,114000
Nov,2024,Sales,Sales Ops,budget_revenue,113000
Nov,2024,Sales,Sales Ops,forecast_revenue,114000
Nov,2024,Sales,Sales Ops,revenue_variance,1000
Nov,2024,Sales,Sales Ops,revenue_variance_pct,0.0088
Nov,2024,Sales,Sales Ops,actual_expense,75000
Nov,2024,Sales,Sales Ops,budget_expense,71000
Nov,2024,Sales,Sales Ops,forecast_expense,72000
Nov,2024,Sales,Sales Ops,expense_variance,4000
Nov,2024,Sales,Sales Ops,expense_variance_pct,0.0563
Nov,2024,Sales,Sales Ops,gross_margin,39000
Nov,2024,Sales,Sales Ops,gross_margin_pct,0.3421
Nov,2024,Sales,Sales Ops,forecast_error_revenue,0
Nov,2024,Sales,Sales Ops,forecast_accuracy_revenue_pct,1.0000
Nov,2024,Sales,Sales Ops,forecast_error_expense,3000
Nov,2024,Sales,Sales Ops,forecast_accuracy_expense_pct,0.9577
Nov,2024,Sales,Sales Ops,variance_driver_rate,N/A
Nov,2024,Sales,Sales Ops,variance_driver_volume,N/A

Nov,2024,Marketing,Digital,actual_revenue,208000
Nov,2024,Marketing,Digital,budget_revenue,203000
Nov,2024,Marketing,Digital,forecast_revenue,206000
Nov,2024,Marketing,Digital,revenue_variance,5000
Nov,2024,Marketing,Digital,revenue_variance_pct,0.0246
Nov,2024,Marketing,Digital,actual_expense,158000
Nov,2024,Marketing,Digital,budget_expense,153000
Nov,2024,Marketing,Digital,forecast_expense,155000
Nov,2024,Marketing,Digital,expense_variance,5000
Nov,2024,Marketing,Digital,expense_variance_pct,0.0327
Nov,2024,Marketing,Digital,gross_margin,50000
Nov,2024,Marketing,Digital,gross_margin_pct,0.2404
Nov,2024,Marketing,Digital,forecast_error_revenue,2000
Nov,2024,Marketing,Digital,forecast_accuracy_revenue_pct,0.9903
Nov,2024,Marketing,Digital,forecast_error_expense,3000
Nov,2024,Marketing,Digital,forecast_accuracy_expense_pct,0.9806
Nov,2024,Marketing,Digital,variance_driver_rate,N/A
Nov,2024,Marketing,Digital,variance_driver_volume,N/A

Nov,2024,Marketing,Events,actual_revenue,166000
Nov,2024,Marketing,Events,budget_revenue,164000
Nov,2024,Marketing,Events,forecast_revenue,165000
Nov,2024,Marketing,Events,revenue_variance,2000
Nov,2024,Marketing,Events,revenue_variance_pct,0.0122
Nov,2024,Marketing,Events,actual_expense,166000
Nov,2024,Marketing,Events,budget_expense,159000
Nov,2024,Marketing,Events,forecast_expense,162000
Nov,2024,Marketing,Events,expense_variance,7000
Nov,2024,Marketing,Events,expense_variance_pct,0.0440
Nov,2024,Marketing,Events,gross_margin,0
Nov,2024,Marketing,Events,gross_margin_pct,0.0000
Nov,2024,Marketing,Events,forecast_error_revenue,1000
Nov,2024,Marketing,Events,forecast_accuracy_revenue_pct,0.9940
Nov,2024,Marketing,Events,forecast_error_expense,3000
Nov,2024,Marketing,Events,forecast_accuracy_expense_pct,0.9814
Nov,2024,Marketing,Events,variance_driver_rate,N/A
Nov,2024,Marketing,Events,variance_driver_volume,N/A

Nov,2024,Marketing,Brand,actual_revenue,119000
Nov,2024,Marketing,Brand,budget_revenue,118000
Nov,2024,Marketing,Brand,forecast_revenue,119000
Nov,2024,Marketing,Brand,revenue_variance,1000
Nov,2024,Marketing,Brand,revenue_variance_pct,0.0085
Nov,2024,Marketing,Brand,actual_expense,127000
Nov,2024,Marketing,Brand,budget_expense,123000
Nov,2024,Marketing,Brand,forecast_expense,125000
Nov,2024,Marketing,Brand,expense_variance,4000
Nov,2024,Marketing,Brand,expense_variance_pct,0.0325
Nov,2024,Marketing,Brand,gross_margin,-8000
Nov,2024,Marketing,Brand,gross_margin_pct,-0.0672
Nov,2024,Marketing,Brand,forecast_error_revenue,0
Nov,2024,Marketing,Brand,forecast_accuracy_revenue_pct,1.0000
Nov,2024,Marketing,Brand,forecast_error_expense,2000
Nov,2024,Marketing,Brand,forecast_accuracy_expense_pct,0.9839
Nov,2024,Marketing,Brand,variance_driver_rate,N/A
Nov,2024,Marketing,Brand,variance_driver_volume,N/A

Nov,2024,Customer Success,Support,actual_revenue,220000
Nov,2024,Customer Success,Support,budget_revenue,217000
Nov,2024,Customer Success,Support,forecast_revenue,219000
Nov,2024,Customer Success,Support,revenue_variance,3000
Nov,2024,Customer Success,Support,revenue_variance_pct,0.0138
Nov,2024,Customer Success,Support,actual_expense,150000
Nov,2024,Customer Success,Support,budget_expense,144000
Nov,2024,Customer Success,Support,forecast_expense,147000
Nov,2024,Customer Success,Support,expense_variance,6000
Nov,2024,Customer Success,Support,expense_variance_pct,0.0417
Nov,2024,Customer Success,Support,gross_margin,70000
Nov,2024,Customer Success,Support,gross_margin_pct,0.3182
Nov,2024,Customer Success,Support,forecast_error_revenue,1000
Nov,2024,Customer Success,Support,forecast_accuracy_revenue_pct,0.9954
Nov,2024,Customer Success,Support,forecast_error_expense,3000
Nov,2024,Customer Success,Support,forecast_accuracy_expense_pct,0.9793
Nov,2024,Customer Success,Support,variance_driver_rate,N/A
Nov,2024,Customer Success,Support,variance_driver_volume,N/A

Nov,2024,Customer Success,Onboarding,actual_revenue,192000
Nov,2024,Customer Success,Onboarding,budget_revenue,190000
Nov,2024,Customer Success,Onboarding,forecast_revenue,191000
Nov,2024,Customer Success,Onboarding,revenue_variance,2000
Nov,2024,Customer Success,Onboarding,revenue_variance_pct,0.0105
Nov,2024,Customer Success,Onboarding,actual_expense,139000
Nov,2024,Customer Success,Onboarding,budget_expense,134000
Nov,2024,Customer Success,Onboarding,forecast_expense,137000
Nov,2024,Customer Success,Onboarding,expense_variance,5000
Nov,2024,Customer Success,Onboarding,expense_variance_pct,0.0373
Nov,2024,Customer Success,Onboarding,gross_margin,53000
Nov,2024,Customer Success,Onboarding,gross_margin_pct,0.2760
Nov,2024,Customer Success,Onboarding,forecast_error_revenue,1000
Nov,2024,Customer Success,Onboarding,forecast_accuracy_revenue_pct,0.9948
Nov,2024,Customer Success,Onboarding,forecast_error_expense,2000
Nov,2024,Customer Success,Onboarding,forecast_accuracy_expense_pct,0.9853
Nov,2024,Customer Success,Onboarding,variance_driver_rate,N/A
Nov,2024,Customer Success,Onboarding,variance_driver_volume,N/A

Nov,2024,Product,Product Management,actual_revenue,N/A
Nov,2024,Product,Product Management,budget_revenue,N/A
Nov,2024,Product,Product Management,forecast_revenue,N/A
Nov,2024,Product,Product Management,revenue_variance,N/A
Nov,2024,Product,Product Management,revenue_variance_pct,N/A
Nov,2024,Product,Product Management,actual_expense,265000
Nov,2024,Product,Product Management,budget_expense,257000
Nov,2024,Product,Product Management,forecast_expense,261000
Nov,2024,Product,Product Management,expense_variance,8000
Nov,2024,Product,Product Management,expense_variance_pct,0.0311
Nov,2024,Product,Product Management,gross_margin,N/A
Nov,2024,Product,Product Management,gross_margin_pct,N/A
Nov,2024,Product,Product Management,forecast_error_expense,4000
Nov,2024,Product,Product Management,forecast_accuracy_expense_pct,0.9846
Nov,2024,Product,Product Management,variance_driver_rate,N/A
Nov,2024,Product,Product Management,variance_driver_volume,N/A

Nov,2024,Product,UX,actual_revenue,N/A
Nov,2024,Product,UX,budget_revenue,N/A
Nov,2024,Product,UX,forecast_revenue,N/A
Nov,2024,Product,UX,revenue_variance,N/A
Nov,2024,Product,UX,revenue_variance_pct,N/A
Nov,2024,Product,UX,actual_expense,168000
Nov,2024,Product,UX,budget_expense,161000
Nov,2024,Product,UX,forecast_expense,165000
Nov,2024,Product,UX,expense_variance,7000
Nov,2024,Product,UX,expense_variance_pct,0.0435
Nov,2024,Product,UX,gross_margin,N/A
Nov,2024,Product,UX,gross_margin_pct,N/A
Nov,2024,Product,UX,forecast_error_expense,4000
Nov,2024,Product,UX,forecast_accuracy_expense_pct,0.9755
Nov,2024,Product,UX,variance_driver_rate,N/A
Nov,2024,Product,UX,variance_driver_volume,N/A

Nov,2024,Engineering,Backend,actual_revenue,N/A
Nov,2024,Engineering,Backend,budget_revenue,N/A
Nov,2024,Engineering,Backend,forecast_revenue,N/A
Nov,2024,Engineering,Backend,revenue_variance,N/A
Nov,2024,Engineering,Backend,revenue_variance_pct,N/A
Nov,2024,Engineering,Backend,actual_expense,363000
Nov,2024,Engineering,Backend,budget_expense,348000
Nov,2024,Engineering,Backend,forecast_expense,356000
Nov,2024,Engineering,Backend,expense_variance,15000
Nov,2024,Engineering,Backend,expense_variance_pct,0.0431
Nov,2024,Engineering,Backend,gross_margin,N/A
Nov,2024,Engineering,Backend,gross_margin_pct,N/A
Nov,2024,Engineering,Backend,forecast_error_expense,8000
Nov,2024,Engineering,Backend,forecast_accuracy_expense_pct,0.9779
Nov,2024,Engineering,Backend,variance_driver_rate,N/A
Nov,2024,Engineering,Backend,variance_driver_volume,N/A

Nov,2024,Engineering,Frontend,actual_revenue,N/A
Nov,2024,Engineering,Frontend,budget_revenue,N/A
Nov,2024,Engineering,Frontend,forecast_revenue,N/A
Nov,2024,Engineering,Frontend,revenue_variance,N/A
Nov,2024,Engineering,Frontend,revenue_variance_pct,N/A
Nov,2024,Engineering,Frontend,actual_expense,313000
Nov,2024,Engineering,Frontend,budget_expense,302000
Nov,2024,Engineering,Frontend,forecast_expense,307000
Nov,2024,Engineering,Frontend,expense_variance,11000
Nov,2024,Engineering,Frontend,expense_variance_pct,0.0364
Nov,2024,Engineering,Frontend,gross_margin,N/A
Nov,2024,Engineering,Frontend,gross_margin_pct,N/A
Nov,2024,Engineering,Frontend,forecast_error_expense,5000
Nov,2024,Engineering,Frontend,forecast_accuracy_expense_pct,0.9842
Nov,2024,Engineering,Frontend,variance_driver_rate,N/A
Nov,2024,Engineering,Frontend,variance_driver_volume,N/A

Nov,2024,Engineering,DevOps,actual_revenue,N/A
Nov,2024,Engineering,DevOps,budget_revenue,N/A
Nov,2024,Engineering,DevOps,forecast_revenue,N/A
Nov,2024,Engineering,DevOps,revenue_variance,N/A
Nov,2024,Engineering,DevOps,revenue_variance_pct,N/A
Nov,2024,Engineering,DevOps,actual_expense,283000
Nov,2024,Engineering,DevOps,budget_expense,272000
Nov,2024,Engineering,DevOps,forecast_expense,277000
Nov,2024,Engineering,DevOps,expense_variance,11000
Nov,2024,Engineering,DevOps,expense_variance_pct,0.0404
Nov,2024,Engineering,DevOps,gross_margin,N/A
Nov,2024,Engineering,DevOps,gross_margin_pct,N/A
Nov,2024,Engineering,DevOps,forecast_error_expense,5000
Nov,2024,Engineering,DevOps,forecast_accuracy_expense_pct,0.9817
Nov,2024,Engineering,DevOps,variance_driver_rate,N/A
Nov,2024,Engineering,DevOps,variance_driver_volume,N/A

Nov,2024,G&A,HR,actual_revenue,N/A
Nov,2024,G&A,HR,budget_revenue,N/A
Nov,2024,G&A,HR,forecast_revenue,N/A
Nov,2024,G&A,HR,revenue_variance,N/A
Nov,2024,G&A,HR,revenue_variance_pct,N/A
Nov,2024,G&A,HR,actual_expense,133000
Nov,2024,G&A,HR,budget_expense,129000
Nov,2024,G&A,HR,forecast_expense,131000
Nov,2024,G&A,HR,expense_variance,4000
Nov,2024,G&A,HR,expense_variance_pct,0.0310

Dec,2024,Sales,Field Sales,actual_revenue,590000
Dec,2024,Sales,Field Sales,budget_revenue,580000
Dec,2024,Sales,Field Sales,forecast_revenue,585000
Dec,2024,Sales,Field Sales,revenue_variance,10000
Dec,2024,Sales,Field Sales,revenue_variance_pct,0.0172
Dec,2024,Sales,Field Sales,actual_expense,240000
Dec,2024,Sales,Field Sales,budget_expense,230000
Dec,2024,Sales,Field Sales,forecast_expense,235000
Dec,2024,Sales,Field Sales,expense_variance,10000
Dec,2024,Sales,Field Sales,expense_variance_pct,0.0435
Dec,2024,Sales,Field Sales,gross_margin,350000
Dec,2024,Sales,Field Sales,gross_margin_pct,0.5932
Dec,2024,Sales,Field Sales,forecast_error_revenue,5000
Dec,2024,Sales,Field Sales,forecast_accuracy_revenue_pct,0.9915
Dec,2024,Sales,Field Sales,forecast_error_expense,5000
Dec,2024,Sales,Field Sales,forecast_accuracy_expense_pct,0.9787
Dec,2024,Sales,Field Sales,variance_driver_rate,N/A
Dec,2024,Sales,Field Sales,variance_driver_volume,N/A

Dec,2024,Sales,Inside Sales,actual_revenue,430000
Dec,2024,Sales,Inside Sales,budget_revenue,425000
Dec,2024,Sales,Inside Sales,forecast_revenue,428000
Dec,2024,Sales,Inside Sales,revenue_variance,5000
Dec,2024,Sales,Inside Sales,revenue_variance_pct,0.0118
Dec,2024,Sales,Inside Sales,actual_expense,148000
Dec,2024,Sales,Inside Sales,budget_expense,144000
Dec,2024,Sales,Inside Sales,forecast_expense,146000
Dec,2024,Sales,Inside Sales,expense_variance,4000
Dec,2024,Sales,Inside Sales,expense_variance_pct,0.0278
Dec,2024,Sales,Inside Sales,gross_margin,282000
Dec,2024,Sales,Inside Sales,gross_margin_pct,0.6558
Dec,2024,Sales,Inside Sales,forecast_error_revenue,2000
Dec,2024,Sales,Inside Sales,forecast_accuracy_revenue_pct,0.9953
Dec,2024,Sales,Inside Sales,forecast_error_expense,2000
Dec,2024,Sales,Inside Sales,forecast_accuracy_expense_pct,0.9863
Dec,2024,Sales,Inside Sales,variance_driver_rate,N/A
Dec,2024,Sales,Inside Sales,variance_driver_volume,N/A

Dec,2024,Sales,Sales Ops,actual_revenue,115000
Dec,2024,Sales,Sales Ops,budget_revenue,114000
Dec,2024,Sales,Sales Ops,forecast_revenue,115000
Dec,2024,Sales,Sales Ops,revenue_variance,1000
Dec,2024,Sales,Sales Ops,revenue_variance_pct,0.0088
Dec,2024,Sales,Sales Ops,actual_expense,75500
Dec,2024,Sales,Sales Ops,budget_expense,71500
Dec,2024,Sales,Sales Ops,forecast_expense,72500
Dec,2024,Sales,Sales Ops,expense_variance,4000
Dec,2024,Sales,Sales Ops,expense_variance_pct,0.0559
Dec,2024,Sales,Sales Ops,gross_margin,39500
Dec,2024,Sales,Sales Ops,gross_margin_pct,0.3435
Dec,2024,Sales,Sales Ops,forecast_error_revenue,0
Dec,2024,Sales,Sales Ops,forecast_accuracy_revenue_pct,1.0000
Dec,2024,Sales,Sales Ops,forecast_error_expense,3000
Dec,2024,Sales,Sales Ops,forecast_accuracy_expense_pct,0.9579
Dec,2024,Sales,Sales Ops,variance_driver_rate,N/A
Dec,2024,Sales,Sales Ops,variance_driver_volume,N/A

Dec,2024,Marketing,Digital,actual_revenue,210000
Dec,2024,Marketing,Digital,budget_revenue,205000
Dec,2024,Marketing,Digital,forecast_revenue,208000
Dec,2024,Marketing,Digital,revenue_variance,5000
Dec,2024,Marketing,Digital,revenue_variance_pct,0.0244
Dec,2024,Marketing,Digital,actual_expense,159000
Dec,2024,Marketing,Digital,budget_expense,154000
Dec,2024,Marketing,Digital,forecast_expense,156000
Dec,2024,Marketing,Digital,expense_variance,5000
Dec,2024,Marketing,Digital,expense_variance_pct,0.0325
Dec,2024,Marketing,Digital,gross_margin,51000
Dec,2024,Marketing,Digital,gross_margin_pct,0.2429
Dec,2024,Marketing,Digital,forecast_error_revenue,2000
Dec,2024,Marketing,Digital,forecast_accuracy_revenue_pct,0.9904
Dec,2024,Marketing,Digital,forecast_error_expense,3000
Dec,2024,Marketing,Digital,forecast_accuracy_expense_pct,0.9808
Dec,2024,Marketing,Digital,variance_driver_rate,N/A
Dec,2024,Marketing,Digital,variance_driver_volume,N/A

Dec,2024,Marketing,Events,actual_revenue,168000
Dec,2024,Marketing,Events,budget_revenue,166000
Dec,2024,Marketing,Events,forecast_revenue,167000
Dec,2024,Marketing,Events,revenue_variance,2000
Dec,2024,Marketing,Events,revenue_variance_pct,0.0120
Dec,2024,Marketing,Events,actual_expense,167000
Dec,2024,Marketing,Events,budget_expense,160000
Dec,2024,Marketing,Events,forecast_expense,163000
Dec,2024,Marketing,Events,expense_variance,7000
Dec,2024,Marketing,Events,expense_variance_pct,0.0438
Dec,2024,Marketing,Events,gross_margin,1000
Dec,2024,Marketing,Events,gross_margin_pct,0.0060
Dec,2024,Marketing,Events,forecast_error_revenue,1000
Dec,2024,Marketing,Events,forecast_accuracy_revenue_pct,0.9940
Dec,2024,Marketing,Events,forecast_error_expense,3000
Dec,2024,Marketing,Events,forecast_accuracy_expense_pct,0.9815
Dec,2024,Marketing,Events,variance_driver_rate,N/A
Dec,2024,Marketing,Events,variance_driver_volume,N/A

Dec,2024,Marketing,Brand,actual_revenue,120000
Dec,2024,Marketing,Brand,budget_revenue,119000
Dec,2024,Marketing,Brand,forecast_revenue,120000
Dec,2024,Marketing,Brand,revenue_variance,1000
Dec,2024,Marketing,Brand,revenue_variance_pct,0.0084
Dec,2024,Marketing,Brand,actual_expense,128000
Dec,2024,Marketing,Brand,budget_expense,124000
Dec,2024,Marketing,Brand,forecast_expense,126000
Dec,2024,Marketing,Brand,expense_variance,4000
Dec,2024,Marketing,Brand,expense_variance_pct,0.0323
Dec,2024,Marketing,Brand,gross_margin,-8000
Dec,2024,Marketing,Brand,gross_margin_pct,-0.0667
Dec,2024,Marketing,Brand,forecast_error_revenue,0
Dec,2024,Marketing,Brand,forecast_accuracy_revenue_pct,1.0000
Dec,2024,Marketing,Brand,forecast_error_expense,2000
Dec,2024,Marketing,Brand,forecast_accuracy_expense_pct,0.9840
Dec,2024,Marketing,Brand,variance_driver_rate,N/A
Dec,2024,Marketing,Brand,variance_driver_volume,N/A

Dec,2024,Customer Success,Support,actual_revenue,222000
Dec,2024,Customer Success,Support,budget_revenue,219000
Dec,2024,Customer Success,Support,forecast_revenue,221000
Dec,2024,Customer Success,Support,revenue_variance,3000
Dec,2024,Customer Success,Support,revenue_variance_pct,0.0137
Dec,2024,Customer Success,Support,actual_expense,151000
Dec,2024,Customer Success,Support,budget_expense,145000
Dec,2024,Customer Success,Support,forecast_expense,148000
Dec,2024,Customer Success,Support,expense_variance,6000
Dec,2024,Customer Success,Support,expense_variance_pct,0.0414
Dec,2024,Customer Success,Support,gross_margin,71000
Dec,2024,Customer Success,Support,gross_margin_pct,0.3198
Dec,2024,Customer Success,Support,forecast_error_revenue,1000
Dec,2024,Customer Success,Support,forecast_accuracy_revenue_pct,0.9955
Dec,2024,Customer Success,Support,forecast_error_expense,3000
Dec,2024,Customer Success,Support,forecast_accuracy_expense_pct,0.9794
Dec,2024,Customer Success,Support,variance_driver_rate,N/A
Dec,2024,Customer Success,Support,variance_driver_volume,N/A

Dec,2024,Customer Success,Onboarding,actual_revenue,194000
Dec,2024,Customer Success,Onboarding,budget_revenue,192000
Dec,2024,Customer Success,Onboarding,forecast_revenue,193000
Dec,2024,Customer Success,Onboarding,revenue_variance,2000
Dec,2024,Customer Success,Onboarding,revenue_variance_pct,0.0104
Dec,2024,Customer Success,Onboarding,actual_expense,140000
Dec,2024,Customer Success,Onboarding,budget_expense,135000
Dec,2024,Customer Success,Onboarding,forecast_expense,138000
Dec,2024,Customer Success,Onboarding,expense_variance,5000
Dec,2024,Customer Success,Onboarding,expense_variance_pct,0.0370
Dec,2024,Customer Success,Onboarding,gross_margin,54000
Dec,2024,Customer Success,Onboarding,gross_margin_pct,0.2784
Dec,2024,Customer Success,Onboarding,forecast_error_revenue,1000
Dec,2024,Customer Success,Onboarding,forecast_accuracy_revenue_pct,0.9948
Dec,2024,Customer Success,Onboarding,forecast_error_expense,2000
Dec,2024,Customer Success,Onboarding,forecast_accuracy_expense_pct,0.9854
Dec,2024,Customer Success,Onboarding,variance_driver_rate,N/A
Dec,2024,Customer Success,Onboarding,variance_driver_volume,N/A

Dec,2024,Product,Product Management,actual_revenue,N/A
Dec,2024,Product,Product Management,budget_revenue,N/A
Dec,2024,Product,Product Management,forecast_revenue,N/A
Dec,2024,Product,Product Management,revenue_variance,N/A
Dec,2024,Product,Product Management,revenue_variance_pct,N/A
Dec,2024,Product,Product Management,actual_expense,267000
Dec,2024,Product,Product Management,budget_expense,259000
Dec,2024,Product,Product Management,forecast_expense,263000
Dec,2024,Product,Product Management,expense_variance,8000
Dec,2024,Product,Product Management,expense_variance_pct,0.0309
Dec,2024,Product,Product Management,gross_margin,N/A
Dec,2024,Product,Product Management,gross_margin_pct,N/A
Dec,2024,Product,Product Management,forecast_error_expense,4000
Dec,2024,Product,Product Management,forecast_accuracy_expense_pct,0.9848
Dec,2024,Product,Product Management,variance_driver_rate,N/A
Dec,2024,Product,Product Management,variance_driver_volume,N/A

Dec,2024,Product,UX,actual_revenue,N/A
Dec,2024,Product,UX,budget_revenue,N/A
Dec,2024,Product,UX,forecast_revenue,N/A
Dec,2024,Product,UX,revenue_variance,N/A
Dec,2024,Product,UX,revenue_variance_pct,N/A
Dec,2024,Product,UX,actual_expense,169000
Dec,2024,Product,UX,budget_expense,162000
Dec,2024,Product,UX,forecast_expense,166000
Dec,2024,Product,UX,expense_variance,7000
Dec,2024,Product,UX,expense_variance_pct,0.0432
Dec,2024,Product,UX,gross_margin,N/A
Dec,2024,Product,UX,gross_margin_pct,N/A
Dec,2024,Product,UX,forecast_error_expense,4000
Dec,2024,Product,UX,forecast_accuracy_expense_pct,0.9756
Dec,2024,Product,UX,variance_driver_rate,N/A
Dec,2024,Product,UX,variance_driver_volume,N/A

Dec,2024,Engineering,Backend,actual_revenue,N/A
Dec,2024,Engineering,Backend,budget_revenue,N/A
Dec,2024,Engineering,Backend,forecast_revenue,N/A
Dec,2024,Engineering,Backend,revenue_variance,N/A
Dec,2024,Engineering,Backend,revenue_variance_pct,N/A
Dec,2024,Engineering,Backend,actual_expense,365000
Dec,2024,Engineering,Backend,budget_expense,350000
Dec,2024,Engineering,Backend,forecast_expense,358000
Dec,2024,Engineering,Backend,expense_variance,15000
Dec,2024,Engineering,Backend,expense_variance_pct,0.0429
Dec,2024,Engineering,Backend,gross_margin,N/A
Dec,2024,Engineering,Backend,gross_margin_pct,N/A
Dec,2024,Engineering,Backend,forecast_error_expense,8000
Dec,2024,Engineering,Backend,forecast_accuracy_expense_pct,0.9780
Dec,2024,Engineering,Backend,variance_driver_rate,N/A
Dec,2024,Engineering,Backend,variance_driver_volume,N/A

Dec,2024,Engineering,Frontend,actual_revenue,N/A
Dec,2024,Engineering,Frontend,budget_revenue,N/A
Dec,2024,Engineering,Frontend,forecast_revenue,N/A
Dec,2024,Engineering,Frontend,revenue_variance,N/A
Dec,2024,Engineering,Frontend,revenue_variance_pct,N/A
Dec,2024,Engineering,Frontend,actual_expense,315000
Dec,2024,Engineering,Frontend,budget_expense,304000
Dec,2024,Engineering,Frontend,forecast_expense,309000
Dec,2024,Engineering,Frontend,expense_variance,11000
Dec,2024,Engineering,Frontend,expense_variance_pct,0.0362
Dec,2024,Engineering,Frontend,gross_margin,N/A
Dec,2024,Engineering,Frontend,gross_margin_pct,N/A
Dec,2024,Engineering,Frontend,forecast_error_expense,5000
Dec,2024,Engineering,Frontend,forecast_accuracy_expense_pct,0.9843
Dec,2024,Engineering,Frontend,variance_driver_rate,N/A
Dec,2024,Engineering,Frontend,variance_driver_volume,N/A

Dec,2024,Engineering,DevOps,actual_revenue,N/A
Dec,2024,Engineering,DevOps,budget_revenue,N/A
Dec,2024,Engineering,DevOps,forecast_revenue,N/A
Dec,2024,Engineering,DevOps,revenue_variance,N/A
Dec,2024,Engineering,DevOps,revenue_variance_pct,N/A
Dec,2024,Engineering,DevOps,actual_expense,285000
Dec,2024,Engineering,DevOps,budget_expense,274000
Dec,2024,Engineering,DevOps,forecast_expense,279000
Dec,2024,Engineering,DevOps,expense_variance,11000
Dec,2024,Engineering,DevOps,expense_variance_pct,0.0401
Dec,2024,Engineering,DevOps,gross_margin,N/A
Dec,2024,Engineering,DevOps,gross_margin_pct,N/A
Dec,2024,Engineering,DevOps,forecast_error_expense,5000
Dec,2024,Engineering,DevOps,forecast_accuracy_expense_pct,0.9818
Dec,2024,Engineering,DevOps,variance_driver_rate,N/A
Dec,2024,Engineering,DevOps,variance_driver_volume,N/A

Dec,2024,G&A,HR,actual_revenue,N/A
Dec,2024,G&A,HR,budget_revenue,N/A
Dec,2024,G&A,HR,forecast_revenue,N/A
Dec,2024,G&A,HR,revenue_variance,N/A
Dec,2024,G&A,HR,revenue_variance_pct,N/A
Dec,2024,G&A,HR,actual_expense,134000
Dec,2024,G&A,HR,budget_expense,130000
Dec,2024,G&A,HR,forecast_expense,132000
Dec,2024,G&A,HR,expense_variance,4000
Dec,2024,G

Jan,2025,Sales,Field Sales,actual_revenue,600000
Jan,2025,Sales,Field Sales,budget_revenue,590000
Jan,2025,Sales,Field Sales,forecast_revenue,595000
Jan,2025,Sales,Field Sales,revenue_variance,10000
Jan,2025,Sales,Field Sales,revenue_variance_pct,0.0169
Jan,2025,Sales,Field Sales,actual_expense,242000
Jan,2025,Sales,Field Sales,budget_expense,232000
Jan,2025,Sales,Field Sales,forecast_expense,237000
Jan,2025,Sales,Field Sales,expense_variance,10000
Jan,2025,Sales,Field Sales,expense_variance_pct,0.0431
Jan,2025,Sales,Field Sales,gross_margin,358000
Jan,2025,Sales,Field Sales,gross_margin_pct,0.5967
Jan,2025,Sales,Field Sales,forecast_error_revenue,5000
Jan,2025,Sales,Field Sales,forecast_accuracy_revenue_pct,0.9916
Jan,2025,Sales,Field Sales,forecast_error_expense,5000
Jan,2025,Sales,Field Sales,forecast_accuracy_expense_pct,0.9789
Jan,2025,Sales,Field Sales,variance_driver_rate,N/A
Jan,2025,Sales,Field Sales,variance_driver_volume,N/A

Jan,2025,Sales,Inside Sales,actual_revenue,435000
Jan,2025,Sales,Inside Sales,budget_revenue,430000
Jan,2025,Sales,Inside Sales,forecast_revenue,433000
Jan,2025,Sales,Inside Sales,revenue_variance,5000
Jan,2025,Sales,Inside Sales,revenue_variance_pct,0.0116
Jan,2025,Sales,Inside Sales,actual_expense,149000
Jan,2025,Sales,Inside Sales,budget_expense,145000
Jan,2025,Sales,Inside Sales,forecast_expense,147000
Jan,2025,Sales,Inside Sales,expense_variance,4000
Jan,2025,Sales,Inside Sales,expense_variance_pct,0.0276
Jan,2025,Sales,Inside Sales,gross_margin,286000
Jan,2025,Sales,Inside Sales,gross_margin_pct,0.6575
Jan,2025,Sales,Inside Sales,forecast_error_revenue,2000
Jan,2025,Sales,Inside Sales,forecast_accuracy_revenue_pct,0.9954
Jan,2025,Sales,Inside Sales,forecast_error_expense,2000
Jan,2025,Sales,Inside Sales,forecast_accuracy_expense_pct,0.9864
Jan,2025,Sales,Inside Sales,variance_driver_rate,N/A
Jan,2025,Sales,Inside Sales,variance_driver_volume,N/A

Jan,2025,Sales,Sales Ops,actual_revenue,116000
Jan,2025,Sales,Sales Ops,budget_revenue,115000
Jan,2025,Sales,Sales Ops,forecast_revenue,116000
Jan,2025,Sales,Sales Ops,revenue_variance,1000
Jan,2025,Sales,Sales Ops,revenue_variance_pct,0.0087
Jan,2025,Sales,Sales Ops,actual_expense,76000
Jan,2025,Sales,Sales Ops,budget_expense,72000
Jan,2025,Sales,Sales Ops,forecast_expense,73000
Jan,2025,Sales,Sales Ops,expense_variance,4000
Jan,2025,Sales,Sales Ops,expense_variance_pct,0.0556
Jan,2025,Sales,Sales Ops,gross_margin,40000
Jan,2025,Sales,Sales Ops,gross_margin_pct,0.3448
Jan,2025,Sales,Sales Ops,forecast_error_revenue,0
Jan,2025,Sales,Sales Ops,forecast_accuracy_revenue_pct,1.0000
Jan,2025,Sales,Sales Ops,forecast_error_expense,3000
Jan,2025,Sales,Sales Ops,forecast_accuracy_expense_pct,0.9581
Jan,2025,Sales,Sales Ops,variance_driver_rate,N/A
Jan,2025,Sales,Sales Ops,variance_driver_volume,N/A

Jan,2025,Marketing,Digital,actual_revenue,212000
Jan,2025,Marketing,Digital,budget_revenue,207000
Jan,2025,Marketing,Digital,forecast_revenue,210000
Jan,2025,Marketing,Digital,revenue_variance,5000
Jan,2025,Marketing,Digital,revenue_variance_pct,0.0242
Jan,2025,Marketing,Digital,actual_expense,160000
Jan,2025,Marketing,Digital,budget_expense,155000
Jan,2025,Marketing,Digital,forecast_expense,157000
Jan,2025,Marketing,Digital,expense_variance,5000
Jan,2025,Marketing,Digital,expense_variance_pct,0.0323
Jan,2025,Marketing,Digital,gross_margin,52000
Jan,2025,Marketing,Digital,gross_margin_pct,0.2453
Jan,2025,Marketing,Digital,forecast_error_revenue,2000
Jan,2025,Marketing,Digital,forecast_accuracy_revenue_pct,0.9905
Jan,2025,Marketing,Digital,forecast_error_expense,3000
Jan,2025,Marketing,Digital,forecast_accuracy_expense_pct,0.9809
Jan,2025,Marketing,Digital,variance_driver_rate,N/A
Jan,2025,Marketing,Digital,variance_driver_volume,N/A

Jan,2025,Marketing,Events,actual_revenue,170000
Jan,2025,Marketing,Events,budget_revenue,168000
Jan,2025,Marketing,Events,forecast_revenue,169000
Jan,2025,Marketing,Events,revenue_variance,2000
Jan,2025,Marketing,Events,revenue_variance_pct,0.0119
Jan,2025,Marketing,Events,actual_expense,168000
Jan,2025,Marketing,Events,budget_expense,161000
Jan,2025,Marketing,Events,forecast_expense,164000
Jan,2025,Marketing,Events,expense_variance,7000
Jan,2025,Marketing,Events,expense_variance_pct,0.0435
Jan,2025,Marketing,Events,gross_margin,2000
Jan,2025,Marketing,Events,gross_margin_pct,0.0118
Jan,2025,Marketing,Events,forecast_error_revenue,1000
Jan,2025,Marketing,Events,forecast_accuracy_revenue_pct,0.9941
Jan,2025,Marketing,Events,forecast_error_expense,3000
Jan,2025,Marketing,Events,forecast_accuracy_expense_pct,0.9816
Jan,2025,Marketing,Events,variance_driver_rate,N/A
Jan,2025,Marketing,Events,variance_driver_volume,N/A

Jan,2025,Marketing,Brand,actual_revenue,121000
Jan,2025,Marketing,Brand,budget_revenue,120000
Jan,2025,Marketing,Brand,forecast_revenue,121000
Jan,2025,Marketing,Brand,revenue_variance,1000
Jan,2025,Marketing,Brand,revenue_variance_pct,0.0083
Jan,2025,Marketing,Brand,actual_expense,129000
Jan,2025,Marketing,Brand,budget_expense,125000
Jan,2025,Marketing,Brand,forecast_expense,127000
Jan,2025,Marketing,Brand,expense_variance,4000
Jan,2025,Marketing,Brand,expense_variance_pct,0.0320
Jan,2025,Marketing,Brand,gross_margin,-8000
Jan,2025,Marketing,Brand,gross_margin_pct,-0.0661
Jan,2025,Marketing,Brand,forecast_error_revenue,0
Jan,2025,Marketing,Brand,forecast_accuracy_revenue_pct,1.0000
Jan,2025,Marketing,Brand,forecast_error_expense,2000
Jan,2025,Marketing,Brand,forecast_accuracy_expense_pct,0.9841
Jan,2025,Marketing,Brand,variance_driver_rate,N/A
Jan,2025,Marketing,Brand,variance_driver_volume,N/A

Jan,2025,Customer Success,Support,actual_revenue,224000
Jan,2025,Customer Success,Support,budget_revenue,221000
Jan,2025,Customer Success,Support,forecast_revenue,223000
Jan,2025,Customer Success,Support,revenue_variance,3000
Jan,2025,Customer Success,Support,revenue_variance_pct,0.0135
Jan,2025,Customer Success,Support,actual_expense,152000
Jan,2025,Customer Success,Support,budget_expense,146000
Jan,2025,Customer Success,Support,forecast_expense,149000
Jan,2025,Customer Success,Support,expense_variance,6000
Jan,2025,Customer Success,Support,expense_variance_pct,0.0411
Jan,2025,Customer Success,Support,gross_margin,72000
Jan,2025,Customer Success,Support,gross_margin_pct,0.3214
Jan,2025,Customer Success,Support,forecast_error_revenue,1000
Jan,2025,Customer Success,Support,forecast_accuracy_revenue_pct,0.9956
Jan,2025,Customer Success,Support,forecast_error_expense,3000
Jan,2025,Customer Success,Support,forecast_accuracy_expense_pct,0.9795
Jan,2025,Customer Success,Support,variance_driver_rate,N/A
Jan,2025,Customer Success,Support,variance_driver_volume,N/A

Jan,2025,Customer Success,Onboarding,actual_revenue,196000
Jan,2025,Customer Success,Onboarding,budget_revenue,194000
Jan,2025,Customer Success,Onboarding,forecast_revenue,195000
Jan,2025,Customer Success,Onboarding,revenue_variance,2000
Jan,2025,Customer Success,Onboarding,revenue_variance_pct,0.0103
Jan,2025,Customer Success,Onboarding,actual_expense,141000
Jan,2025,Customer Success,Onboarding,budget_expense,136000
Jan,2025,Customer Success,Onboarding,forecast_expense,139000
Jan,2025,Customer Success,Onboarding,expense_variance,5000
Jan,2025,Customer Success,Onboarding,expense_variance_pct,0.0368
Jan,2025,Customer Success,Onboarding,gross_margin,55000
Jan,2025,Customer Success,Onboarding,gross_margin_pct,0.2806
Jan,2025,Customer Success,Onboarding,forecast_error_revenue,1000
Jan,2025,Customer Success,Onboarding,forecast_accuracy_revenue_pct,0.9949
Jan,2025,Customer Success,Onboarding,forecast_error_expense,2000
Jan,2025,Customer Success,Onboarding,forecast_accuracy_expense_pct,0.9855
Jan,2025,Customer Success,Onboarding,variance_driver_rate,N/A
Jan,2025,Customer Success,Onboarding,variance_driver_volume,N/A

Jan,2025,Product,Product Management,actual_revenue,N/A
Jan,2025,Product,Product Management,budget_revenue,N/A
Jan,2025,Product,Product Management,forecast_revenue,N/A
Jan,2025,Product,Product Management,revenue_variance,N/A
Jan,2025,Product,Product Management,revenue_variance_pct,N/A
Jan,2025,Product,Product Management,actual_expense,269000
Jan,2025,Product,Product Management,budget_expense,261000
Jan,2025,Product,Product Management,forecast_expense,265000
Jan,2025,Product,Product Management,expense_variance,8000
Jan,2025,Product,Product Management,expense_variance_pct,0.0307
Jan,2025,Product,Product Management,gross_margin,N/A
Jan,2025,Product,Product Management,gross_margin_pct,N/A
Jan,2025,Product,Product Management,forecast_error_expense,4000
Jan,2025,Product,Product Management,forecast_accuracy_expense_pct,0.9849
Jan,2025,Product,Product Management,variance_driver_rate,N/A
Jan,2025,Product,Product Management,variance_driver_volume,N/A

Jan,2025,Product,UX,actual_revenue,N/A
Jan,2025,Product,UX,budget_revenue,N/A
Jan,2025,Product,UX,forecast_revenue,N/A
Jan,2025,Product,UX,revenue_variance,N/A
Jan,2025,Product,UX,revenue_variance_pct,N/A
Jan,2025,Product,UX,actual_expense,170000
Jan,2025,Product,UX,budget_expense,163000
Jan,2025,Product,UX,forecast_expense,167000
Jan,2025,Product,UX,expense_variance,7000
Jan,2025,Product,UX,expense_variance_pct,0.0430
Jan,2025,Product,UX,gross_margin,N/A
Jan,2025,Product,UX,gross_margin_pct,N/A
Jan,2025,Product,UX,forecast_error_expense,4000
Jan,2025,Product,UX,forecast_accuracy_expense_pct,0.9757
Jan,2025,Product,UX,variance_driver_rate,N/A
Jan,2025,Product,UX,variance_driver_volume,N/A

Jan,2025,Engineering,Backend,actual_revenue,N/A
Jan,2025,Engineering,Backend,budget_revenue,N/A
Jan,2025,Engineering,Backend,forecast_revenue,N/A
Jan,2025,Engineering,Backend,revenue_variance,N/A
Jan,2025,Engineering,Backend,revenue_variance_pct,N/A
Jan,2025,Engineering,Backend,actual_expense,367000
Jan,2025,Engineering,Backend,budget_expense,352000
Jan,2025,Engineering,Backend,forecast_expense,360000
Jan,2025,Engineering,Backend,expense_variance,15000
Jan,2025,Engineering,Backend,expense_variance_pct,0.0426
Jan,2025,Engineering,Backend,gross_margin,N/A
Jan,2025,Engineering,Backend,gross_margin_pct,N/A
Jan,2025,Engineering,Backend,forecast_error_expense,8000
Jan,2025,Engineering,Backend,forecast_accuracy_expense_pct,0.9781
Jan,2025,Engineering,Backend,variance_driver_rate,N/A
Jan,2025,Engineering,Backend,variance_driver_volume,N/A

Jan,2025,Engineering,Frontend,actual_revenue,N/A
Jan,2025,Engineering,Frontend,budget_revenue,N/A
Jan,2025,Engineering,Frontend,forecast_revenue,N/A
Jan,2025,Engineering,Frontend,revenue_variance,N/A
Jan,2025,Engineering,Frontend,revenue_variance_pct,N/A
Jan,2025,Engineering,Frontend,actual_expense,317000
Jan,2025,Engineering,Frontend,budget_expense,306000
Jan,2025,Engineering,Frontend,forecast_expense,311000
Jan,2025,Engineering,Frontend,expense_variance,11000
Jan,2025,Engineering,Frontend,expense_variance_pct,0.0359
Jan,2025,Engineering,Frontend,gross_margin,N/A
Jan,2025,Engineering,Frontend,gross_margin_pct,N/A
Jan,2025,Engineering,Frontend,forecast_error_expense,5000
Jan,2025,Engineering,Frontend,forecast_accuracy_expense_pct,0.9844
Jan,2025,Engineering,Frontend,variance_driver_rate,N/A
Jan,2025,Engineering,Frontend,variance_driver_volume,N/A

Jan,2025,Engineering,DevOps,actual_revenue,N/A
Jan,2025,Engineering,DevOps,budget_revenue,N/A
Jan,2025,Engineering,DevOps,forecast_revenue,N/A
Jan,2025,Engineering,DevOps,revenue_variance,N/A
Jan,2025,Engineering,DevOps,revenue_variance_pct,N/A
Jan,2025,Engineering,DevOps,actual_expense,287000
Jan,2025,Engineering,DevOps,budget_expense,276000
Jan,2025,Engineering,DevOps,forecast_expense,281000
Jan,2025,Engineering,DevOps,expense_variance,11000
Jan,2025,Engineering,DevOps,expense_variance_pct,0.0399
Jan,2025,Engineering,DevOps,gross_margin,N/A
Jan,2025,Engineering,DevOps,gross_margin_pct,N/A
Jan,2025,Engineering,DevOps,forecast_error_expense,5000
Jan,2025,Engineering,DevOps,forecast_accuracy_expense_pct,0.9819
Jan,2025,Engineering,DevOps,variance_driver_rate,N/A
Jan,2025,Engineering,DevOps,variance_driver_volume,N/A

Jan,2025,G&A,HR,actual_revenue,N/A
Jan,2025,G&A,HR,budget_revenue,N/A
Jan,2025,G&A,HR,forecast_revenue,N/A
Jan,2025,G&A,HR,revenue_variance,N/A
Jan,2025,G&A,HR,revenue_variance_pct,N/A
Jan,2025,G&A,HR,actual_expense,135000
Jan,2025,G&A,HR,budget_expense,131000
Jan,2025,G&A,HR,forecast_expense,133000
Jan,2025,G&A,HR

Feb,2025,Sales,Field Sales,actual_revenue,605000
Feb,2025,Sales,Field Sales,budget_revenue,595000
Feb,2025,Sales,Field Sales,forecast_revenue,600000
Feb,2025,Sales,Field Sales,revenue_variance,10000
Feb,2025,Sales,Field Sales,revenue_variance_pct,0.0168
Feb,2025,Sales,Field Sales,actual_expense,244000
Feb,2025,Sales,Field Sales,budget_expense,234000
Feb,2025,Sales,Field Sales,forecast_expense,239000
Feb,2025,Sales,Field Sales,expense_variance,10000
Feb,2025,Sales,Field Sales,expense_variance_pct,0.0427
Feb,2025,Sales,Field Sales,gross_margin,361000
Feb,2025,Sales,Field Sales,gross_margin_pct,0.5967
Feb,2025,Sales,Field Sales,forecast_error_revenue,5000
Feb,2025,Sales,Field Sales,forecast_accuracy_revenue_pct,0.9917
Feb,2025,Sales,Field Sales,forecast_error_expense,5000
Feb,2025,Sales,Field Sales,forecast_accuracy_expense_pct,0.9791
Feb,2025,Sales,Field Sales,variance_driver_rate,N/A
Feb,2025,Sales,Field Sales,variance_driver_volume,N/A

Feb,2025,Sales,Inside Sales,actual_revenue,438000
Feb,2025,Sales,Inside Sales,budget_revenue,433000
Feb,2025,Sales,Inside Sales,forecast_revenue,436000
Feb,2025,Sales,Inside Sales,revenue_variance,5000
Feb,2025,Sales,Inside Sales,revenue_variance_pct,0.0115
Feb,2025,Sales,Inside Sales,actual_expense,150000
Feb,2025,Sales,Inside Sales,budget_expense,146000
Feb,2025,Sales,Inside Sales,forecast_expense,148000
Feb,2025,Sales,Inside Sales,expense_variance,4000
Feb,2025,Sales,Inside Sales,expense_variance_pct,0.0274
Feb,2025,Sales,Inside Sales,gross_margin,288000
Feb,2025,Sales,Inside Sales,gross_margin_pct,0.6575
Feb,2025,Sales,Inside Sales,forecast_error_revenue,2000
Feb,2025,Sales,Inside Sales,forecast_accuracy_revenue_pct,0.9954
Feb,2025,Sales,Inside Sales,forecast_error_expense,2000
Feb,2025,Sales,Inside Sales,forecast_accuracy_expense_pct,0.9865
Feb,2025,Sales,Inside Sales,variance_driver_rate,N/A
Feb,2025,Sales,Inside Sales,variance_driver_volume,N/A

Feb,2025,Sales,Sales Ops,actual_revenue,117000
Feb,2025,Sales,Sales Ops,budget_revenue,116000
Feb,2025,Sales,Sales Ops,forecast_revenue,117000
Feb,2025,Sales,Sales Ops,revenue_variance,1000
Feb,2025,Sales,Sales Ops,revenue_variance_pct,0.0086
Feb,2025,Sales,Sales Ops,actual_expense,76500
Feb,2025,Sales,Sales Ops,budget_expense,72500
Feb,2025,Sales,Sales Ops,forecast_expense,73500
Feb,2025,Sales,Sales Ops,expense_variance,4000
Feb,2025,Sales,Sales Ops,expense_variance_pct,0.0552
Feb,2025,Sales,Sales Ops,gross_margin,40500
Feb,2025,Sales,Sales Ops,gross_margin_pct,0.3462
Feb,2025,Sales,Sales Ops,forecast_error_revenue,0
Feb,2025,Sales,Sales Ops,forecast_accuracy_revenue_pct,1.0000
Feb,2025,Sales,Sales Ops,forecast_error_expense,3000
Feb,2025,Sales,Sales Ops,forecast_accuracy_expense_pct,0.9583
Feb,2025,Sales,Sales Ops,variance_driver_rate,N/A
Feb,2025,Sales,Sales Ops,variance_driver_volume,N/A

Feb,2025,Marketing,Digital,actual_revenue,214000
Feb,2025,Marketing,Digital,budget_revenue,209000
Feb,2025,Marketing,Digital,forecast_revenue,212000
Feb,2025,Marketing,Digital,revenue_variance,5000
Feb,2025,Marketing,Digital,revenue_variance_pct,0.0239
Feb,2025,Marketing,Digital,actual_expense,161000
Feb,2025,Marketing,Digital,budget_expense,156000
Feb,2025,Marketing,Digital,forecast_expense,158000
Feb,2025,Marketing,Digital,expense_variance,5000
Feb,2025,Marketing,Digital,expense_variance_pct,0.0321
Feb,2025,Marketing,Digital,gross_margin,53000
Feb,2025,Marketing,Digital,gross_margin_pct,0.2477
Feb,2025,Marketing,Digital,forecast_error_revenue,2000
Feb,2025,Marketing,Digital,forecast_accuracy_revenue_pct,0.9906
Feb,2025,Marketing,Digital,forecast_error_expense,3000
Feb,2025,Marketing,Digital,forecast_accuracy_expense_pct,0.9810
Feb,2025,Marketing,Digital,variance_driver_rate,N/A
Feb,2025,Marketing,Digital,variance_driver_volume,N/A

Feb,2025,Marketing,Events,actual_revenue,172000
Feb,2025,Marketing,Events,budget_revenue,170000
Feb,2025,Marketing,Events,forecast_revenue,171000
Feb,2025,Marketing,Events,revenue_variance,2000
Feb,2025,Marketing,Events,revenue_variance_pct,0.0118
Feb,2025,Marketing,Events,actual_expense,169000
Feb,2025,Marketing,Events,budget_expense,162000
Feb,2025,Marketing,Events,forecast_expense,165000
Feb,2025,Marketing,Events,expense_variance,7000
Feb,2025,Marketing,Events,expense_variance_pct,0.0432
Feb,2025,Marketing,Events,gross_margin,3000
Feb,2025,Marketing,Events,gross_margin_pct,0.0174
Feb,2025,Marketing,Events,forecast_error_revenue,1000
Feb,2025,Marketing,Events,forecast_accuracy_revenue_pct,0.9942
Feb,2025,Marketing,Events,forecast_error_expense,3000
Feb,2025,Marketing,Events,forecast_accuracy_expense_pct,0.9817
Feb,2025,Marketing,Events,variance_driver_rate,N/A
Feb,2025,Marketing,Events,variance_driver_volume,N/A

Feb,2025,Marketing,Brand,actual_revenue,122000
Feb,2025,Marketing,Brand,budget_revenue,121000
Feb,2025,Marketing,Brand,forecast_revenue,122000
Feb,2025,Marketing,Brand,revenue_variance,1000
Feb,2025,Marketing,Brand,revenue_variance_pct,0.0083
Feb,2025,Marketing,Brand,actual_expense,130000
Feb,2025,Marketing,Brand,budget_expense,126000
Feb,2025,Marketing,Brand,forecast_expense,128000
Feb,2025,Marketing,Brand,expense_variance,4000
Feb,2025,Marketing,Brand,expense_variance_pct,0.0317
Feb,2025,Marketing,Brand,gross_margin,-8000
Feb,2025,Marketing,Brand,gross_margin_pct,-0.0656
Feb,2025,Marketing,Brand,forecast_error_revenue,0
Feb,2025,Marketing,Brand,forecast_accuracy_revenue_pct,1.0000
Feb,2025,Marketing,Brand,forecast_error_expense,2000
Feb,2025,Marketing,Brand,forecast_accuracy_expense_pct,0.9842
Feb,2025,Marketing,Brand,variance_driver_rate,N/A
Feb,2025,Marketing,Brand,variance_driver_volume,N/A

Feb,2025,Customer Success,Support,actual_revenue,226000
Feb,2025,Customer Success,Support,budget_revenue,223000
Feb,2025,Customer Success,Support,forecast_revenue,225000
Feb,2025,Customer Success,Support,revenue_variance,3000
Feb,2025,Customer Success,Support,revenue_variance_pct,0.0135
Feb,2025,Customer Success,Support,actual_expense,153000
Feb,2025,Customer Success,Support,budget_expense,147000
Feb,2025,Customer Success,Support,forecast_expense,150000
Feb,2025,Customer Success,Support,expense_variance,6000
Feb,2025,Customer Success,Support,expense_variance_pct,0.0408
Feb,2025,Customer Success,Support,gross_margin,73000
Feb,2025,Customer Success,Support,gross_margin_pct,0.3226
Feb,2025,Customer Success,Support,forecast_error_revenue,1000
Feb,2025,Customer Success,Support,forecast_accuracy_revenue_pct,0.9957
Feb,2025,Customer Success,Support,forecast_error_expense,3000
Feb,2025,Customer Success,Support,forecast_accuracy_expense_pct,0.9796
Feb,2025,Customer Success,Support,variance_driver_rate,N/A
Feb,2025,Customer Success,Support,variance_driver_volume,N/A

Feb,2025,Customer Success,Onboarding,actual_revenue,198000
Feb,2025,Customer Success,Onboarding,budget_revenue,196000
Feb,2025,Customer Success,Onboarding,forecast_revenue,197000
Feb,2025,Customer Success,Onboarding,revenue_variance,2000
Feb,2025,Customer Success,Onboarding,revenue_variance_pct,0.0102
Feb,2025,Customer Success,Onboarding,actual_expense,142000
Feb,2025,Customer Success,Onboarding,budget_expense,137000
Feb,2025,Customer Success,Onboarding,forecast_expense,140000
Feb,2025,Customer Success,Onboarding,expense_variance,5000
Feb,2025,Customer Success,Onboarding,expense_variance_pct,0.0365
Feb,2025,Customer Success,Onboarding,gross_margin,56000
Feb,2025,Customer Success,Onboarding,gross_margin_pct,0.2828
Feb,2025,Customer Success,Onboarding,forecast_error_revenue,1000
Feb,2025,Customer Success,Onboarding,forecast_accuracy_revenue_pct,0.9856
Feb,2025,Customer Success,Onboarding,forecast_error_expense,2000
Feb,2025,Customer Success,Onboarding,forecast_accuracy_expense_pct,0.9856
Feb,2025,Customer Success,Onboarding,variance_driver_rate,N/A
Feb,2025,Customer Success,Onboarding,variance_driver_volume,N/A

Feb,2025,Product,Product Management,actual_revenue,N/A
Feb,2025,Product,Product Management,budget_revenue,N/A
Feb,2025,Product,Product Management,forecast_revenue,N/A
Feb,2025,Product,Product Management,revenue_variance,N/A
Feb,2025,Product,Product Management,revenue_variance_pct,N/A
Feb,2025,Product,Product Management,actual_expense,271000
Feb,2025,Product,Product Management,budget_expense,263000
Feb,2025,Product,Product Management,forecast_expense,267000
Feb,2025,Product,Product Management,expense_variance,8000
Feb,2025,Product,Product Management,expense_variance_pct,0.0304
Feb,2025,Product,Product Management,gross_margin,N/A
Feb,2025,Product,Product Management,gross_margin_pct,N/A
Feb,2025,Product,Product Management,forecast_error_expense,4000
Feb,2025,Product,Product Management,forecast_accuracy_expense_pct,0.9850
Feb,2025,Product,Product Management,variance_driver_rate,N/A
Feb,2025,Product,Product Management,variance_driver_volume,N/A

Feb,2025,Product,UX,actual_revenue,N/A
Feb,2025,Product,UX,budget_revenue,N/A
Feb,2025,Product,UX,forecast_revenue,N/A
Feb,2025,Product,UX,revenue_variance,N/A
Feb,2025,Product,UX,revenue_variance_pct,N/A
Feb,2025,Product,UX,actual_expense,171000
Feb,2025,Product,UX,budget_expense,164000
Feb,2025,Product,UX,forecast_expense,168000
Feb,2025,Product,UX,expense_variance,7000
Feb,2025,Product,UX,expense_variance_pct,0.0427
Feb,2025,Product,UX,gross_margin,N/A
Feb,2025,Product,UX,gross_margin_pct,N/A
Feb,2025,Product,UX,forecast_error_expense,4000
Feb,2025,Product,UX,forecast_accuracy_expense_pct,0.9758
Feb,2025,Product,UX,variance_driver_rate,N/A
Feb,2025,Product,UX,variance_driver_volume,N/A

Feb,2025,Engineering,Backend,actual_revenue,N/A
Feb,2025,Engineering,Backend,budget_revenue,N/A
Feb,2025,Engineering,Backend,forecast_revenue,N/A
Feb,2025,Engineering,Backend,revenue_variance,N/A
Feb,2025,Engineering,Backend,revenue_variance_pct,N/A
Feb,2025,Engineering,Backend,actual_expense,369000
Feb,2025,Engineering,Backend,budget_expense,354000
Feb,2025,Engineering,Backend,forecast_expense,362000
Feb,2025,Engineering,Backend,expense_variance,15000
Feb,2025,Engineering,Backend,expense_variance_pct,0.0424
Feb,2025,Engineering,Backend,gross_margin,N/A
Feb,2025,Engineering,Backend,gross_margin_pct,N/A
Feb,2025,Engineering,Backend,forecast_error_expense,8000
Feb,2025,Engineering,Backend,forecast_accuracy_expense_pct,0.9782
Feb,2025,Engineering,Backend,variance_driver_rate,N/A
Feb,2025,Engineering,Backend,variance_driver_volume,N/A

Feb,2025,Engineering,Frontend,actual_revenue,N/A
Feb,2025,Engineering,Frontend,budget_revenue,N/A
Feb,2025,Engineering,Frontend,forecast_revenue,N/A
Feb,2025,Engineering,Frontend,revenue_variance,N/A
Feb,2025,Engineering,Frontend,revenue_variance_pct,N/A
Feb,2025,Engineering,Frontend,actual_expense,319000
Feb,2025,Engineering,Frontend,budget_expense,308000
Feb,2025,Engineering,Frontend,forecast_expense,313000
Feb,2025,Engineering,Frontend,expense_variance,11000
Feb,2025,Engineering,Frontend,expense_variance_pct,0.0357
Feb,2025,Engineering,Frontend,gross_margin,N/A
Feb,2025,Engineering,Frontend,gross_margin_pct,N/A
Feb,2025,Engineering,Frontend,forecast_error_expense,5000
Feb,2025,Engineering,Frontend,forecast_accuracy_expense_pct,0.9845
Feb,2025,Engineering,Frontend,variance_driver_rate,N/A
Feb,2025,Engineering,Frontend,variance_driver_volume,N/A

Feb,2025,Engineering,DevOps,actual_revenue,N/A
Feb,2025,Engineering,DevOps,budget_revenue,N/A
Feb,2025,Engineering,DevOps,forecast_revenue,N/A
Feb,2025,Engineering,DevOps,revenue_variance,N/A
Feb,2025,Engineering,DevOps,revenue_variance_pct,N/A
Feb,2025,Engineering,DevOps,actual_expense,289000
Feb,2025,Engineering,DevOps,budget_expense,278000
Feb,2025,Engineering,DevOps,forecast_expense,283000
Feb,2025,Engineering,DevOps,expense_variance,11000
Feb,2025,Engineering,DevOps,expense_variance_pct,0.0396
Feb,2025,Engineering,DevOps,gross_margin,N/A
Feb,2025,Engineering,DevOps,gross_margin_pct,N/A
Feb,2025,Engineering,DevOps,forecast_error_expense,5000
Feb,2025,Engineering,DevOps,forecast_accuracy_expense_pct,0.9820
Feb,2025,Engineering,DevOps,variance_driver_rate,N/A
Feb,2025,Engineering,DevOps,variance_driver_volume,N/A

Feb,2025,G&A,HR,actual_revenue,N/A
Feb,2025,G&A,HR,budget_revenue,N/A
Feb,2025,G&A,HR,forecast_revenue,N/A
Feb,2025,G&A,HR,revenue_variance,N/A
Feb,2025,G&A,HR,revenue_variance_pct,N/A
Feb,2025,G&A,HR,actual_expense,136000
Feb,2025,G&A,HR,budget_expense,132000
Feb,2025,G&A,HR,forecast_expense,134000
Feb,2025,G&A,HR,expense_variance,4000
Feb,2025,G&A,HR,expense_variance_pct,0.0303

Mar,2025,Sales,Field Sales,actual_revenue,610000
Mar,2025,Sales,Field Sales,budget_revenue,600000
Mar,2025,Sales,Field Sales,forecast_revenue,605000
Mar,2025,Sales,Field Sales,revenue_variance,10000
Mar,2025,Sales,Field Sales,revenue_variance_pct,0.0167
Mar,2025,Sales,Field Sales,actual_expense,246000
Mar,2025,Sales,Field Sales,budget_expense,236000
Mar,2025,Sales,Field Sales,forecast_expense,241000
Mar,2025,Sales,Field Sales,expense_variance,10000
Mar,2025,Sales,Field Sales,expense_variance_pct,0.0424
Mar,2025,Sales,Field Sales,gross_margin,364000
Mar,2025,Sales,Field Sales,gross_margin_pct,0.5967
Mar,2025,Sales,Field Sales,forecast_error_revenue,5000
Mar,2025,Sales,Field Sales,forecast_accuracy_revenue_pct,0.9917
Mar,2025,Sales,Field Sales,forecast_error_expense,5000
Mar,2025,Sales,Field Sales,forecast_accuracy_expense_pct,0.9792
Mar,2025,Sales,Field Sales,variance_driver_rate,N/A
Mar,2025,Sales,Field Sales,variance_driver_volume,N/A

Mar,2025,Sales,Inside Sales,actual_revenue,441000
Mar,2025,Sales,Inside Sales,budget_revenue,436000
Mar,2025,Sales,Inside Sales,forecast_revenue,439000
Mar,2025,Sales,Inside Sales,revenue_variance,5000
Mar,2025,Sales,Inside Sales,revenue_variance_pct,0.0115
Mar,2025,Sales,Inside Sales,actual_expense,151000
Mar,2025,Sales,Inside Sales,budget_expense,147000
Mar,2025,Sales,Inside Sales,forecast_expense,149000
Mar,2025,Sales,Inside Sales,expense_variance,4000
Mar,2025,Sales,Inside Sales,expense_variance_pct,0.0272
Mar,2025,Sales,Inside Sales,gross_margin,290000
Mar,2025,Sales,Inside Sales,gross_margin_pct,0.6576
Mar,2025,Sales,Inside Sales,forecast_error_revenue,2000
Mar,2025,Sales,Inside Sales,forecast_accuracy_revenue_pct,0.9955
Mar,2025,Sales,Inside Sales,forecast_error_expense,2000
Mar,2025,Sales,Inside Sales,forecast_accuracy_expense_pct,0.9864
Mar,2025,Sales,Inside Sales,variance_driver_rate,N/A
Mar,2025,Sales,Inside Sales,variance_driver_volume,N/A

Mar,2025,Sales,Sales Ops,actual_revenue,118000
Mar,2025,Sales,Sales Ops,budget_revenue,117000
Mar,2025,Sales,Sales Ops,forecast_revenue,118000
Mar,2025,Sales,Sales Ops,revenue_variance,1000
Mar,2025,Sales,Sales Ops,revenue_variance_pct,0.0085
Mar,2025,Sales,Sales Ops,actual_expense,77000
Mar,2025,Sales,Sales Ops,budget_expense,73000
Mar,2025,Sales,Sales Ops,forecast_expense,74000
Mar,2025,Sales,Sales Ops,expense_variance,4000
Mar,2025,Sales,Sales Ops,expense_variance_pct,0.0548
Mar,2025,Sales,Sales Ops,gross_margin,41000
Mar,2025,Sales,Sales Ops,gross_margin_pct,0.3475
Mar,2025,Sales,Sales Ops,forecast_error_revenue,0
Mar,2025,Sales,Sales Ops,forecast_accuracy_revenue_pct,1.0000
Mar,2025,Sales,Sales Ops,forecast_error_expense,3000
Mar,2025,Sales,Sales Ops,forecast_accuracy_expense_pct,0.9584
Mar,2025,Sales,Sales Ops,variance_driver_rate,N/A
Mar,2025,Sales,Sales Ops,variance_driver_volume,N/A

Mar,2025,Marketing,Digital,actual_revenue,216000
Mar,2025,Marketing,Digital,budget_revenue,211000
Mar,2025,Marketing,Digital,forecast_revenue,214000
Mar,2025,Marketing,Digital,revenue_variance,5000
Mar,2025,Marketing,Digital,revenue_variance_pct,0.0237
Mar,2025,Marketing,Digital,actual_expense,162000
Mar,2025,Marketing,Digital,budget_expense,157000
Mar,2025,Marketing,Digital,forecast_expense,159000
Mar,2025,Marketing,Digital,expense_variance,5000
Mar,2025,Marketing,Digital,expense_variance_pct,0.0318
Mar,2025,Marketing,Digital,gross_margin,54000
Mar,2025,Marketing,Digital,gross_margin_pct,0.25
Mar,2025,Marketing,Digital,forecast_error_revenue,2000
Mar,2025,Marketing,Digital,forecast_accuracy_revenue_pct,0.9907
Mar,2025,Marketing,Digital,forecast_error_expense,3000
Mar,2025,Marketing,Digital,forecast_accuracy_expense_pct,0.9811
Mar,2025,Marketing,Digital,variance_driver_rate,N/A
Mar,2025,Marketing,Digital,variance_driver_volume,N/A

Mar,2025,Marketing,Events,actual_revenue,174000
Mar,2025,Marketing,Events,budget_revenue,172000
Mar,2025,Marketing,Events,forecast_revenue,173000
Mar,2025,Marketing,Events,revenue_variance,2000
Mar,2025,Marketing,Events,revenue_variance_pct,0.0116
Mar,2025,Marketing,Events,actual_expense,170000
Mar,2025,Marketing,Events,budget_expense,163000
Mar,2025,Marketing,Events,forecast_expense,166000
Mar,2025,Marketing,Events,expense_variance,7000
Mar,2025,Marketing,Events,expense_variance_pct,0.0430
Mar,2025,Marketing,Events,gross_margin,4000
Mar,2025,Marketing,Events,gross_margin_pct,0.0230
Mar,2025,Marketing,Events,forecast_error_revenue,1000
Mar,2025,Marketing,Events,forecast_accuracy_revenue_pct,0.9942
Mar,2025,Marketing,Events,forecast_error_expense,3000
Mar,2025,Marketing,Events,forecast_accuracy_expense_pct,0.9818
Mar,2025,Marketing,Events,variance_driver_rate,N/A
Mar,2025,Marketing,Events,variance_driver_volume,N/A

Mar,2025,Marketing,Brand,actual_revenue,123000
Mar,2025,Marketing,Brand,budget_revenue,122000
Mar,2025,Marketing,Brand,forecast_revenue,123000
Mar,2025,Marketing,Brand,revenue_variance,1000
Mar,2025,Marketing,Brand,revenue_variance_pct,0.0082
Mar,2025,Marketing,Brand,actual_expense,131000
Mar,2025,Marketing,Brand,budget_expense,127000
Mar,2025,Marketing,Brand,forecast_expense,129000
Mar,2025,Marketing,Brand,expense_variance,4000
Mar,2025,Marketing,Brand,expense_variance_pct,0.0315
Mar,2025,Marketing,Brand,gross_margin,-8000
Mar,2025,Marketing,Brand,gross_margin_pct,-0.0650
Mar,2025,Marketing,Brand,forecast_error_revenue,0
Mar,2025,Marketing,Brand,forecast_accuracy_revenue_pct,1.0000
Mar,2025,Marketing,Brand,forecast_error_expense,2000
Mar,2025,Marketing,Brand,forecast_accuracy_expense_pct,0.9843
Mar,2025,Marketing,Brand,variance_driver_rate,N/A
Mar,2025,Marketing,Brand,variance_driver_volume,N/A

Mar,2025,Customer Success,Support,actual_revenue,228000
Mar,2025,Customer Success,Support,budget_revenue,225000
Mar,2025,Customer Success,Support,forecast_revenue,227000
Mar,2025,Customer Success,Support,revenue_variance,3000
Mar,2025,Customer Success,Support,revenue_variance_pct,0.0133
Mar,2025,Customer Success,Support,actual_expense,154000
Mar,2025,Customer Success,Support,budget_expense,148000
Mar,2025,Customer Success,Support,forecast_expense,151000
Mar,2025,Customer Success,Support,expense_variance,6000
Mar,2025,Customer Success,Support,expense_variance_pct,0.0405
Mar,2025,Customer Success,Support,gross_margin,74000
Mar,2025,Customer Success,Support,gross_margin_pct,0.3240
Mar,2025,Customer Success,Support,forecast_error_revenue,1000
Mar,2025,Customer Success,Support,forecast_accuracy_revenue_pct,0.9958
Mar,2025,Customer Success,Support,forecast_error_expense,3000
Mar,2025,Customer Success,Support,forecast_accuracy_expense_pct,0.9797
Mar,2025,Customer Success,Support,variance_driver_rate,N/A
Mar,2025,Customer Success,Support,variance_driver_volume,N/A

Mar,2025,Customer Success,Onboarding,actual_revenue,200000
Mar,2025,Customer Success,Onboarding,budget_revenue,198000
Mar,2025,Customer Success,Onboarding,forecast_revenue,199000
Mar,2025,Customer Success,Onboarding,revenue_variance,2000
Mar,2025,Customer Success,Onboarding,revenue_variance_pct,0.0101
Mar,2025,Customer Success,Onboarding,actual_expense,143000
Mar,2025,Customer Success,Onboarding,budget_expense,138000
Mar,2025,Customer Success,Onboarding,forecast_expense,141000
Mar,2025,Customer Success,Onboarding,expense_variance,5000
Mar,2025,Customer Success,Onboarding,expense_variance_pct,0.0362
Mar,2025,Customer Success,Onboarding,gross_margin,57000
Mar,2025,Customer Success,Onboarding,gross_margin_pct,0.2850
Mar,2025,Customer Success,Onboarding,forecast_error_revenue,1000
Mar,2025,Customer Success,Onboarding,forecast_accuracy_revenue_pct,0.9950
Mar,2025,Customer Success,Onboarding,forecast_error_expense,2000
Mar,2025,Customer Success,Onboarding,forecast_accuracy_expense_pct,0.9857
Mar,2025,Customer Success,Onboarding,variance_driver_rate,N/A
Mar,2025,Customer Success,Onboarding,variance_driver_volume,N/A

Mar,2025,Product,Product Management,actual_revenue,N/A
Mar,2025,Product,Product Management,budget_revenue,N/A
Mar,2025,Product,Product Management,forecast_revenue,N/A
Mar,2025,Product,Product Management,revenue_variance,N/A
Mar,2025,Product,Product Management,revenue_variance_pct,N/A
Mar,2025,Product,Product Management,actual_expense,273000
Mar,2025,Product,Product Management,budget_expense,265000
Mar,2025,Product,Product Management,forecast_expense,269000
Mar,2025,Product,Product Management,expense_variance,8000
Mar,2025,Product,Product Management,expense_variance_pct,0.0302
Mar,2025,Product,Product Management,gross_margin,N/A
Mar,2025,Product,Product Management,gross_margin_pct,N/A
Mar,2025,Product,Product Management,forecast_error_expense,4000
Mar,2025,Product,Product Management,forecast_accuracy_expense_pct,0.9851
Mar,2025,Product,Product Management,variance_driver_rate,N/A
Mar,2025,Product,Product Management,variance_driver_volume,N/A

Mar,2025,Product,UX,actual_revenue,N/A
Mar,2025,Product,UX,budget_revenue,N/A
Mar,2025,Product,UX,forecast_revenue,N/A
Mar,2025,Product,UX,revenue_variance,N/A
Mar,2025,Product,UX,revenue_variance_pct,N/A
Mar,2025,Product,UX,actual_expense,172000
Mar,2025,Product,UX,budget_expense,165000
Mar,2025,Product,UX,forecast_expense,169000
Mar,2025,Product,UX,expense_variance,7000
Mar,2025,Product,UX,expense_variance_pct,0.0424
Mar,2025,Product,UX,gross_margin,N/A
Mar,2025,Product,UX,gross_margin_pct,N/A
Mar,2025,Product,UX,forecast_error_expense,4000
Mar,2025,Product,UX,forecast_accuracy_expense_pct,0.9759
Mar,2025,Product,UX,variance_driver_rate,N/A
Mar,2025,Product,UX,variance_driver_volume,N/A

Mar,2025,Engineering,Backend,actual_revenue,N/A
Mar,2025,Engineering,Backend,budget_revenue,N/A
Mar,2025,Engineering,Backend,forecast_revenue,N/A
Mar,2025,Engineering,Backend,revenue_variance,N/A
Mar,2025,Engineering,Backend,revenue_variance_pct,N/A
Mar,2025,Engineering,Backend,actual_expense,371000
Mar,2025,Engineering,Backend,budget_expense,356000
Mar,2025,Engineering,Backend,forecast_expense,364000
Mar,2025,Engineering,Backend,expense_variance,15000
Mar,2025,Engineering,Backend,expense_variance_pct,0.0421
Mar,2025,Engineering,Backend,gross_margin,N/A
Mar,2025,Engineering,Backend,gross_margin_pct,N/A
Mar,2025,Engineering,Backend,forecast_error_expense,8000
Mar,2025,Engineering,Backend,forecast_accuracy_expense_pct,0.9783
Mar,2025,Engineering,Backend,variance_driver_rate,N/A
Mar,2025,Engineering,Backend,variance_driver_volume,N/A

Mar,2025,Engineering,Frontend,actual_revenue,N/A
Mar,2025,Engineering,Frontend,budget_revenue,N/A
Mar,2025,Engineering,Frontend,forecast_revenue,N/A
Mar,2025,Engineering,Frontend,revenue_variance,N/A
Mar,2025,Engineering,Frontend,revenue_variance_pct,N/A
Mar,2025,Engineering,Frontend,actual_expense,321000
Mar,2025,Engineering,Frontend,budget_expense,310000
Mar,2025,Engineering,Frontend,forecast_expense,315000
Mar,2025,Engineering,Frontend,expense_variance,11000
Mar,2025,Engineering,Frontend,expense_variance_pct,0.0355
Mar,2025,Engineering,Frontend,gross_margin,N/A
Mar,2025,Engineering,Frontend,gross_margin_pct,N/A
Mar,2025,Engineering,Frontend,forecast_error_expense,5000
Mar,2025,Engineering,Frontend,forecast_accuracy_expense_pct,0.9846
Mar,2025,Engineering,Frontend,variance_driver_rate,N/A
Mar,2025,Engineering,Frontend,variance_driver_volume,N/A

Mar,2025,Engineering,DevOps,actual_revenue,N/A
Mar,2025,Engineering,DevOps,budget_revenue,N/A
Mar,2025,Engineering,DevOps,forecast_revenue,N/A
Mar,2025,Engineering,DevOps,revenue_variance,N/A
Mar,2025,Engineering,DevOps,revenue_variance_pct,N/A
Mar,2025,Engineering,DevOps,actual_expense,291000
Mar,2025,Engineering,DevOps,budget_expense,280000
Mar,2025,Engineering,DevOps,forecast_expense,285000
Mar,2025,Engineering,DevOps,expense_variance,11000
Mar,2025,Engineering,DevOps,expense_variance_pct,0.0393
Mar,2025,Engineering,DevOps,gross_margin,N/A
Mar,2025,Engineering,DevOps,gross_margin_pct,N/A
Mar,2025,Engineering,DevOps,forecast_error_expense,5000
Mar,2025,Engineering,DevOps,forecast_accuracy_expense_pct,0.9821
Mar,2025,Engineering,DevOps,variance_driver_rate,N/A
Mar,2025,Engineering,DevOps,variance_driver_volume,N/A

Mar,2025,G&A,HR,actual_revenue,N/A
Mar,2025,G&A,HR,budget_revenue,N/A
Mar,2025,G&A,HR,forecast_revenue,N/A
Mar,2025,G&A,HR,revenue_variance,N/A
Mar,2025,G&A,HR,revenue_variance_pct,N/A
Mar,2025,G&A,HR,actual_expense,137000
Mar,2025,G&A,HR,budget_expense,133000
Mar,2025,G&A,HR,forecast_expense,135000
Mar,2025,G&A,

Apr,2025,Sales,Field Sales,actual_revenue,615000
Apr,2025,Sales,Field Sales,budget_revenue,605000
Apr,2025,Sales,Field Sales,forecast_revenue,610000
Apr,2025,Sales,Field Sales,revenue_variance,10000
Apr,2025,Sales,Field Sales,revenue_variance_pct,0.0165
Apr,2025,Sales,Field Sales,actual_expense,248000
Apr,2025,Sales,Field Sales,budget_expense,238000
Apr,2025,Sales,Field Sales,forecast_expense,243000
Apr,2025,Sales,Field Sales,expense_variance,10000
Apr,2025,Sales,Field Sales,expense_variance_pct,0.0420
Apr,2025,Sales,Field Sales,gross_margin,367000
Apr,2025,Sales,Field Sales,gross_margin_pct,0.5967
Apr,2025,Sales,Field Sales,forecast_error_revenue,5000
Apr,2025,Sales,Field Sales,forecast_accuracy_revenue_pct,0.9918
Apr,2025,Sales,Field Sales,forecast_error_expense,5000
Apr,2025,Sales,Field Sales,forecast_accuracy_expense_pct,0.9793
Apr,2025,Sales,Field Sales,variance_driver_rate,N/A
Apr,2025,Sales,Field Sales,variance_driver_volume,N/A

Apr,2025,Sales,Inside Sales,actual_revenue,444000
Apr,2025,Sales,Inside Sales,budget_revenue,439000
Apr,2025,Sales,Inside Sales,forecast_revenue,442000
Apr,2025,Sales,Inside Sales,revenue_variance,5000
Apr,2025,Sales,Inside Sales,revenue_variance_pct,0.0114
Apr,2025,Sales,Inside Sales,actual_expense,152000
Apr,2025,Sales,Inside Sales,budget_expense,148000
Apr,2025,Sales,Inside Sales,forecast_expense,150000
Apr,2025,Sales,Inside Sales,expense_variance,4000
Apr,2025,Sales,Inside Sales,expense_variance_pct,0.0270
Apr,2025,Sales,Inside Sales,gross_margin,292000
Apr,2025,Sales,Inside Sales,gross_margin_pct,0.6577
Apr,2025,Sales,Inside Sales,forecast_error_revenue,2000
Apr,2025,Sales,Inside Sales,forecast_accuracy_revenue_pct,0.9955
Apr,2025,Sales,Inside Sales,forecast_error_expense,2000
Apr,2025,Sales,Inside Sales,forecast_accuracy_expense_pct,0.9866
Apr,2025,Sales,Inside Sales,variance_driver_rate,N/A
Apr,2025,Sales,Inside Sales,variance_driver_volume,N/A

Apr,2025,Sales,Sales Ops,actual_revenue,119000
Apr,2025,Sales,Sales Ops,budget_revenue,118000
Apr,2025,Sales,Sales Ops,forecast_revenue,119000
Apr,2025,Sales,Sales Ops,revenue_variance,1000
Apr,2025,Sales,Sales Ops,revenue_variance_pct,0.0085
Apr,2025,Sales,Sales Ops,actual_expense,77500
Apr,2025,Sales,Sales Ops,budget_expense,73500
Apr,2025,Sales,Sales Ops,forecast_expense,74500
Apr,2025,Sales,Sales Ops,expense_variance,4000
Apr,2025,Sales,Sales Ops,expense_variance_pct,0.0544
Apr,2025,Sales,Sales Ops,gross_margin,41500
Apr,2025,Sales,Sales Ops,gross_margin_pct,0.3487
Apr,2025,Sales,Sales Ops,forecast_error_revenue,0
Apr,2025,Sales,Sales Ops,forecast_accuracy_revenue_pct,1.0000
Apr,2025,Sales,Sales Ops,forecast_error_expense,3000
Apr,2025,Sales,Sales Ops,forecast_accuracy_expense_pct,0.9585
Apr,2025,Sales,Sales Ops,variance_driver_rate,N/A
Apr,2025,Sales,Sales Ops,variance_driver_volume,N/A

Apr,2025,Marketing,Digital,actual_revenue,218000
Apr,2025,Marketing,Digital,budget_revenue,213000
Apr,2025,Marketing,Digital,forecast_revenue,216000
Apr,2025,Marketing,Digital,revenue_variance,5000
Apr,2025,Marketing,Digital,revenue_variance_pct,0.0235
Apr,2025,Marketing,Digital,actual_expense,163000
Apr,2025,Marketing,Digital,budget_expense,158000
Apr,2025,Marketing,Digital,forecast_expense,160000
Apr,2025,Marketing,Digital,expense_variance,5000
Apr,2025,Marketing,Digital,expense_variance_pct,0.0316
Apr,2025,Marketing,Digital,gross_margin,55000
Apr,2025,Marketing,Digital,gross_margin_pct,0.2523
Apr,2025,Marketing,Digital,forecast_error_revenue,2000
Apr,2025,Marketing,Digital,forecast_accuracy_revenue_pct,0.9907
Apr,2025,Marketing,Digital,forecast_error_expense,3000
Apr,2025,Marketing,Digital,forecast_accuracy_expense_pct,0.9812
Apr,2025,Marketing,Digital,variance_driver_rate,N/A
Apr,2025,Marketing,Digital,variance_driver_volume,N/A

Apr,2025,Marketing,Events,actual_revenue,176000
Apr,2025,Marketing,Events,budget_revenue,174000
Apr,2025,Marketing,Events,forecast_revenue,175000
Apr,2025,Marketing,Events,revenue_variance,2000
Apr,2025,Marketing,Events,revenue_variance_pct,0.0115
Apr,2025,Marketing,Events,actual_expense,171000
Apr,2025,Marketing,Events,budget_expense,164000
Apr,2025,Marketing,Events,forecast_expense,167000
Apr,2025,Marketing,Events,expense_variance,7000
Apr,2025,Marketing,Events,expense_variance_pct,0.0427
Apr,2025,Marketing,Events,gross_margin,5000
Apr,2025,Marketing,Events,gross_margin_pct,0.0284
Apr,2025,Marketing,Events,forecast_error_revenue,1000
Apr,2025,Marketing,Events,forecast_accuracy_revenue_pct,0.9943
Apr,2025,Marketing,Events,forecast_error_expense,3000
Apr,2025,Marketing,Events,forecast_accuracy_expense_pct,0.9819
Apr,2025,Marketing,Events,variance_driver_rate,N/A
Apr,2025,Marketing,Events,variance_driver_volume,N/A

Apr,2025,Marketing,Brand,actual_revenue,124000
Apr,2025,Marketing,Brand,budget_revenue,123000
Apr,2025,Marketing,Brand,forecast_revenue,124000
Apr,2025,Marketing,Brand,revenue_variance,1000
Apr,2025,Marketing,Brand,revenue_variance_pct,0.0081
Apr,2025,Marketing,Brand,actual_expense,132000
Apr,2025,Marketing,Brand,budget_expense,128000
Apr,2025,Marketing,Brand,forecast_expense,130000
Apr,2025,Marketing,Brand,expense_variance,4000
Apr,2025,Marketing,Brand,expense_variance_pct,0.0313
Apr,2025,Marketing,Brand,gross_margin,-8000
Apr,2025,Marketing,Brand,gross_margin_pct,-0.0645
Apr,2025,Marketing,Brand,forecast_error_revenue,0
Apr,2025,Marketing,Brand,forecast_accuracy_revenue_pct,1.0000
Apr,2025,Marketing,Brand,forecast_error_expense,2000
Apr,2025,Marketing,Brand,forecast_accuracy_expense_pct,0.9844
Apr,2025,Marketing,Brand,variance_driver_rate,N/A
Apr,2025,Marketing,Brand,variance_driver_volume,N/A

Apr,2025,Customer Success,Support,actual_revenue,230000
Apr,2025,Customer Success,Support,budget_revenue,227000
Apr,2025,Customer Success,Support,forecast_revenue,229000
Apr,2025,Customer Success,Support,revenue_variance,3000
Apr,2025,Customer Success,Support,revenue_variance_pct,0.0132
Apr,2025,Customer Success,Support,actual_expense,155000
Apr,2025,Customer Success,Support,budget_expense,149000
Apr,2025,Customer Success,Support,forecast_expense,152000
Apr,2025,Customer Success,Support,expense_variance,6000
Apr,2025,Customer Success,Support,expense_variance_pct,0.0403
Apr,2025,Customer Success,Support,gross_margin,75000
Apr,2025,Customer Success,Support,gross_margin_pct,0.3261
Apr,2025,Customer Success,Support,forecast_error_revenue,1000
Apr,2025,Customer Success,Support,forecast_accuracy_revenue_pct,0.9959
Apr,2025,Customer Success,Support,forecast_error_expense,3000
Apr,2025,Customer Success,Support,forecast_accuracy_expense_pct,0.9798
Apr,2025,Customer Success,Support,variance_driver_rate,N/A
Apr,2025,Customer Success,Support,variance_driver_volume,N/A

Apr,2025,Customer Success,Onboarding,actual_revenue,202000
Apr,2025,Customer Success,Onboarding,budget_revenue,200000
Apr,2025,Customer Success,Onboarding,forecast_revenue,201000
Apr,2025,Customer Success,Onboarding,revenue_variance,2000
Apr,2025,Customer Success,Onboarding,revenue_variance_pct,0.0100
Apr,2025,Customer Success,Onboarding,actual_expense,144000
Apr,2025,Customer Success,Onboarding,budget_expense,139000
Apr,2025,Customer Success,Onboarding,forecast_expense,142000
Apr,2025,Customer Success,Onboarding,expense_variance,5000
Apr,2025,Customer Success,Onboarding,expense_variance_pct,0.0360
Apr,2025,Customer Success,Onboarding,gross_margin,58000
Apr,2025,Customer Success,Onboarding,gross_margin_pct,0.2871
Apr,2025,Customer Success,Onboarding,forecast_error_revenue,1000
Apr,2025,Customer Success,Onboarding,forecast_accuracy_revenue_pct,0.9950
Apr,2025,Customer Success,Onboarding,forecast_error_expense,2000
Apr,2025,Customer Success,Onboarding,forecast_accuracy_expense_pct,0.9858
Apr,2025,Customer Success,Onboarding,variance_driver_rate,N/A
Apr,2025,Customer Success,Onboarding,variance_driver_volume,N/A

Apr,2025,Product,Product Management,actual_revenue,N/A
Apr,2025,Product,Product Management,budget_revenue,N/A
Apr,2025,Product,Product Management,forecast_revenue,N/A
Apr,2025,Product,Product Management,revenue_variance,N/A
Apr,2025,Product,Product Management,revenue_variance_pct,N/A
Apr,2025,Product,Product Management,actual_expense,275000
Apr,2025,Product,Product Management,budget_expense,267000
Apr,2025,Product,Product Management,forecast_expense,271000
Apr,2025,Product,Product Management,expense_variance,8000
Apr,2025,Product,Product Management,expense_variance_pct,0.0299
Apr,2025,Product,Product Management,gross_margin,N/A
Apr,2025,Product,Product Management,gross_margin_pct,N/A
Apr,2025,Product,Product Management,forecast_error_expense,4000
Apr,2025,Product,Product Management,forecast_accuracy_expense_pct,0.9852
Apr,2025,Product,Product Management,variance_driver_rate,N/A
Apr,2025,Product,Product Management,variance_driver_volume,N/A

Apr,2025,Product,UX,actual_revenue,N/A
Apr,2025,Product,UX,budget_revenue,N/A
Apr,2025,Product,UX,forecast_revenue,N/A
Apr,2025,Product,UX,revenue_variance,N/A
Apr,2025,Product,UX,revenue_variance_pct,N/A
Apr,2025,Product,UX,actual_expense,173000
Apr,2025,Product,UX,budget_expense,166000
Apr,2025,Product,UX,forecast_expense,170000
Apr,2025,Product,UX,expense_variance,7000
Apr,2025,Product,UX,expense_variance_pct,0.0422
Apr,2025,Product,UX,gross_margin,N/A
Apr,2025,Product,UX,gross_margin_pct,N/A
Apr,2025,Product,UX,forecast_error_expense,4000
Apr,2025,Product,UX,forecast_accuracy_expense_pct,0.9760
Apr,2025,Product,UX,variance_driver_rate,N/A
Apr,2025,Product,UX,variance_driver_volume,N/A

Apr,2025,Engineering,Backend,actual_revenue,N/A
Apr,2025,Engineering,Backend,budget_revenue,N/A
Apr,2025,Engineering,Backend,forecast_revenue,N/A
Apr,2025,Engineering,Backend,revenue_variance,N/A
Apr,2025,Engineering,Backend,revenue_variance_pct,N/A
Apr,2025,Engineering,Backend,actual_expense,373000
Apr,2025,Engineering,Backend,budget_expense,358000
Apr,2025,Engineering,Backend,forecast_expense,366000
Apr,2025,Engineering,Backend,expense_variance,15000
Apr,2025,Engineering,Backend,expense_variance_pct,0.0419
Apr,2025,Engineering,Backend,gross_margin,N/A
Apr,2025,Engineering,Backend,gross_margin_pct,N/A
Apr,2025,Engineering,Backend,forecast_error_expense,8000
Apr,2025,Engineering,Backend,forecast_accuracy_expense_pct,0.9784
Apr,2025,Engineering,Backend,variance_driver_rate,N/A
Apr,2025,Engineering,Backend,variance_driver_volume,N/A

Apr,2025,Engineering,Frontend,actual_revenue,N/A
Apr,2025,Engineering,Frontend,budget_revenue,N/A
Apr,2025,Engineering,Frontend,forecast_revenue,N/A
Apr,2025,Engineering,Frontend,revenue_variance,N/A
Apr,2025,Engineering,Frontend,revenue_variance_pct,N/A
Apr,2025,Engineering,Frontend,actual_expense,323000
Apr,2025,Engineering,Frontend,budget_expense,312000
Apr,2025,Engineering,Frontend,forecast_expense,317000
Apr,2025,Engineering,Frontend,expense_variance,11000
Apr,2025,Engineering,Frontend,expense_variance_pct,0.0353
Apr,2025,Engineering,Frontend,gross_margin,N/A
Apr,2025,Engineering,Frontend,gross_margin_pct,N/A
Apr,2025,Engineering,Frontend,forecast_error_expense,5000
Apr,2025,Engineering,Frontend,forecast_accuracy_expense_pct,0.9847
Apr,2025,Engineering,Frontend,variance_driver_rate,N/A
Apr,2025,Engineering,Frontend,variance_driver_volume,N/A

Apr,2025,Engineering,DevOps,actual_revenue,N/A
Apr,2025,Engineering,DevOps,budget_revenue,N/A
Apr,2025,Engineering,DevOps,forecast_revenue,N/A
Apr,2025,Engineering,DevOps,revenue_variance,N/A
Apr,2025,Engineering,DevOps,revenue_variance_pct,N/A
Apr,2025,Engineering,DevOps,actual_expense,293000
Apr,2025,Engineering,DevOps,budget_expense,282000
Apr,2025,Engineering,DevOps,forecast_expense,287000
Apr,2025,Engineering,DevOps,expense_variance,11000
Apr,2025,Engineering,DevOps,expense_variance_pct,0.0390
Apr,2025,Engineering,DevOps,gross_margin,N/A
Apr,2025,Engineering,DevOps,gross_margin_pct,N/A
Apr,2025,Engineering,DevOps,forecast_error_expense,5000
Apr,2025,Engineering,DevOps,forecast_accuracy_expense_pct,0.9822
Apr,2025,Engineering,DevOps,variance_driver_rate,N/A
Apr,2025,Engineering,DevOps,variance_driver_volume,N/A

Apr,2025,G&A,HR,actual_revenue,N/A
Apr,2025,G&A,HR,budget_revenue,N/A
Apr,2025,G&A,HR,forecast_revenue,N/A
Apr,2025,G&A,HR,revenue_variance,N/A
Apr,2025,G&A,HR,revenue_variance_pct,N/A
Apr,2025,G&A,HR,actual_expense,138000
Apr,2025,G&A,HR,budget_expense,134000
Apr,2025,G&A,HR,forecast_expense,136000
Apr,2025,G&A,HR,expense_variance,4000
Apr,2025,G&A,HR,expense_variance_pct,0.0299

May,2025,Sales,Field Sales,actual_revenue,620000
May,2025,Sales,Field Sales,budget_revenue,610000
May,2025,Sales,Field Sales,forecast_revenue,615000
May,2025,Sales,Field Sales,revenue_variance,10000
May,2025,Sales,Field Sales,revenue_variance_pct,0.0164
May,2025,Sales,Field Sales,actual_expense,250000
May,2025,Sales,Field Sales,budget_expense,240000
May,2025,Sales,Field Sales,forecast_expense,245000
May,2025,Sales,Field Sales,expense_variance,10000
May,2025,Sales,Field Sales,expense_variance_pct,0.0417
May,2025,Sales,Field Sales,gross_margin,370000
May,2025,Sales,Field Sales,gross_margin_pct,0.5968
May,2025,Sales,Field Sales,forecast_error_revenue,5000
May,2025,Sales,Field Sales,forecast_accuracy_revenue_pct,0.9919
May,2025,Sales,Field Sales,forecast_error_expense,5000
May,2025,Sales,Field Sales,forecast_accuracy_expense_pct,0.9794
May,2025,Sales,Field Sales,variance_driver_rate,N/A
May,2025,Sales,Field Sales,variance_driver_volume,N/A

May,2025,Sales,Inside Sales,actual_revenue,447000
May,2025,Sales,Inside Sales,budget_revenue,442000
May,2025,Sales,Inside Sales,forecast_revenue,445000
May,2025,Sales,Inside Sales,revenue_variance,5000
May,2025,Sales,Inside Sales,revenue_variance_pct,0.0113
May,2025,Sales,Inside Sales,actual_expense,153000
May,2025,Sales,Inside Sales,budget_expense,149000
May,2025,Sales,Inside Sales,forecast_expense,151000
May,2025,Sales,Inside Sales,expense_variance,4000
May,2025,Sales,Inside Sales,expense_variance_pct,0.0268
May,2025,Sales,Inside Sales,gross_margin,294000
May,2025,Sales,Inside Sales,gross_margin_pct,0.6577
May,2025,Sales,Inside Sales,forecast_error_revenue,2000
May,2025,Sales,Inside Sales,forecast_accuracy_revenue_pct,0.9955
May,2025,Sales,Inside Sales,forecast_error_expense,2000
May,2025,Sales,Inside Sales,forecast_accuracy_expense_pct,0.9867
May,2025,Sales,Inside Sales,variance_driver_rate,N/A
May,2025,Sales,Inside Sales,variance_driver_volume,N/A

May,2025,Sales,Sales Ops,actual_revenue,120000
May,2025,Sales,Sales Ops,budget_revenue,119000
May,2025,Sales,Sales Ops,forecast_revenue,120000
May,2025,Sales,Sales Ops,revenue_variance,1000
May,2025,Sales,Sales Ops,revenue_variance_pct,0.0084
May,2025,Sales,Sales Ops,actual_expense,78000
May,2025,Sales,Sales Ops,budget_expense,74000
May,2025,Sales,Sales Ops,forecast_expense,75000
May,2025,Sales,Sales Ops,expense_variance,4000
May,2025,Sales,Sales Ops,expense_variance_pct,0.0541
May,2025,Sales,Sales Ops,gross_margin,42000
May,2025,Sales,Sales Ops,gross_margin_pct,0.35
May,2025,Sales,Sales Ops,forecast_error_revenue,0
May,2025,Sales,Sales Ops,forecast_accuracy_revenue_pct,1.0000
May,2025,Sales,Sales Ops,forecast_error_expense,3000
May,2025,Sales,Sales Ops,forecast_accuracy_expense_pct,0.9586
May,2025,Sales,Sales Ops,variance_driver_rate,N/A
May,2025,Sales,Sales Ops,variance_driver_volume,N/A

May,2025,Marketing,Digital,actual_revenue,220000
May,2025,Marketing,Digital,budget_revenue,215000
May,2025,Marketing,Digital,forecast_revenue,218000
May,2025,Marketing,Digital,revenue_variance,5000
May,2025,Marketing,Digital,revenue_variance_pct,0.0233
May,2025,Marketing,Digital,actual_expense,164000
May,2025,Marketing,Digital,budget_expense,159000
May,2025,Marketing,Digital,forecast_expense,161000
May,2025,Marketing,Digital,expense_variance,5000
May,2025,Marketing,Digital,expense_variance_pct,0.0314
May,2025,Marketing,Digital,gross_margin,56000
May,2025,Marketing,Digital,gross_margin_pct,0.2545
May,2025,Marketing,Digital,forecast_error_revenue,2000
May,2025,Marketing,Digital,forecast_accuracy_revenue_pct,0.9908
May,2025,Marketing,Digital,forecast_error_expense,3000
May,2025,Marketing,Digital,forecast_accuracy_expense_pct,0.9813
May,2025,Marketing,Digital,variance_driver_rate,N/A
May,2025,Marketing,Digital,variance_driver_volume,N/A

May,2025,Marketing,Events,actual_revenue,178000
May,2025,Marketing,Events,budget_revenue,176000
May,2025,Marketing,Events,forecast_revenue,177000
May,2025,Marketing,Events,revenue_variance,2000
May,2025,Marketing,Events,revenue_variance_pct,0.0114
May,2025,Marketing,Events,actual_expense,172000
May,2025,Marketing,Events,budget_expense,165000
May,2025,Marketing,Events,forecast_expense,168000
May,2025,Marketing,Events,expense_variance,7000
May,2025,Marketing,Events,expense_variance_pct,0.0424
May,2025,Marketing,Events,gross_margin,6000
May,2025,Marketing,Events,gross_margin_pct,0.0337
May,2025,Marketing,Events,forecast_error_revenue,1000
May,2025,Marketing,Events,forecast_accuracy_revenue_pct,0.9944
May,2025,Marketing,Events,forecast_error_expense,3000
May,2025,Marketing,Events,forecast_accuracy_expense_pct,0.9820
May,2025,Marketing,Events,variance_driver_rate,N/A
May,2025,Marketing,Events,variance_driver_volume,N/A

May,2025,Marketing,Brand,actual_revenue,125000
May,2025,Marketing,Brand,budget_revenue,124000
May,2025,Marketing,Brand,forecast_revenue,125000
May,2025,Marketing,Brand,revenue_variance,1000
May,2025,Marketing,Brand,revenue_variance_pct,0.0081
May,2025,Marketing,Brand,actual_expense,133000
May,2025,Marketing,Brand,budget_expense,129000
May,2025,Marketing,Brand,forecast_expense,131000
May,2025,Marketing,Brand,expense_variance,4000
May,2025,Marketing,Brand,expense_variance_pct,0.0310
May,2025,Marketing,Brand,gross_margin,-8000
May,2025,Marketing,Brand,gross_margin_pct,-0.0640
May,2025,Marketing,Brand,forecast_error_revenue,0
May,2025,Marketing,Brand,forecast_accuracy_revenue_pct,1.0000
May,2025,Marketing,Brand,forecast_error_expense,2000
May,2025,Marketing,Brand,forecast_accuracy_expense_pct,0.9845
May,2025,Marketing,Brand,variance_driver_rate,N/A
May,2025,Marketing,Brand,variance_driver_volume,N/A

May,2025,Customer Success,Support,actual_revenue,232000
May,2025,Customer Success,Support,budget_revenue,229000
May,2025,Customer Success,Support,forecast_revenue,231000
May,2025,Customer Success,Support,revenue_variance,3000
May,2025,Customer Success,Support,revenue_variance_pct,0.0131
May,2025,Customer Success,Support,actual_expense,156000
May,2025,Customer Success,Support,budget_expense,150000
May,2025,Customer Success,Support,forecast_expense,153000
May,2025,Customer Success,Support,expense_variance,6000
May,2025,Customer Success,Support,expense_variance_pct,0.0400
May,2025,Customer Success,Support,gross_margin,76000
May,2025,Customer Success,Support,gross_margin_pct,0.3276
May,2025,Customer Success,Support,forecast_error_revenue,1000
May,2025,Customer Success,Support,forecast_accuracy_revenue_pct,0.9960
May,2025,Customer Success,Support,forecast_error_expense,3000
May,2025,Customer Success,Support,forecast_accuracy_expense_pct,0.9799
May,2025,Customer Success,Support,variance_driver_rate,N/A
May,2025,Customer Success,Support,variance_driver_volume,N/A

May,2025,Customer Success,Onboarding,actual_revenue,204000
May,2025,Customer Success,Onboarding,budget_revenue,202000
May,2025,Customer Success,Onboarding,forecast_revenue,203000
May,2025,Customer Success,Onboarding,revenue_variance,2000
May,2025,Customer Success,Onboarding,revenue_variance_pct,0.0099
May,2025,Customer Success,Onboarding,actual_expense,145000
May,2025,Customer Success,Onboarding,budget_expense,140000
May,2025,Customer Success,Onboarding,forecast_expense,143000
May,2025,Customer Success,Onboarding,expense_variance,5000
May,2025,Customer Success,Onboarding,expense_variance_pct,0.0357
May,2025,Customer Success,Onboarding,gross_margin,59000
May,2025,Customer Success,Onboarding,gross_margin_pct,0.2892
May,2025,Customer Success,Onboarding,forecast_error_revenue,1000
May,2025,Customer Success,Onboarding,forecast_accuracy_revenue_pct,0.9951
May,2025,Customer Success,Onboarding,forecast_error_expense,2000
May,2025,Customer Success,Onboarding,forecast_accuracy_expense_pct,0.9859
May,2025,Customer Success,Onboarding,variance_driver_rate,N/A
May,2025,Customer Success,Onboarding,variance_driver_volume,N/A

May,2025,Product,Product Management,actual_revenue,N/A
May,2025,Product,Product Management,budget_revenue,N/A
May,2025,Product,Product Management,forecast_revenue,N/A
May,2025,Product,Product Management,revenue_variance,N/A
May,2025,Product,Product Management,revenue_variance_pct,N/A
May,2025,Product,Product Management,actual_expense,277000
May,2025,Product,Product Management,budget_expense,269000
May,2025,Product,Product Management,forecast_expense,273000
May,2025,Product,Product Management,expense_variance,8000
May,2025,Product,Product Management,expense_variance_pct,0.0297
May,2025,Product,Product Management,gross_margin,N/A
May,2025,Product,Product Management,gross_margin_pct,N/A
May,2025,Product,Product Management,forecast_error_expense,4000
May,2025,Product,Product Management,forecast_accuracy_expense_pct,0.9853
May,2025,Product,Product Management,variance_driver_rate,N/A
May,2025,Product,Product Management,variance_driver_volume,N/A

May,2025,Product,UX,actual_revenue,N/A
May,2025,Product,UX,budget_revenue,N/A
May,2025,Product,UX,forecast_revenue,N/A
May,2025,Product,UX,revenue_variance,N/A
May,2025,Product,UX,revenue_variance_pct,N/A
May,2025,Product,UX,actual_expense,174000
May,2025,Product,UX,budget_expense,167000
May,2025,Product,UX,forecast_expense,171000
May,2025,Product,UX,expense_variance,7000
May,2025,Product,UX,expense_variance_pct,0.0419
May,2025,Product,UX,gross_margin,N/A
May,2025,Product,UX,gross_margin_pct,N/A
May,2025,Product,UX,forecast_error_expense,4000
May,2025,Product,UX,forecast_accuracy_expense_pct,0.9761
May,2025,Product,UX,variance_driver_rate,N/A
May,2025,Product,UX,variance_driver_volume,N/A

May,2025,Engineering,Backend,actual_revenue,N/A
May,2025,Engineering,Backend,budget_revenue,N/A
May,2025,Engineering,Backend,forecast_revenue,N/A
May,2025,Engineering,Backend,revenue_variance,N/A
May,2025,Engineering,Backend,revenue_variance_pct,N/A
May,2025,Engineering,Backend,actual_expense,375000
May,2025,Engineering,Backend,budget_expense,360000
May,2025,Engineering,Backend,forecast_expense,368000
May,2025,Engineering,Backend,expense_variance,15000
May,2025,Engineering,Backend,expense_variance_pct,0.0417
May,2025,Engineering,Backend,gross_margin,N/A
May,2025,Engineering,Backend,gross_margin_pct,N/A
May,2025,Engineering,Backend,forecast_error_expense,8000
May,2025,Engineering,Backend,forecast_accuracy_expense_pct,0.9785
May,2025,Engineering,Backend,variance_driver_rate,N/A
May,2025,Engineering,Backend,variance_driver_volume,N/A

May,2025,Engineering,Frontend,actual_revenue,N/A
May,2025,Engineering,Frontend,budget_revenue,N/A
May,2025,Engineering,Frontend,forecast_revenue,N/A
May,2025,Engineering,Frontend,revenue_variance,N/A
May,2025,Engineering,Frontend,revenue_variance_pct,N/A
May,2025,Engineering,Frontend,actual_expense,325000
May,2025,Engineering,Frontend,budget_expense,314000
May,2025,Engineering,Frontend,forecast_expense,319000
May,2025,Engineering,Frontend,expense_variance,11000
May,2025,Engineering,Frontend,expense_variance_pct,0.0350
May,2025,Engineering,Frontend,gross_margin,N/A
May,2025,Engineering,Frontend,gross_margin_pct,N/A
May,2025,Engineering,Frontend,forecast_error_expense,5000
May,2025,Engineering,Frontend,forecast_accuracy_expense_pct,0.9848
May,2025,Engineering,Frontend,variance_driver_rate,N/A
May,2025,Engineering,Frontend,variance_driver_volume,N/A

May,2025,Engineering,DevOps,actual_revenue,N/A
May,2025,Engineering,DevOps,budget_revenue,N/A
May,2025,Engineering,DevOps,forecast_revenue,N/A
May,2025,Engineering,DevOps,revenue_variance,N/A
May,2025,Engineering,DevOps,revenue_variance_pct,N/A
May,2025,Engineering,DevOps,actual_expense,295000
May,2025,Engineering,DevOps,budget_expense,284000
May,2025,Engineering,DevOps,forecast_expense,289000
May,2025,Engineering,DevOps,expense_variance,11000
May,2025,Engineering,DevOps,expense_variance_pct,0.0387
May,2025,Engineering,DevOps,gross_margin,N/A
May,2025,Engineering,DevOps,gross_margin_pct,N/A
May,2025,Engineering,DevOps,forecast_error_expense,5000
May,2025,Engineering,DevOps,forecast_accuracy_expense_pct,0.9823
May,2025,Engineering,DevOps,variance_driver_rate,N/A
May,2025,Engineering,DevOps,variance_driver_volume,N/A

May,2025,G&A,HR,actual_revenue,N/A
May,2025,G&A,HR,budget_revenue,N/A
May,2025,G&A,HR,forecast_revenue,N/A
May,2025,G&A,HR,revenue_variance,N/A
May,2025,G&A,HR,revenue_variance_pct,N/A
May,2025,G&A,HR,actual_expense,139000
May,2025,G&A,HR,budget_expense,135000
May,2025,G&A,HR,forecast_expense,137000
May,2025,G&A,HR,expense_variance,4000
May,2025,G&A

Jun,2025,Sales,Field Sales,actual_revenue,625000
Jun,2025,Sales,Field Sales,budget_revenue,615000
Jun,2025,Sales,Field Sales,forecast_revenue,620000
Jun,2025,Sales,Field Sales,revenue_variance,10000
Jun,2025,Sales,Field Sales,revenue_variance_pct,0.0163
Jun,2025,Sales,Field Sales,actual_expense,252000
Jun,2025,Sales,Field Sales,budget_expense,242000
Jun,2025,Sales,Field Sales,forecast_expense,247000
Jun,2025,Sales,Field Sales,expense_variance,10000
Jun,2025,Sales,Field Sales,expense_variance_pct,0.0413
Jun,2025,Sales,Field Sales,gross_margin,373000
Jun,2025,Sales,Field Sales,gross_margin_pct,0.5968
Jun,2025,Sales,Field Sales,forecast_error_revenue,5000
Jun,2025,Sales,Field Sales,forecast_accuracy_revenue_pct,0.9920
Jun,2025,Sales,Field Sales,forecast_error_expense,5000
Jun,2025,Sales,Field Sales,forecast_accuracy_expense_pct,0.9795
Jun,2025,Sales,Field Sales,variance_driver_rate,N/A
Jun,2025,Sales,Field Sales,variance_driver_volume,N/A

Jun,2025,Sales,Inside Sales,actual_revenue,450000
Jun,2025,Sales,Inside Sales,budget_revenue,445000
Jun,2025,Sales,Inside Sales,forecast_revenue,448000
Jun,2025,Sales,Inside Sales,revenue_variance,5000
Jun,2025,Sales,Inside Sales,revenue_variance_pct,0.0112
Jun,2025,Sales,Inside Sales,actual_expense,154000
Jun,2025,Sales,Inside Sales,budget_expense,150000
Jun,2025,Sales,Inside Sales,forecast_expense,152000
Jun,2025,Sales,Inside Sales,expense_variance,4000
Jun,2025,Sales,Inside Sales,expense_variance_pct,0.0267
Jun,2025,Sales,Inside Sales,gross_margin,296000
Jun,2025,Sales,Inside Sales,gross_margin_pct,0.6578
Jun,2025,Sales,Inside Sales,forecast_error_revenue,2000
Jun,2025,Sales,Inside Sales,forecast_accuracy_revenue_pct,0.9955
Jun,2025,Sales,Inside Sales,forecast_error_expense,2000
Jun,2025,Sales,Inside Sales,forecast_accuracy_expense_pct,0.9868
Jun,2025,Sales,Inside Sales,variance_driver_rate,N/A
Jun,2025,Sales,Inside Sales,variance_driver_volume,N/A

Jun,2025,Sales,Sales Ops,actual_revenue,121000
Jun,2025,Sales,Sales Ops,budget_revenue,120000
Jun,2025,Sales,Sales Ops,forecast_revenue,121000
Jun,2025,Sales,Sales Ops,revenue_variance,1000
Jun,2025,Sales,Sales Ops,revenue_variance_pct,0.0083
Jun,2025,Sales,Sales Ops,actual_expense,78500
Jun,2025,Sales,Sales Ops,budget_expense,74500
Jun,2025,Sales,Sales Ops,forecast_expense,75500
Jun,2025,Sales,Sales Ops,expense_variance,4000
Jun,2025,Sales,Sales Ops,expense_variance_pct,0.0537
Jun,2025,Sales,Sales Ops,gross_margin,42500
Jun,2025,Sales,Sales Ops,gross_margin_pct,0.3512
Jun,2025,Sales,Sales Ops,forecast_error_revenue,0
Jun,2025,Sales,Sales Ops,forecast_accuracy_revenue_pct,1.0000
Jun,2025,Sales,Sales Ops,forecast_error_expense,3000
Jun,2025,Sales,Sales Ops,forecast_accuracy_expense_pct,0.9587
Jun,2025,Sales,Sales Ops,variance_driver_rate,N/A
Jun,2025,Sales,Sales Ops,variance_driver_volume,N/A

Jun,2025,Marketing,Digital,actual_revenue,222000
Jun,2025,Marketing,Digital,budget_revenue,217000
Jun,2025,Marketing,Digital,forecast_revenue,220000
Jun,2025,Marketing,Digital,revenue_variance,5000
Jun,2025,Marketing,Digital,revenue_variance_pct,0.0230
Jun,2025,Marketing,Digital,actual_expense,165000
Jun,2025,Marketing,Digital,budget_expense,160000
Jun,2025,Marketing,Digital,forecast_expense,162000
Jun,2025,Marketing,Digital,expense_variance,5000
Jun,2025,Marketing,Digital,expense_variance_pct,0.0313
Jun,2025,Marketing,Digital,gross_margin,57000
Jun,2025,Marketing,Digital,gross_margin_pct,0.2568
Jun,2025,Marketing,Digital,forecast_error_revenue,2000
Jun,2025,Marketing,Digital,forecast_accuracy_revenue_pct,0.9909
Jun,2025,Marketing,Digital,forecast_error_expense,3000
Jun,2025,Marketing,Digital,forecast_accuracy_expense_pct,0.9814
Jun,2025,Marketing,Digital,variance_driver_rate,N/A
Jun,2025,Marketing,Digital,variance_driver_volume,N/A

Jun,2025,Marketing,Events,actual_revenue,180000
Jun,2025,Marketing,Events,budget_revenue,178000
Jun,2025,Marketing,Events,forecast_revenue,179000
Jun,2025,Marketing,Events,revenue_variance,2000
Jun,2025,Marketing,Events,revenue_variance_pct,0.0112
Jun,2025,Marketing,Events,actual_expense,173000
Jun,2025,Marketing,Events,budget_expense,166000
Jun,2025,Marketing,Events,forecast_expense,169000
Jun,2025,Marketing,Events,expense_variance,7000
Jun,2025,Marketing,Events,expense_variance_pct,0.0422
Jun,2025,Marketing,Events,gross_margin,7000
Jun,2025,Marketing,Events,gross_margin_pct,0.0389
Jun,2025,Marketing,Events,forecast_error_revenue,1000
Jun,2025,Marketing,Events,forecast_accuracy_revenue_pct,0.9944
Jun,2025,Marketing,Events,forecast_error_expense,3000
Jun,2025,Marketing,Events,forecast_accuracy_expense_pct,0.9821
Jun,2025,Marketing,Events,variance_driver_rate,N/A
Jun,2025,Marketing,Events,variance_driver_volume,N/A

Jun,2025,Marketing,Brand,actual_revenue,126000
Jun,2025,Marketing,Brand,budget_revenue,125000
Jun,2025,Marketing,Brand,forecast_revenue,126000
Jun,2025,Marketing,Brand,revenue_variance,1000
Jun,2025,Marketing,Brand,revenue_variance_pct,0.0080
Jun,2025,Marketing,Brand,actual_expense,134000
Jun,2025,Marketing,Brand,budget_expense,130000
Jun,2025,Marketing,Brand,forecast_expense,132000
Jun,2025,Marketing,Brand,expense_variance,4000
Jun,2025,Marketing,Brand,expense_variance_pct,0.0308
Jun,2025,Marketing,Brand,gross_margin,-8000
Jun,2025,Marketing,Brand,gross_margin_pct,-0.0635
Jun,2025,Marketing,Brand,forecast_error_revenue,0
Jun,2025,Marketing,Brand,forecast_accuracy_revenue_pct,1.0000
Jun,2025,Marketing,Brand,forecast_error_expense,2000
Jun,2025,Marketing,Brand,forecast_accuracy_expense_pct,0.9846
Jun,2025,Marketing,Brand,variance_driver_rate,N/A
Jun,2025,Marketing,Brand,variance_driver_volume,N/A

Jun,2025,Customer Success,Support,actual_revenue,234000
Jun,2025,Customer Success,Support,budget_revenue,231000
Jun,2025,Customer Success,Support,forecast_revenue,233000
Jun,2025,Customer Success,Support,revenue_variance,3000
Jun,2025,Customer Success,Support,revenue_variance_pct,0.0130
Jun,2025,Customer Success,Support,actual_expense,157000
Jun,2025,Customer Success,Support,budget_expense,151000
Jun,2025,Customer Success,Support,forecast_expense,154000
Jun,2025,Customer Success,Support,expense_variance,6000
Jun,2025,Customer Success,Support,expense_variance_pct,0.0397
Jun,2025,Customer Success,Support,gross_margin,77000
Jun,2025,Customer Success,Support,gross_margin_pct,0.3291
Jun,2025,Customer Success,Support,forecast_error_revenue,1000
Jun,2025,Customer Success,Support,forecast_accuracy_revenue_pct,0.9961
Jun,2025,Customer Success,Support,forecast_error_expense,3000
Jun,2025,Customer Success,Support,forecast_accuracy_expense_pct,0.9800
Jun,2025,Customer Success,Support,variance_driver_rate,N/A
Jun,2025,Customer Success,Support,variance_driver_volume,N/A

Jun,2025,Customer Success,Onboarding,actual_revenue,206000
Jun,2025,Customer Success,Onboarding,budget_revenue,204000
Jun,2025,Customer Success,Onboarding,forecast_revenue,205000
Jun,2025,Customer Success,Onboarding,revenue_variance,2000
Jun,2025,Customer Success,Onboarding,revenue_variance_pct,0.0098
Jun,2025,Customer Success,Onboarding,actual_expense,146000
Jun,2025,Customer Success,Onboarding,budget_expense,141000
Jun,2025,Customer Success,Onboarding,forecast_expense,144000
Jun,2025,Customer Success,Onboarding,expense_variance,5000
Jun,2025,Customer Success,Onboarding,expense_variance_pct,0.0355
Jun,2025,Customer Success,Onboarding,gross_margin,60000
Jun,2025,Customer Success,Onboarding,gross_margin_pct,0.2913
Jun,2025,Customer Success,Onboarding,forecast_error_revenue,1000
Jun,2025,Customer Success,Onboarding,forecast_accuracy_revenue_pct,0.9951
Jun,2025,Customer Success,Onboarding,forecast_error_expense,2000
Jun,2025,Customer Success,Onboarding,forecast_accuracy_expense_pct,0.9860
Jun,2025,Customer Success,Onboarding,variance_driver_rate,N/A
Jun,2025,Customer Success,Onboarding,variance_driver_volume,N/A

Jun,2025,Product,Product Management,actual_revenue,N/A
Jun,2025,Product,Product Management,budget_revenue,N/A
Jun,2025,Product,Product Management,forecast_revenue,N/A
Jun,2025,Product,Product Management,revenue_variance,N/A
Jun,2025,Product,Product Management,revenue_variance_pct,N/A
Jun,2025,Product,Product Management,actual_expense,279000
Jun,2025,Product,Product Management,budget_expense,271000
Jun,2025,Product,Product Management,forecast_expense,275000
Jun,2025,Product,Product Management,expense_variance,8000
Jun,2025,Product,Product Management,expense_variance_pct,0.0295
Jun,2025,Product,Product Management,gross_margin,N/A
Jun,2025,Product,Product Management,gross_margin_pct,N/A
Jun,2025,Product,Product Management,forecast_error_expense,4000
Jun,2025,Product,Product Management,forecast_accuracy_expense_pct,0.9854
Jun,2025,Product,Product Management,variance_driver_rate,N/A
Jun,2025,Product,Product Management,variance_driver_volume,N/A

Jun,2025,Product,UX,actual_revenue,N/A
Jun,2025,Product,UX,budget_revenue,N/A
Jun,2025,Product,UX,forecast_revenue,N/A
Jun,2025,Product,UX,revenue_variance,N/A
Jun,2025,Product,UX,revenue_variance_pct,N/A
Jun,2025,Product,UX,actual_expense,175000
Jun,2025,Product,UX,budget_expense,168000
Jun,2025,Product,UX,forecast_expense,172000
Jun,2025,Product,UX,expense_variance,7000
Jun,2025,Product,UX,expense_variance_pct,0.0417
Jun,2025,Product,UX,gross_margin,N/A
Jun,2025,Product,UX,gross_margin_pct,N/A
Jun,2025,Product,UX,forecast_error_expense,4000
Jun,2025,Product,UX,forecast_accuracy_expense_pct,0.9762
Jun,2025,Product,UX,variance_driver_rate,N/A
Jun,2025,Product,UX,variance_driver_volume,N/A

Jun,2025,Engineering,Backend,actual_revenue,N/A
Jun,2025,Engineering,Backend,budget_revenue,N/A
Jun,2025,Engineering,Backend,forecast_revenue,N/A
Jun,2025,Engineering,Backend,revenue_variance,N/A
Jun,2025,Engineering,Backend,revenue_variance_pct,N/A
Jun,2025,Engineering,Backend,actual_expense,377000
Jun,2025,Engineering,Backend,budget_expense,362000
Jun,2025,Engineering,Backend,forecast_expense,370000
Jun,2025,Engineering,Backend,expense_variance,15000
Jun,2025,Engineering,Backend,expense_variance_pct,0.0414
Jun,2025,Engineering,Backend,gross_margin,N/A
Jun,2025,Engineering,Backend,gross_margin_pct,N/A
Jun,2025,Engineering,Backend,forecast_error_expense,8000
Jun,2025,Engineering,Backend,forecast_accuracy_expense_pct,0.9786
Jun,2025,Engineering,Backend,variance_driver_rate,N/A
Jun,2025,Engineering,Backend,variance_driver_volume,N/A

Jun,2025,Engineering,Frontend,actual_revenue,N/A
Jun,2025,Engineering,Frontend,budget_revenue,N/A
Jun,2025,Engineering,Frontend,forecast_revenue,N/A
Jun,2025,Engineering,Frontend,revenue_variance,N/A
Jun,2025,Engineering,Frontend,revenue_variance_pct,N/A
Jun,2025,Engineering,Frontend,actual_expense,327000
Jun,2025,Engineering,Frontend,budget_expense,316000
Jun,2025,Engineering,Frontend,forecast_expense,321000
Jun,2025,Engineering,Frontend,expense_variance,11000
Jun,2025,Engineering,Frontend,expense_variance_pct,0.0348
Jun,2025,Engineering,Frontend,gross_margin,N/A
Jun,2025,Engineering,Frontend,gross_margin_pct,N/A
Jun,2025,Engineering,Frontend,forecast_error_expense,5000
Jun,2025,Engineering,Frontend,forecast_accuracy_expense_pct,0.9849
Jun,2025,Engineering,Frontend,variance_driver_rate,N/A
Jun,2025,Engineering,Frontend,variance_driver_volume,N/A

Jun,2025,Engineering,DevOps,actual_revenue,N/A
Jun,2025,Engineering,DevOps,budget_revenue,N/A
Jun,2025,Engineering,DevOps,forecast_revenue,N/A
Jun,2025,Engineering,DevOps,revenue_variance,N/A
Jun,2025,Engineering,DevOps,revenue_variance_pct,N/A
Jun,2025,Engineering,DevOps,actual_expense,297000
Jun,2025,Engineering,DevOps,budget_expense,286000
Jun,2025,Engineering,DevOps,forecast_expense,291000
Jun,2025,Engineering,DevOps,expense_variance,11000
Jun,2025,Engineering,DevOps,expense_variance_pct,0.0385
Jun,2025,Engineering,DevOps,gross_margin,N/A
Jun,2025,Engineering,DevOps,gross_margin_pct,N/A
Jun,2025,Engineering,DevOps,forecast_error_expense,5000
Jun,2025,Engineering,DevOps,forecast_accuracy_expense_pct,0.9824
Jun,2025,Engineering,DevOps,variance_driver_rate,N/A
Jun,2025,Engineering,DevOps,variance_driver_volume,N/A

Jun,2025,G&A,HR,actual_revenue,N/A
Jun,2025,G&A,HR,budget_revenue,N/A
Jun,2025,G&A,HR,forecast_revenue,N/A
Jun,2025,G&A,HR,revenue_variance,N/A
Jun,2025,G&A,HR,revenue_variance_pct,N/A
Jun,2025,G&A,HR,actual_expense,140000
Jun,2025,G&A,HR,budget_expense,136000
Jun,2025,G&A,HR,forecast_expense,138000
Jun,2025,G&A,HR,expense_variance,4000
Jun,2025,G&A,HR,expense_variance_pct,0.029

Jul,2025,Sales,Field Sales,actual_revenue,630000
Jul,2025,Sales,Field Sales,budget_revenue,620000
Jul,2025,Sales,Field Sales,forecast_revenue,625000
Jul,2025,Sales,Field Sales,revenue_variance,10000
Jul,2025,Sales,Field Sales,revenue_variance_pct,0.0161
Jul,2025,Sales,Field Sales,actual_expense,254000
Jul,2025,Sales,Field Sales,budget_expense,244000
Jul,2025,Sales,Field Sales,forecast_expense,249000
Jul,2025,Sales,Field Sales,expense_variance,10000
Jul,2025,Sales,Field Sales,expense_variance_pct,0.0410
Jul,2025,Sales,Field Sales,gross_margin,376000
Jul,2025,Sales,Field Sales,gross_margin_pct,0.5968
Jul,2025,Sales,Field Sales,forecast_error_revenue,5000
Jul,2025,Sales,Field Sales,forecast_accuracy_revenue_pct,0.9920
Jul,2025,Sales,Field Sales,forecast_error_expense,5000
Jul,2025,Sales,Field Sales,forecast_accuracy_expense_pct,0.9796
Jul,2025,Sales,Field Sales,variance_driver_rate,N/A
Jul,2025,Sales,Field Sales,variance_driver_volume,N/A

Jul,2025,Sales,Inside Sales,actual_revenue,453000
Jul,2025,Sales,Inside Sales,budget_revenue,448000
Jul,2025,Sales,Inside Sales,forecast_revenue,451000
Jul,2025,Sales,Inside Sales,revenue_variance,5000
Jul,2025,Sales,Inside Sales,revenue_variance_pct,0.0112
Jul,2025,Sales,Inside Sales,actual_expense,155000
Jul,2025,Sales,Inside Sales,budget_expense,151000
Jul,2025,Sales,Inside Sales,forecast_expense,153000
Jul,2025,Sales,Inside Sales,expense_variance,4000
Jul,2025,Sales,Inside Sales,expense_variance_pct,0.0265
Jul,2025,Sales,Inside Sales,gross_margin,298000
Jul,2025,Sales,Inside Sales,gross_margin_pct,0.6578
Jul,2025,Sales,Inside Sales,forecast_error_revenue,2000
Jul,2025,Sales,Inside Sales,forecast_accuracy_revenue_pct,0.9956
Jul,2025,Sales,Inside Sales,forecast_error_expense,2000
Jul,2025,Sales,Inside Sales,forecast_accuracy_expense_pct,0.9869
Jul,2025,Sales,Inside Sales,variance_driver_rate,N/A
Jul,2025,Sales,Inside Sales,variance_driver_volume,N/A

Jul,2025,Sales,Sales Ops,actual_revenue,122000
Jul,2025,Sales,Sales Ops,budget_revenue,121000
Jul,2025,Sales,Sales Ops,forecast_revenue,122000
Jul,2025,Sales,Sales Ops,revenue_variance,1000
Jul,2025,Sales,Sales Ops,revenue_variance_pct,0.0083
Jul,2025,Sales,Sales Ops,actual_expense,79000
Jul,2025,Sales,Sales Ops,budget_expense,75000
Jul,2025,Sales,Sales Ops,forecast_expense,76000
Jul,2025,Sales,Sales Ops,expense_variance,4000
Jul,2025,Sales,Sales Ops,expense_variance_pct,0.0533
Jul,2025,Sales,Sales Ops,gross_margin,43000
Jul,2025,Sales,Sales Ops,gross_margin_pct,0.3525
Jul,2025,Sales,Sales Ops,forecast_error_revenue,0
Jul,2025,Sales,Sales Ops,forecast_accuracy_revenue_pct,1.0000
Jul,2025,Sales,Sales Ops,forecast_error_expense,3000
Jul,2025,Sales,Sales Ops,forecast_accuracy_expense_pct,0.9588
Jul,2025,Sales,Sales Ops,variance_driver_rate,N/A
Jul,2025,Sales,Sales Ops,variance_driver_volume,N/A

Jul,2025,Marketing,Digital,actual_revenue,224000
Jul,2025,Marketing,Digital,budget_revenue,219000
Jul,2025,Marketing,Digital,forecast_revenue,222000
Jul,2025,Marketing,Digital,revenue_variance,5000
Jul,2025,Marketing,Digital,revenue_variance_pct,0.0228
Jul,2025,Marketing,Digital,actual_expense,166000
Jul,2025,Marketing,Digital,budget_expense,161000
Jul,2025,Marketing,Digital,forecast_expense,163000
Jul,2025,Marketing,Digital,expense_variance,5000
Jul,2025,Marketing,Digital,expense_variance_pct,0.0311
Jul,2025,Marketing,Digital,gross_margin,58000
Jul,2025,Marketing,Digital,gross_margin_pct,0.2589
Jul,2025,Marketing,Digital,forecast_error_revenue,2000
Jul,2025,Marketing,Digital,forecast_accuracy_revenue_pct,0.9910
Jul,2025,Marketing,Digital,forecast_error_expense,3000
Jul,2025,Marketing,Digital,forecast_accuracy_expense_pct,0.9815
Jul,2025,Marketing,Digital,variance_driver_rate,N/A
Jul,2025,Marketing,Digital,variance_driver_volume,N/A

Jul,2025,Marketing,Events,actual_revenue,182000
Jul,2025,Marketing,Events,budget_revenue,180000
Jul,2025,Marketing,Events,forecast_revenue,181000
Jul,2025,Marketing,Events,revenue_variance,2000
Jul,2025,Marketing,Events,revenue_variance_pct,0.0111
Jul,2025,Marketing,Events,actual_expense,174000
Jul,2025,Marketing,Events,budget_expense,167000
Jul,2025,Marketing,Events,forecast_expense,170000
Jul,2025,Marketing,Events,expense_variance,7000
Jul,2025,Marketing,Events,expense_variance_pct,0.0419
Jul,2025,Marketing,Events,gross_margin,8000
Jul,2025,Marketing,Events,gross_margin_pct,0.0440
Jul,2025,Marketing,Events,forecast_error_revenue,1000
Jul,2025,Marketing,Events,forecast_accuracy_revenue_pct,0.9945
Jul,2025,Marketing,Events,forecast_error_expense,3000
Jul,2025,Marketing,Events,forecast_accuracy_expense_pct,0.9822
Jul,2025,Marketing,Events,variance_driver_rate,N/A
Jul,2025,Marketing,Events,variance_driver_volume,N/A

Jul,2025,Marketing,Brand,actual_revenue,127000
Jul,2025,Marketing,Brand,budget_revenue,126000
Jul,2025,Marketing,Brand,forecast_revenue,127000
Jul,2025,Marketing,Brand,revenue_variance,1000
Jul,2025,Marketing,Brand,revenue_variance_pct,0.0079
Jul,2025,Marketing,Brand,actual_expense,135000
Jul,2025,Marketing,Brand,budget_expense,131000
Jul,2025,Marketing,Brand,forecast_expense,133000
Jul,2025,Marketing,Brand,expense_variance,4000
Jul,2025,Marketing,Brand,expense_variance_pct,0.0305
Jul,2025,Marketing,Brand,gross_margin,-8000
Jul,2025,Marketing,Brand,gross_margin_pct,-0.0630
Jul,2025,Marketing,Brand,forecast_error_revenue,0
Jul,2025,Marketing,Brand,forecast_accuracy_revenue_pct,1.0000
Jul,2025,Marketing,Brand,forecast_error_expense,2000
Jul,2025,Marketing,Brand,forecast_accuracy_expense_pct,0.9847
Jul,2025,Marketing,Brand,variance_driver_rate,N/A
Jul,2025,Marketing,Brand,variance_driver_volume,N/A

Jul,2025,Customer Success,Support,actual_revenue,236000
Jul,2025,Customer Success,Support,budget_revenue,233000
Jul,2025,Customer Success,Support,forecast_revenue,235000
Jul,2025,Customer Success,Support,revenue_variance,3000
Jul,2025,Customer Success,Support,revenue_variance_pct,0.0129
Jul,2025,Customer Success,Support,actual_expense,158000
Jul,2025,Customer Success,Support,budget_expense,152000
Jul,2025,Customer Success,Support,forecast_expense,155000
Jul,2025,Customer Success,Support,expense_variance,6000
Jul,2025,Customer Success,Support,expense_variance_pct,0.0395
Jul,2025,Customer Success,Support,gross_margin,78000
Jul,2025,Customer Success,Support,gross_margin_pct,0.3305
Jul,2025,Customer Success,Support,forecast_error_revenue,1000
Jul,2025,Customer Success,Support,forecast_accuracy_revenue_pct,0.9962
Jul,2025,Customer Success,Support,forecast_error_expense,3000
Jul,2025,Customer Success,Support,forecast_accuracy_expense_pct,0.9801
Jul,2025,Customer Success,Support,variance_driver_rate,N/A
Jul,2025,Customer Success,Support,variance_driver_volume,N/A

Jul,2025,Customer Success,Onboarding,actual_revenue,208000
Jul,2025,Customer Success,Onboarding,budget_revenue,206000
Jul,2025,Customer Success,Onboarding,forecast_revenue,207000
Jul,2025,Customer Success,Onboarding,revenue_variance,2000
Jul,2025,Customer Success,Onboarding,revenue_variance_pct,0.0097
Jul,2025,Customer Success,Onboarding,actual_expense,147000
Jul,2025,Customer Success,Onboarding,budget_expense,142000
Jul,2025,Customer Success,Onboarding,forecast_expense,145000
Jul,2025,Customer Success,Onboarding,expense_variance,5000
Jul,2025,Customer Success,Onboarding,expense_variance_pct,0.0352
Jul,2025,Customer Success,Onboarding,gross_margin,61000
Jul,2025,Customer Success,Onboarding,gross_margin_pct,0.2933
Jul,2025,Customer Success,Onboarding,forecast_error_revenue,1000
Jul,2025,Customer Success,Onboarding,forecast_accuracy_revenue_pct,0.9952
Jul,2025,Customer Success,Onboarding,forecast_error_expense,2000
Jul,2025,Customer Success,Onboarding,forecast_accuracy_expense_pct,0.9861
Jul,2025,Customer Success,Onboarding,variance_driver_rate,N/A
Jul,2025,Customer Success,Onboarding,variance_driver_volume,N/A

Jul,2025,Product,Product Management,actual_revenue,N/A
Jul,2025,Product,Product Management,budget_revenue,N/A
Jul,2025,Product,Product Management,forecast_revenue,N/A
Jul,2025,Product,Product Management,revenue_variance,N/A
Jul,2025,Product,Product Management,revenue_variance_pct,N/A
Jul,2025,Product,Product Management,actual_expense,281000
Jul,2025,Product,Product Management,budget_expense,273000
Jul,2025,Product,Product Management,forecast_expense,277000
Jul,2025,Product,Product Management,expense_variance,8000
Jul,2025,Product,Product Management,expense_variance_pct,0.0293
Jul,2025,Product,Product Management,gross_margin,N/A
Jul,2025,Product,Product Management,gross_margin_pct,N/A
Jul,2025,Product,Product Management,forecast_error_expense,4000
Jul,2025,Product,Product Management,forecast_accuracy_expense_pct,0.9855
Jul,2025,Product,Product Management,variance_driver_rate,N/A
Jul,2025,Product,Product Management,variance_driver_volume,N/A

Jul,2025,Product,UX,actual_revenue,N/A
Jul,2025,Product,UX,budget_revenue,N/A
Jul,2025,Product,UX,forecast_revenue,N/A
Jul,2025,Product,UX,revenue_variance,N/A
Jul,2025,Product,UX,revenue_variance_pct,N/A
Jul,2025,Product,UX,actual_expense,176000
Jul,2025,Product,UX,budget_expense,169000
Jul,2025,Product,UX,forecast_expense,173000
Jul,2025,Product,UX,expense_variance,7000
Jul,2025,Product,UX,expense_variance_pct,0.0414
Jul,2025,Product,UX,gross_margin,N/A
Jul,2025,Product,UX,gross_margin_pct,N/A
Jul,2025,Product,UX,forecast_error_expense,4000
Jul,2025,Product,UX,forecast_accuracy_expense_pct,0.9763
Jul,2025,Product,UX,variance_driver_rate,N/A
Jul,2025,Product,UX,variance_driver_volume,N/A

Jul,2025,Engineering,Backend,actual_revenue,N/A
Jul,2025,Engineering,Backend,budget_revenue,N/A
Jul,2025,Engineering,Backend,forecast_revenue,N/A
Jul,2025,Engineering,Backend,revenue_variance,N/A
Jul,2025,Engineering,Backend,revenue_variance_pct,N/A
Jul,2025,Engineering,Backend,actual_expense,379000
Jul,2025,Engineering,Backend,budget_expense,364000
Jul,2025,Engineering,Backend,forecast_expense,372000
Jul,2025,Engineering,Backend,expense_variance,15000
Jul,2025,Engineering,Backend,expense_variance_pct,0.0412
Jul,2025,Engineering,Backend,gross_margin,N/A
Jul,2025,Engineering,Backend,gross_margin_pct,N/A
Jul,2025,Engineering,Backend,forecast_error_expense,8000
Jul,2025,Engineering,Backend,forecast_accuracy_expense_pct,0.9787
Jul,2025,Engineering,Backend,variance_driver_rate,N/A
Jul,2025,Engineering,Backend,variance_driver_volume,N/A

Jul,2025,Engineering,Frontend,actual_revenue,N/A
Jul,2025,Engineering,Frontend,budget_revenue,N/A
Jul,2025,Engineering,Frontend,forecast_revenue,N/A
Jul,2025,Engineering,Frontend,revenue_variance,N/A
Jul,2025,Engineering,Frontend,revenue_variance_pct,N/A
Jul,2025,Engineering,Frontend,actual_expense,329000
Jul,2025,Engineering,Frontend,budget_expense,318000
Jul,2025,Engineering,Frontend,forecast_expense,323000
Jul,2025,Engineering,Frontend,expense_variance,11000
Jul,2025,Engineering,Frontend,expense_variance_pct,0.0346
Jul,2025,Engineering,Frontend,gross_margin,N/A
Jul,2025,Engineering,Frontend,gross_margin_pct,N/A
Jul,2025,Engineering,Frontend,forecast_error_expense,5000
Jul,2025,Engineering,Frontend,forecast_accuracy_expense_pct,0.9850
Jul,2025,Engineering,Frontend,variance_driver_rate,N/A
Jul,2025,Engineering,Frontend,variance_driver_volume,N/A

Jul,2025,Engineering,DevOps,actual_revenue,N/A
Jul,2025,Engineering,DevOps,budget_revenue,N/A
Jul,2025,Engineering,DevOps,forecast_revenue,N/A
Jul,2025,Engineering,DevOps,revenue_variance,N/A
Jul,2025,Engineering,DevOps,revenue_variance_pct,N/A
Jul,2025,Engineering,DevOps,actual_expense,299000
Jul,2025,Engineering,DevOps,budget_expense,288000
Jul,2025,Engineering,DevOps,forecast_expense,293000
Jul,2025,Engineering,DevOps,expense_variance,11000
Jul,2025,Engineering,DevOps,expense_variance_pct,0.0382
Jul,2025,Engineering,DevOps,gross_margin,N/A
Jul,2025,Engineering,DevOps,gross_margin_pct,N/A
Jul,2025,Engineering,DevOps,forecast_error_expense,5000
Jul,2025,Engineering,DevOps,forecast_accuracy_expense_pct,0.9825
Jul,2025,Engineering,DevOps,variance_driver_rate,N/A
Jul,2025,Engineering,DevOps,variance_driver_volume,N/A

Jul,2025,G&A,HR,actual_revenue,N/A
Jul,2025,G&A,HR,budget_revenue,N/A
Jul,2025,G&A,HR,forecast_revenue,N/A
Jul,2025,G&A,HR,revenue_variance,N/A
Jul,2025,G&A,HR,revenue_variance_pct,N/A
Jul,2025,G&A,HR,actual_expense,141000
Jul,2025,G&A,HR,budget_expense,137000
Jul,2025,G&A,HR,forecast_expense,139000
Jul,2025,G&A,HR,expense_variance,4000
Jul,2025,G&A,HR,expense_variance_pct,0.0292

Aug,2025,Sales,Field Sales,actual_revenue,635000
Aug,2025,Sales,Field Sales,budget_revenue,625000
Aug,2025,Sales,Field Sales,forecast_revenue,630000
Aug,2025,Sales,Field Sales,revenue_variance,10000
Aug,2025,Sales,Field Sales,revenue_variance_pct,0.0160
Aug,2025,Sales,Field Sales,actual_expense,256000
Aug,2025,Sales,Field Sales,budget_expense,246000
Aug,2025,Sales,Field Sales,forecast_expense,251000
Aug,2025,Sales,Field Sales,expense_variance,10000
Aug,2025,Sales,Field Sales,expense_variance_pct,0.0407
Aug,2025,Sales,Field Sales,gross_margin,379000
Aug,2025,Sales,Field Sales,gross_margin_pct,0.5969
Aug,2025,Sales,Field Sales,forecast_error_revenue,5000
Aug,2025,Sales,Field Sales,forecast_accuracy_revenue_pct,0.9921
Aug,2025,Sales,Field Sales,forecast_error_expense,5000
Aug,2025,Sales,Field Sales,forecast_accuracy_expense_pct,0.9797
Aug,2025,Sales,Field Sales,variance_driver_rate,N/A
Aug,2025,Sales,Field Sales,variance_driver_volume,N/A

Aug,2025,Sales,Inside Sales,actual_revenue,456000
Aug,2025,Sales,Inside Sales,budget_revenue,451000
Aug,2025,Sales,Inside Sales,forecast_revenue,454000
Aug,2025,Sales,Inside Sales,revenue_variance,5000
Aug,2025,Sales,Inside Sales,revenue_variance_pct,0.0111
Aug,2025,Sales,Inside Sales,actual_expense,156000
Aug,2025,Sales,Inside Sales,budget_expense,152000
Aug,2025,Sales,Inside Sales,forecast_expense,154000
Aug,2025,Sales,Inside Sales,expense_variance,4000
Aug,2025,Sales,Inside Sales,expense_variance_pct,0.0263
Aug,2025,Sales,Inside Sales,gross_margin,300000
Aug,2025,Sales,Inside Sales,gross_margin_pct,0.6579
Aug,2025,Sales,Inside Sales,forecast_error_revenue,2000
Aug,2025,Sales,Inside Sales,forecast_accuracy_revenue_pct,0.9956
Aug,2025,Sales,Inside Sales,forecast_error_expense,2000
Aug,2025,Sales,Inside Sales,forecast_accuracy_expense_pct,0.9870
Aug,2025,Sales,Inside Sales,variance_driver_rate,N/A
Aug,2025,Sales,Inside Sales,variance_driver_volume,N/A

Aug,2025,Sales,Sales Ops,actual_revenue,123000
Aug,2025,Sales,Sales Ops,budget_revenue,122000
Aug,2025,Sales,Sales Ops,forecast_revenue,123000
Aug,2025,Sales,Sales Ops,revenue_variance,1000
Aug,2025,Sales,Sales Ops,revenue_variance_pct,0.0082
Aug,2025,Sales,Sales Ops,actual_expense,79500
Aug,2025,Sales,Sales Ops,budget_expense,75500
Aug,2025,Sales,Sales Ops,forecast_expense,76500
Aug,2025,Sales,Sales Ops,expense_variance,4000
Aug,2025,Sales,Sales Ops,expense_variance_pct,0.0530
Aug,2025,Sales,Sales Ops,gross_margin,43500
Aug,2025,Sales,Sales Ops,gross_margin_pct,0.3537
Aug,2025,Sales,Sales Ops,forecast_error_revenue,0
Aug,2025,Sales,Sales Ops,forecast_accuracy_revenue_pct,1.0000
Aug,2025,Sales,Sales Ops,forecast_error_expense,3000
Aug,2025,Sales,Sales Ops,forecast_accuracy_expense_pct,0.9589
Aug,2025,Sales,Sales Ops,variance_driver_rate,N/A
Aug,2025,Sales,Sales Ops,variance_driver_volume,N/A

Aug,2025,Marketing,Digital,actual_revenue,226000
Aug,2025,Marketing,Digital,budget_revenue,221000
Aug,2025,Marketing,Digital,forecast_revenue,224000
Aug,2025,Marketing,Digital,revenue_variance,5000
Aug,2025,Marketing,Digital,revenue_variance_pct,0.0226
Aug,2025,Marketing,Digital,actual_expense,167000
Aug,2025,Marketing,Digital,budget_expense,162000
Aug,2025,Marketing,Digital,forecast_expense,164000
Aug,2025,Marketing,Digital,expense_variance,5000
Aug,2025,Marketing,Digital,expense_variance_pct,0.0309
Aug,2025,Marketing,Digital,gross_margin,59000
Aug,2025,Marketing,Digital,gross_margin_pct,0.2611
Aug,2025,Marketing,Digital,forecast_error_revenue,2000
Aug,2025,Marketing,Digital,forecast_accuracy_revenue_pct,0.9911
Aug,2025,Marketing,Digital,forecast_error_expense,3000
Aug,2025,Marketing,Digital,forecast_accuracy_expense_pct,0.9816
Aug,2025,Marketing,Digital,variance_driver_rate,N/A
Aug,2025,Marketing,Digital,variance_driver_volume,N/A

Aug,2025,Marketing,Events,actual_revenue,184000
Aug,2025,Marketing,Events,budget_revenue,182000
Aug,2025,Marketing,Events,forecast_revenue,183000
Aug,2025,Marketing,Events,revenue_variance,2000
Aug,2025,Marketing,Events,revenue_variance_pct,0.0110
Aug,2025,Marketing,Events,actual_expense,175000
Aug,2025,Marketing,Events,budget_expense,168000
Aug,2025,Marketing,Events,forecast_expense,171000
Aug,2025,Marketing,Events,expense_variance,7000
Aug,2025,Marketing,Events,expense_variance_pct,0.0417
Aug,2025,Marketing,Events,gross_margin,9000
Aug,2025,Marketing,Events,gross_margin_pct,0.0489
Aug,2025,Marketing,Events,forecast_error_revenue,1000
Aug,2025,Marketing,Events,forecast_accuracy_revenue_pct,0.9945
Aug,2025,Marketing,Events,forecast_error_expense,3000
Aug,2025,Marketing,Events,forecast_accuracy_expense_pct,0.9823
Aug,2025,Marketing,Events,variance_driver_rate,N/A
Aug,2025,Marketing,Events,variance_driver_volume,N/A

Aug,2025,Marketing,Brand,actual_revenue,128000
Aug,2025,Marketing,Brand,budget_revenue,127000
Aug,2025,Marketing,Brand,forecast_revenue,128000
Aug,2025,Marketing,Brand,revenue_variance,1000
Aug,2025,Marketing,Brand,revenue_variance_pct,0.0079
Aug,2025,Marketing,Brand,actual_expense,136000
Aug,2025,Marketing,Brand,budget_expense,132000
Aug,2025,Marketing,Brand,forecast_expense,134000
Aug,2025,Marketing,Brand,expense_variance,4000
Aug,2025,Marketing,Brand,expense_variance_pct,0.0303
Aug,2025,Marketing,Brand,gross_margin,-8000
Aug,2025,Marketing,Brand,gross_margin_pct,-0.0625
Aug,2025,Marketing,Brand,forecast_error_revenue,0
Aug,2025,Marketing,Brand,forecast_accuracy_revenue_pct,1.0000
Aug,2025,Marketing,Brand,forecast_error_expense,2000
Aug,2025,Marketing,Brand,forecast_accuracy_expense_pct,0.9848
Aug,2025,Marketing,Brand,variance_driver_rate,N/A
Aug,2025,Marketing,Brand,variance_driver_volume,N/A

Aug,2025,Customer Success,Support,actual_revenue,238000
Aug,2025,Customer Success,Support,budget_revenue,235000
Aug,2025,Customer Success,Support,forecast_revenue,237000
Aug,2025,Customer Success,Support,revenue_variance,3000
Aug,2025,Customer Success,Support,revenue_variance_pct,0.0128
Aug,2025,Customer Success,Support,actual_expense,159000
Aug,2025,Customer Success,Support,budget_expense,153000
Aug,2025,Customer Success,Support,forecast_expense,156000
Aug,2025,Customer Success,Support,expense_variance,6000
Aug,2025,Customer Success,Support,expense_variance_pct,0.0392
Aug,2025,Customer Success,Support,gross_margin,79000
Aug,2025,Customer Success,Support,gross_margin_pct,0.3319
Aug,2025,Customer Success,Support,forecast_error_revenue,1000
Aug,2025,Customer Success,Support,forecast_accuracy_revenue_pct,0.9963
Aug,2025,Customer Success,Support,forecast_error_expense,3000
Aug,2025,Customer Success,Support,forecast_accuracy_expense_pct,0.9802
Aug,2025,Customer Success,Support,variance_driver_rate,N/A
Aug,2025,Customer Success,Support,variance_driver_volume,N/A

Aug,2025,Customer Success,Onboarding,actual_revenue,210000
Aug,2025,Customer Success,Onboarding,budget_revenue,208000
Aug,2025,Customer Success,Onboarding,forecast_revenue,209000
Aug,2025,Customer Success,Onboarding,revenue_variance,2000
Aug,2025,Customer Success,Onboarding,revenue_variance_pct,0.0096
Aug,2025,Customer Success,Onboarding,actual_expense,148000
Aug,2025,Customer Success,Onboarding,budget_expense,143000
Aug,2025,Customer Success,Onboarding,forecast_expense,146000
Aug,2025,Customer Success,Onboarding,expense_variance,5000
Aug,2025,Customer Success,Onboarding,expense_variance_pct,0.0350
Aug,2025,Customer Success,Onboarding,gross_margin,62000
Aug,2025,Customer Success,Onboarding,gross_margin_pct,0.2952
Aug,2025,Customer Success,Onboarding,forecast_error_revenue,1000
Aug,2025,Customer Success,Onboarding,forecast_accuracy_revenue_pct,0.9952
Aug,2025,Customer Success,Onboarding,forecast_error_expense,2000
Aug,2025,Customer Success,Onboarding,forecast_accuracy_expense_pct,0.9862
Aug,2025,Customer Success,Onboarding,variance_driver_rate,N/A
Aug,2025,Customer Success,Onboarding,variance_driver_volume,N/A

Aug,2025,Product,Product Management,actual_revenue,N/A
Aug,2025,Product,Product Management,budget_revenue,N/A
Aug,2025,Product,Product Management,forecast_revenue,N/A
Aug,2025,Product,Product Management,revenue_variance,N/A
Aug,2025,Product,Product Management,revenue_variance_pct,N/A
Aug,2025,Product,Product Management,actual_expense,283000
Aug,2025,Product,Product Management,budget_expense,275000
Aug,2025,Product,Product Management,forecast_expense,279000
Aug,2025,Product,Product Management,expense_variance,8000
Aug,2025,Product,Product Management,expense_variance_pct,0.0291
Aug,2025,Product,Product Management,gross_margin,N/A
Aug,2025,Product,Product Management,gross_margin_pct,N/A
Aug,2025,Product,Product Management,forecast_error_expense,4000
Aug,2025,Product,Product Management,forecast_accuracy_expense_pct,0.9856
Aug,2025,Product,Product Management,variance_driver_rate,N/A
Aug,2025,Product,Product Management,variance_driver_volume,N/A

Aug,2025,Product,UX,actual_revenue,N/A
Aug,2025,Product,UX,budget_revenue,N/A
Aug,2025,Product,UX,forecast_revenue,N/A
Aug,2025,Product,UX,revenue_variance,N/A
Aug,2025,Product,UX,revenue_variance_pct,N/A
Aug,2025,Product,UX,actual_expense,177000
Aug,2025,Product,UX,budget_expense,170000
Aug,2025,Product,UX,forecast_expense,174000
Aug,2025,Product,UX,expense_variance,7000
Aug,2025,Product,UX,expense_variance_pct,0.0412
Aug,2025,Product,UX,gross_margin,N/A
Aug,2025,Product,UX,gross_margin_pct,N/A
Aug,2025,Product,UX,forecast_error_expense,4000
Aug,2025,Product,UX,forecast_accuracy_expense_pct,0.9764
Aug,2025,Product,UX,variance_driver_rate,N/A
Aug,2025,Product,UX,variance_driver_volume,N/A

Aug,2025,Engineering,Backend,actual_revenue,N/A
Aug,2025,Engineering,Backend,budget_revenue,N/A
Aug,2025,Engineering,Backend,forecast_revenue,N/A
Aug,2025,Engineering,Backend,revenue_variance,N/A
Aug,2025,Engineering,Backend,revenue_variance_pct,N/A
Aug,2025,Engineering,Backend,actual_expense,381000
Aug,2025,Engineering,Backend,budget_expense,366000
Aug,2025,Engineering,Backend,forecast_expense,374000
Aug,2025,Engineering,Backend,expense_variance,15000
Aug,2025,Engineering,Backend,expense_variance_pct,0.0410
Aug,2025,Engineering,Backend,gross_margin,N/A
Aug,2025,Engineering,Backend,gross_margin_pct,N/A
Aug,2025,Engineering,Backend,forecast_error_expense,8000
Aug,2025,Engineering,Backend,forecast_accuracy_expense_pct,0.9788
Aug,2025,Engineering,Backend,variance_driver_rate,N/A
Aug,2025,Engineering,Backend,variance_driver_volume,N/A

Aug,2025,Engineering,Frontend,actual_revenue,N/A
Aug,2025,Engineering,Frontend,budget_revenue,N/A
Aug,2025,Engineering,Frontend,forecast_revenue,N/A
Aug,2025,Engineering,Frontend,revenue_variance,N/A
Aug,2025,Engineering,Frontend,revenue_variance_pct,N/A
Aug,2025,Engineering,Frontend,actual_expense,331000
Aug,2025,Engineering,Frontend,budget_expense,320000
Aug,2025,Engineering,Frontend,forecast_expense,325000
Aug,2025,Engineering,Frontend,expense_variance,11000
Aug,2025,Engineering,Frontend,expense_variance_pct,0.0344
Aug,2025,Engineering,Frontend,gross_margin,N/A
Aug,2025,Engineering,Frontend,gross_margin_pct,N/A
Aug,2025,Engineering,Frontend,forecast_error_expense,5000
Aug,2025,Engineering,Frontend,forecast_accuracy_expense_pct,0.9851
Aug,2025,Engineering,Frontend,variance_driver_rate,N/A
Aug,2025,Engineering,Frontend,variance_driver_volume,N/A

Aug,2025,Engineering,DevOps,actual_revenue,N/A
Aug,2025,Engineering,DevOps,budget_revenue,N/A
Aug,2025,Engineering,DevOps,forecast_revenue,N/A
Aug,2025,Engineering,DevOps,revenue_variance,N/A
Aug,2025,Engineering,DevOps,revenue_variance_pct,N/A
Aug,2025,Engineering,DevOps,actual_expense,301000
Aug,2025,Engineering,DevOps,budget_expense,290000
Aug,2025,Engineering,DevOps,forecast_expense,295000
Aug,2025,Engineering,DevOps,expense_variance,11000
Aug,2025,Engineering,DevOps,expense_variance_pct,0.0379
Aug,2025,Engineering,DevOps,gross_margin,N/A
Aug,2025,Engineering,DevOps,gross_margin_pct,N/A
Aug,2025,Engineering,DevOps,forecast_error_expense,5000
Aug,2025,Engineering,DevOps,forecast_accuracy_expense_pct,0.9826
Aug,2025,Engineering,DevOps,variance_driver_rate,N/A
Aug,2025,Engineering,DevOps,variance_driver_volume,N/A

Aug,2025,G&A,HR,actual_revenue,N/A
Aug,2025,G&A,HR,budget_revenue,N/A
Aug,2025,G&A,HR,forecast_revenue,N/A
Aug,2025,G&A,HR,revenue_variance,N/A
Aug,2025,G&A,HR,revenue_variance_pct,N/A
Aug,2025,G&A,HR,actual_expense,142000
Aug,2025,G&A,HR,budget_expense,138000
Aug,2025,G&A,HR,forecast_expense,140000
Aug,2025,G&A,HR,expense_variance,4000
Aug,2025,G&A,HR,expense_variance_pct,

Sep,2025,Sales,Field Sales,actual_revenue,640000
Sep,2025,Sales,Field Sales,budget_revenue,630000
Sep,2025,Sales,Field Sales,forecast_revenue,635000
Sep,2025,Sales,Field Sales,revenue_variance,10000
Sep,2025,Sales,Field Sales,revenue_variance_pct,0.0159
Sep,2025,Sales,Field Sales,actual_expense,258000
Sep,2025,Sales,Field Sales,budget_expense,248000
Sep,2025,Sales,Field Sales,forecast_expense,253000
Sep,2025,Sales,Field Sales,expense_variance,10000
Sep,2025,Sales,Field Sales,expense_variance_pct,0.0403
Sep,2025,Sales,Field Sales,gross_margin,382000
Sep,2025,Sales,Field Sales,gross_margin_pct,0.5970
Sep,2025,Sales,Field Sales,forecast_error_revenue,5000
Sep,2025,Sales,Field Sales,forecast_accuracy_revenue_pct,0.9921
Sep,2025,Sales,Field Sales,forecast_error_expense,5000
Sep,2025,Sales,Field Sales,forecast_accuracy_expense_pct,0.9798
Sep,2025,Sales,Field Sales,variance_driver_rate,N/A
Sep,2025,Sales,Field Sales,variance_driver_volume,N/A

Sep,2025,Sales,Inside Sales,actual_revenue,459000
Sep,2025,Sales,Inside Sales,budget_revenue,454000
Sep,2025,Sales,Inside Sales,forecast_revenue,457000
Sep,2025,Sales,Inside Sales,revenue_variance,5000
Sep,2025,Sales,Inside Sales,revenue_variance_pct,0.0110
Sep,2025,Sales,Inside Sales,actual_expense,157000
Sep,2025,Sales,Inside Sales,budget_expense,153000
Sep,2025,Sales,Inside Sales,forecast_expense,155000
Sep,2025,Sales,Inside Sales,expense_variance,4000
Sep,2025,Sales,Inside Sales,expense_variance_pct,0.0261
Sep,2025,Sales,Inside Sales,gross_margin,302000
Sep,2025,Sales,Inside Sales,gross_margin_pct,0.6580
Sep,2025,Sales,Inside Sales,forecast_error_revenue,2000
Sep,2025,Sales,Inside Sales,forecast_accuracy_revenue_pct,0.9956
Sep,2025,Sales,Inside Sales,forecast_error_expense,2000
Sep,2025,Sales,Inside Sales,forecast_accuracy_expense_pct,0.9871
Sep,2025,Sales,Inside Sales,variance_driver_rate,N/A
Sep,2025,Sales,Inside Sales,variance_driver_volume,N/A

Sep,2025,Sales,Sales Ops,actual_revenue,124000
Sep,2025,Sales,Sales Ops,budget_revenue,123000
Sep,2025,Sales,Sales Ops,forecast_revenue,124000
Sep,2025,Sales,Sales Ops,revenue_variance,1000
Sep,2025,Sales,Sales Ops,revenue_variance_pct,0.0081
Sep,2025,Sales,Sales Ops,actual_expense,80000
Sep,2025,Sales,Sales Ops,budget_expense,76000
Sep,2025,Sales,Sales Ops,forecast_expense,77000
Sep,2025,Sales,Sales Ops,expense_variance,4000
Sep,2025,Sales,Sales Ops,expense_variance_pct,0.0526
Sep,2025,Sales,Sales Ops,gross_margin,44000
Sep,2025,Sales,Sales Ops,gross_margin_pct,0.3548
Sep,2025,Sales,Sales Ops,forecast_error_revenue,0
Sep,2025,Sales,Sales Ops,forecast_accuracy_revenue_pct,1.0000
Sep,2025,Sales,Sales Ops,forecast_error_expense,3000
Sep,2025,Sales,Sales Ops,forecast_accuracy_expense_pct,0.9590
Sep,2025,Sales,Sales Ops,variance_driver_rate,N/A
Sep,2025,Sales,Sales Ops,variance_driver_volume,N/A

Sep,2025,Marketing,Digital,actual_revenue,228000
Sep,2025,Marketing,Digital,budget_revenue,223000
Sep,2025,Marketing,Digital,forecast_revenue,226000
Sep,2025,Marketing,Digital,revenue_variance,5000
Sep,2025,Marketing,Digital,revenue_variance_pct,0.0224
Sep,2025,Marketing,Digital,actual_expense,168000
Sep,2025,Marketing,Digital,budget_expense,163000
Sep,2025,Marketing,Digital,forecast_expense,165000
Sep,2025,Marketing,Digital,expense_variance,5000
Sep,2025,Marketing,Digital,expense_variance_pct,0.0307
Sep,2025,Marketing,Digital,gross_margin,60000
Sep,2025,Marketing,Digital,gross_margin_pct,0.2632
Sep,2025,Marketing,Digital,forecast_error_revenue,2000
Sep,2025,Marketing,Digital,forecast_accuracy_revenue_pct,0.9912
Sep,2025,Marketing,Digital,forecast_error_expense,3000
Sep,2025,Marketing,Digital,forecast_accuracy_expense_pct,0.9817
Sep,2025,Marketing,Digital,variance_driver_rate,N/A
Sep,2025,Marketing,Digital,variance_driver_volume,N/A

Sep,2025,Marketing,Events,actual_revenue,186000
Sep,2025,Marketing,Events,budget_revenue,184000
Sep,2025,Marketing,Events,forecast_revenue,185000
Sep,2025,Marketing,Events,revenue_variance,2000
Sep,2025,Marketing,Events,revenue_variance_pct,0.0109
Sep,2025,Marketing,Events,actual_expense,176000
Sep,2025,Marketing,Events,budget_expense,169000
Sep,2025,Marketing,Events,forecast_expense,172000
Sep,2025,Marketing,Events,expense_variance,7000
Sep,2025,Marketing,Events,expense_variance_pct,0.0414
Sep,2025,Marketing,Events,gross_margin,10000
Sep,2025,Marketing,Events,gross_margin_pct,0.0538
Sep,2025,Marketing,Events,forecast_error_revenue,1000
Sep,2025,Marketing,Events,forecast_accuracy_revenue_pct,0.9946
Sep,2025,Marketing,Events,forecast_error_expense,3000
Sep,2025,Marketing,Events,forecast_accuracy_expense_pct,0.9824
Sep,2025,Marketing,Events,variance_driver_rate,N/A
Sep,2025,Marketing,Events,variance_driver_volume,N/A

Sep,2025,Marketing,Brand,actual_revenue,129000
Sep,2025,Marketing,Brand,budget_revenue,128000
Sep,2025,Marketing,Brand,forecast_revenue,129000
Sep,2025,Marketing,Brand,revenue_variance,1000
Sep,2025,Marketing,Brand,revenue_variance_pct,0.0078
Sep,2025,Marketing,Brand,actual_expense,137000
Sep,2025,Marketing,Brand,budget_expense,133000
Sep,2025,Marketing,Brand,forecast_expense,135000
Sep,2025,Marketing,Brand,expense_variance,4000
Sep,2025,Marketing,Brand,expense_variance_pct,0.0301
Sep,2025,Marketing,Brand,gross_margin,-8000
Sep,2025,Marketing,Brand,gross_margin_pct,-0.0620
Sep,2025,Marketing,Brand,forecast_error_revenue,0
Sep,2025,Marketing,Brand,forecast_accuracy_revenue_pct,1.0000
Sep,2025,Marketing,Brand,forecast_error_expense,2000
Sep,2025,Marketing,Brand,forecast_accuracy_expense_pct,0.9849
Sep,2025,Marketing,Brand,variance_driver_rate,N/A
Sep,2025,Marketing,Brand,variance_driver_volume,N/A

Sep,2025,Customer Success,Support,actual_revenue,240000
Sep,2025,Customer Success,Support,budget_revenue,237000
Sep,2025,Customer Success,Support,forecast_revenue,239000
Sep,2025,Customer Success,Support,revenue_variance,3000
Sep,2025,Customer Success,Support,revenue_variance_pct,0.0127
Sep,2025,Customer Success,Support,actual_expense,160000
Sep,2025,Customer Success,Support,budget_expense,154000
Sep,2025,Customer Success,Support,forecast_expense,157000
Sep,2025,Customer Success,Support,expense_variance,6000
Sep,2025,Customer Success,Support,expense_variance_pct,0.0390
Sep,2025,Customer Success,Support,gross_margin,80000
Sep,2025,Customer Success,Support,gross_margin_pct,0.3333
Sep,2025,Customer Success,Support,forecast_error_revenue,1000
Sep,2025,Customer Success,Support,forecast_accuracy_revenue_pct,0.9964
Sep,2025,Customer Success,Support,forecast_error_expense,3000
Sep,2025,Customer Success,Support,forecast_accuracy_expense_pct,0.9803
Sep,2025,Customer Success,Support,variance_driver_rate,N/A
Sep,2025,Customer Success,Support,variance_driver_volume,N/A

Sep,2025,Customer Success,Onboarding,actual_revenue,212000
Sep,2025,Customer Success,Onboarding,budget_revenue,210000
Sep,2025,Customer Success,Onboarding,forecast_revenue,211000
Sep,2025,Customer Success,Onboarding,revenue_variance,2000
Sep,2025,Customer Success,Onboarding,revenue_variance_pct,0.0095
Sep,2025,Customer Success,Onboarding,actual_expense,149000
Sep,2025,Customer Success,Onboarding,budget_expense,144000
Sep,2025,Customer Success,Onboarding,forecast_expense,147000
Sep,2025,Customer Success,Onboarding,expense_variance,5000
Sep,2025,Customer Success,Onboarding,expense_variance_pct,0.0347
Sep,2025,Customer Success,Onboarding,gross_margin,63000
Sep,2025,Customer Success,Onboarding,gross_margin_pct,0.2972
Sep,2025,Customer Success,Onboarding,forecast_error_revenue,1000
Sep,2025,Customer Success,Onboarding,forecast_accuracy_revenue_pct,0.9953
Sep,2025,Customer Success,Onboarding,forecast_error_expense,2000
Sep,2025,Customer Success,Onboarding,forecast_accuracy_expense_pct,0.9863
Sep,2025,Customer Success,Onboarding,variance_driver_rate,N/A
Sep,2025,Customer Success,Onboarding,variance_driver_volume,N/A

Sep,2025,Product,Product Management,actual_revenue,N/A
Sep,2025,Product,Product Management,budget_revenue,N/A
Sep,2025,Product,Product Management,forecast_revenue,N/A
Sep,2025,Product,Product Management,revenue_variance,N/A
Sep,2025,Product,Product Management,revenue_variance_pct,N/A
Sep,2025,Product,Product Management,actual_expense,285000
Sep,2025,Product,Product Management,budget_expense,277000
Sep,2025,Product,Product Management,forecast_expense,281000
Sep,2025,Product,Product Management,expense_variance,8000
Sep,2025,Product,Product Management,expense_variance_pct,0.0289
Sep,2025,Product,Product Management,gross_margin,N/A
Sep,2025,Product,Product Management,gross_margin_pct,N/A
Sep,2025,Product,Product Management,forecast_error_expense,4000
Sep,2025,Product,Product Management,forecast_accuracy_expense_pct,0.9857
Sep,2025,Product,Product Management,variance_driver_rate,N/A
Sep,2025,Product,Product Management,variance_driver_volume,N/A

Sep,2025,Product,UX,actual_revenue,N/A
Sep,2025,Product,UX,budget_revenue,N/A
Sep,2025,Product,UX,forecast_revenue,N/A
Sep,2025,Product,UX,revenue_variance,N/A
Sep,2025,Product,UX,revenue_variance_pct,N/A
Sep,2025,Product,UX,actual_expense,178000
Sep,2025,Product,UX,budget_expense,171000
Sep,2025,Product,UX,forecast_expense,175000
Sep,2025,Product,UX,expense_variance,7000
Sep,2025,Product,UX,expense_variance_pct,0.0409
Sep,2025,Product,UX,gross_margin,N/A
Sep,2025,Product,UX,gross_margin_pct,N/A
Sep,2025,Product,UX,forecast_error_expense,4000
Sep,2025,Product,UX,forecast_accuracy_expense_pct,0.9765
Sep,2025,Product,UX,variance_driver_rate,N/A
Sep,2025,Product,UX,variance_driver_volume,N/A

Sep,2025,Engineering,Backend,actual_revenue,N/A
Sep,2025,Engineering,Backend,budget_revenue,N/A
Sep,2025,Engineering,Backend,forecast_revenue,N/A
Sep,2025,Engineering,Backend,revenue_variance,N/A
Sep,2025,Engineering,Backend,revenue_variance_pct,N/A
Sep,2025,Engineering,Backend,actual_expense,383000
Sep,2025,Engineering,Backend,budget_expense,368000
Sep,2025,Engineering,Backend,forecast_expense,376000
Sep,2025,Engineering,Backend,expense_variance,15000
Sep,2025,Engineering,Backend,expense_variance_pct,0.0408
Sep,2025,Engineering,Backend,gross_margin,N/A
Sep,2025,Engineering,Backend,gross_margin_pct,N/A
Sep,2025,Engineering,Backend,forecast_error_expense,8000
Sep,2025,Engineering,Backend,forecast_accuracy_expense_pct,0.9789
Sep,2025,Engineering,Backend,variance_driver_rate,N/A
Sep,2025,Engineering,Backend,variance_driver_volume,N/A

Sep,2025,Engineering,Frontend,actual_revenue,N/A
Sep,2025,Engineering,Frontend,budget_revenue,N/A
Sep,2025,Engineering,Frontend,forecast_revenue,N/A
Sep,2025,Engineering,Frontend,revenue_variance,N/A
Sep,2025,Engineering,Frontend,revenue_variance_pct,N/A
Sep,2025,Engineering,Frontend,actual_expense,333000
Sep,2025,Engineering,Frontend,budget_expense,322000
Sep,2025,Engineering,Frontend,forecast_expense,327000
Sep,2025,Engineering,Frontend,expense_variance,11000
Sep,2025,Engineering,Frontend,expense_variance_pct,0.0342
Sep,2025,Engineering,Frontend,gross_margin,N/A
Sep,2025,Engineering,Frontend,gross_margin_pct,N/A
Sep,2025,Engineering,Frontend,forecast_error_expense,5000
Sep,2025,Engineering,Frontend,forecast_accuracy_expense_pct,0.9852
Sep,2025,Engineering,Frontend,variance_driver_rate,N/A
Sep,2025,Engineering,Frontend,variance_driver_volume,N/A

Sep,2025,Engineering,DevOps,actual_revenue,N/A
Sep,2025,Engineering,DevOps,budget_revenue,N/A
Sep,2025,Engineering,DevOps,forecast_revenue,N/A
Sep,2025,Engineering,DevOps,revenue_variance,N/A
Sep,2025,Engineering,DevOps,revenue_variance_pct,N/A
Sep,2025,Engineering,DevOps,actual_expense,303000
Sep,2025,Engineering,DevOps,budget_expense,292000
Sep,2025,Engineering,DevOps,forecast_expense,297000
Sep,2025,Engineering,DevOps,expense_variance,11000
Sep,2025,Engineering,DevOps,expense_variance_pct,0.0377
Sep,2025,Engineering,DevOps,gross_margin,N/A
Sep,2025,Engineering,DevOps,gross_margin_pct,N/A
Sep,2025,Engineering,DevOps,forecast_error_expense,5000
Sep,2025,Engineering,DevOps,forecast_accuracy_expense_pct,0.9827
Sep,2025,Engineering,DevOps,variance_driver_rate,N/A
Sep,2025,Engineering,DevOps,variance_driver_volume,N/A

Sep,2025,G&A,HR,actual_revenue,N/A
Sep,2025,G&A,HR,budget_revenue,N/A
Sep,2025,G&A,HR,forecast_revenue,N/A
Sep,2025,G&A,HR,revenue_variance,N/A
Sep,2025,G&A,HR,revenue_variance_pct,N/A
Sep,2025,G&A,HR,actual_expense,143000
Sep,2025,G&A,HR,budget_expense,139000
Sep,2025,G&A,HR,forecast_expense,141000
Sep,2025,G&A,HR,expense_variance,400

Oct,2025,Sales,Field Sales,actual_revenue,645000
Oct,2025,Sales,Field Sales,budget_revenue,635000
Oct,2025,Sales,Field Sales,forecast_revenue,640000
Oct,2025,Sales,Field Sales,revenue_variance,10000
Oct,2025,Sales,Field Sales,revenue_variance_pct,0.0157
Oct,2025,Sales,Field Sales,actual_expense,260000
Oct,2025,Sales,Field Sales,budget_expense,250000
Oct,2025,Sales,Field Sales,forecast_expense,255000
Oct,2025,Sales,Field Sales,expense_variance,10000
Oct,2025,Sales,Field Sales,expense_variance_pct,0.0400
Oct,2025,Sales,Field Sales,gross_margin,385000
Oct,2025,Sales,Field Sales,gross_margin_pct,0.5977
Oct,2025,Sales,Field Sales,forecast_error_revenue,5000
Oct,2025,Sales,Field Sales,forecast_accuracy_revenue_pct,0.9922
Oct,2025,Sales,Field Sales,forecast_error_expense,5000
Oct,2025,Sales,Field Sales,forecast_accuracy_expense_pct,0.9798
Oct,2025,Sales,Field Sales,variance_driver_rate,N/A
Oct,2025,Sales,Field Sales,variance_driver_volume,N/A

Oct,2025,Sales,Inside Sales,actual_revenue,462000
Oct,2025,Sales,Inside Sales,budget_revenue,457000
Oct,2025,Sales,Inside Sales,forecast_revenue,460000
Oct,2025,Sales,Inside Sales,revenue_variance,5000
Oct,2025,Sales,Inside Sales,revenue_variance_pct,0.0109
Oct,2025,Sales,Inside Sales,actual_expense,158000
Oct,2025,Sales,Inside Sales,budget_expense,154000
Oct,2025,Sales,Inside Sales,forecast_expense,156000
Oct,2025,Sales,Inside Sales,expense_variance,4000
Oct,2025,Sales,Inside Sales,expense_variance_pct,0.0260
Oct,2025,Sales,Inside Sales,gross_margin,304000
Oct,2025,Sales,Inside Sales,gross_margin_pct,0.6580
Oct,2025,Sales,Inside Sales,forecast_error_revenue,2000
Oct,2025,Sales,Inside Sales,forecast_accuracy_revenue_pct,0.9956
Oct,2025,Sales,Inside Sales,forecast_error_expense,2000
Oct,2025,Sales,Inside Sales,forecast_accuracy_expense_pct,0.9872
Oct,2025,Sales,Inside Sales,variance_driver_rate,N/A
Oct,2025,Sales,Inside Sales,variance_driver_volume,N/A

Oct,2025,Sales,Sales Ops,actual_revenue,125000
Oct,2025,Sales,Sales Ops,budget_revenue,124000
Oct,2025,Sales,Sales Ops,forecast_revenue,125000
Oct,2025,Sales,Sales Ops,revenue_variance,1000
Oct,2025,Sales,Sales Ops,revenue_variance_pct,0.0081
Oct,2025,Sales,Sales Ops,actual_expense,80500
Oct,2025,Sales,Sales Ops,budget_expense,76500
Oct,2025,Sales,Sales Ops,forecast_expense,77500
Oct,2025,Sales,Sales Ops,expense_variance,4000
Oct,2025,Sales,Sales Ops,expense_variance_pct,0.0522
Oct,2025,Sales,Sales Ops,gross_margin,44500
Oct,2025,Sales,Sales Ops,gross_margin_pct,0.3560
Oct,2025,Sales,Sales Ops,forecast_error_revenue,0
Oct,2025,Sales,Sales Ops,forecast_accuracy_revenue_pct,1.0000
Oct,2025,Sales,Sales Ops,forecast_error_expense,3000
Oct,2025,Sales,Sales Ops,forecast_accuracy_expense_pct,0.9591
Oct,2025,Sales,Sales Ops,variance_driver_rate,N/A
Oct,2025,Sales,Sales Ops,variance_driver_volume,N/A

Oct,2025,Marketing,Digital,actual_revenue,230000
Oct,2025,Marketing,Digital,budget_revenue,225000
Oct,2025,Marketing,Digital,forecast_revenue,228000
Oct,2025,Marketing,Digital,revenue_variance,5000
Oct,2025,Marketing,Digital,revenue_variance_pct,0.0222
Oct,2025,Marketing,Digital,actual_expense,169000
Oct,2025,Marketing,Digital,budget_expense,164000
Oct,2025,Marketing,Digital,forecast_expense,166000
Oct,2025,Marketing,Digital,expense_variance,5000
Oct,2025,Marketing,Digital,expense_variance_pct,0.0305
Oct,2025,Marketing,Digital,gross_margin,61000
Oct,2025,Marketing,Digital,gross_margin_pct,0.2652
Oct,2025,Marketing,Digital,forecast_error_revenue,2000
Oct,2025,Marketing,Digital,forecast_accuracy_revenue_pct,0.9913
Oct,2025,Marketing,Digital,forecast_error_expense,3000
Oct,2025,Marketing,Digital,forecast_accuracy_expense_pct,0.9818
Oct,2025,Marketing,Digital,variance_driver_rate,N/A
Oct,2025,Marketing,Digital,variance_driver_volume,N/A

Oct,2025,Marketing,Events,actual_revenue,188000
Oct,2025,Marketing,Events,budget_revenue,186000
Oct,2025,Marketing,Events,forecast_revenue,187000
Oct,2025,Marketing,Events,revenue_variance,2000
Oct,2025,Marketing,Events,revenue_variance_pct,0.0108
Oct,2025,Marketing,Events,actual_expense,177000
Oct,2025,Marketing,Events,budget_expense,170000
Oct,2025,Marketing,Events,forecast_expense,173000
Oct,2025,Marketing,Events,expense_variance,7000
Oct,2025,Marketing,Events,expense_variance_pct,0.0412
Oct,2025,Marketing,Events,gross_margin,11000
Oct,2025,Marketing,Events,gross_margin_pct,0.0585
Oct,2025,Marketing,Events,forecast_error_revenue,1000
Oct,2025,Marketing,Events,forecast_accuracy_revenue_pct,0.9947
Oct,2025,Marketing,Events,forecast_error_expense,3000
Oct,2025,Marketing,Events,forecast_accuracy_expense_pct,0.9825
Oct,2025,Marketing,Events,variance_driver_rate,N/A
Oct,2025,Marketing,Events,variance_driver_volume,N/A

Oct,2025,Marketing,Brand,actual_revenue,130000
Oct,2025,Marketing,Brand,budget_revenue,129000
Oct,2025,Marketing,Brand,forecast_revenue,130000
Oct,2025,Marketing,Brand,revenue_variance,1000
Oct,2025,Marketing,Brand,revenue_variance_pct,0.0078
Oct,2025,Marketing,Brand,actual_expense,138000
Oct,2025,Marketing,Brand,budget_expense,134000
Oct,2025,Marketing,Brand,forecast_expense,136000
Oct,2025,Marketing,Brand,expense_variance,4000
Oct,2025,Marketing,Brand,expense_variance_pct,0.0299
Oct,2025,Marketing,Brand,gross_margin,-8000
Oct,2025,Marketing,Brand,gross_margin_pct,-0.0615
Oct,2025,Marketing,Brand,forecast_error_revenue,0
Oct,2025,Marketing,Brand,forecast_accuracy_revenue_pct,1.0000
Oct,2025,Marketing,Brand,forecast_error_expense,2000
Oct,2025,Marketing,Brand,forecast_accuracy_expense_pct,0.9850
Oct,2025,Marketing,Brand,variance_driver_rate,N/A
Oct,2025,Marketing,Brand,variance_driver_volume,N/A

Oct,2025,Customer Success,Support,actual_revenue,242000
Oct,2025,Customer Success,Support,budget_revenue,239000
Oct,2025,Customer Success,Support,forecast_revenue,241000
Oct,2025,Customer Success,Support,revenue_variance,3000
Oct,2025,Customer Success,Support,revenue_variance_pct,0.0126
Oct,2025,Customer Success,Support,actual_expense,161000
Oct,2025,Customer Success,Support,budget_expense,155000
Oct,2025,Customer Success,Support,forecast_expense,158000
Oct,2025,Customer Success,Support,expense_variance,6000
Oct,2025,Customer Success,Support,expense_variance_pct,0.0387
Oct,2025,Customer Success,Support,gross_margin,81000
Oct,2025,Customer Success,Support,gross_margin_pct,0.3347
Oct,2025,Customer Success,Support,forecast_error_revenue,1000
Oct,2025,Customer Success,Support,forecast_accuracy_revenue_pct,0.9965
Oct,2025,Customer Success,Support,forecast_error_expense,3000
Oct,2025,Customer Success,Support,forecast_accuracy_expense_pct,0.9804
Oct,2025,Customer Success,Support,variance_driver_rate,N/A
Oct,2025,Customer Success,Support,variance_driver_volume,N/A

Oct,2025,Customer Success,Onboarding,actual_revenue,214000
Oct,2025,Customer Success,Onboarding,budget_revenue,212000
Oct,2025,Customer Success,Onboarding,forecast_revenue,213000
Oct,2025,Customer Success,Onboarding,revenue_variance,2000
Oct,2025,Customer Success,Onboarding,revenue_variance_pct,0.0094
Oct,2025,Customer Success,Onboarding,actual_expense,150000
Oct,2025,Customer Success,Onboarding,budget_expense,145000
Oct,2025,Customer Success,Onboarding,forecast_expense,148000
Oct,2025,Customer Success,Onboarding,expense_variance,5000
Oct,2025,Customer Success,Onboarding,expense_variance_pct,0.0345
Oct,2025,Customer Success,Onboarding,gross_margin,64000
Oct,2025,Customer Success,Onboarding,gross_margin_pct,0.2991
Oct,2025,Customer Success,Onboarding,forecast_error_revenue,1000
Oct,2025,Customer Success,Onboarding,forecast_accuracy_revenue_pct,0.9953
Oct,2025,Customer Success,Onboarding,forecast_error_expense,2000
Oct,2025,Customer Success,Onboarding,forecast_accuracy_expense_pct,0.9864
Oct,2025,Customer Success,Onboarding,variance_driver_rate,N/A
Oct,2025,Customer Success,Onboarding,variance_driver_volume,N/A

Oct,2025,Product,Product Management,actual_revenue,N/A
Oct,2025,Product,Product Management,budget_revenue,N/A
Oct,2025,Product,Product Management,forecast_revenue,N/A
Oct,2025,Product,Product Management,revenue_variance,N/A
Oct,2025,Product,Product Management,revenue_variance_pct,N/A
Oct,2025,Product,Product Management,actual_expense,287000
Oct,2025,Product,Product Management,budget_expense,279000
Oct,2025,Product,Product Management,forecast_expense,283000
Oct,2025,Product,Product Management,expense_variance,8000
Oct,2025,Product,Product Management,expense_variance_pct,0.0287
Oct,2025,Product,Product Management,gross_margin,N/A
Oct,2025,Product,Product Management,gross_margin_pct,N/A
Oct,2025,Product,Product Management,forecast_error_expense,4000
Oct,2025,Product,Product Management,forecast_accuracy_expense_pct,0.9858
Oct,2025,Product,Product Management,variance_driver_rate,N/A
Oct,2025,Product,Product Management,variance_driver_volume,N/A

Oct,2025,Product,UX,actual_revenue,N/A
Oct,2025,Product,UX,budget_revenue,N/A
Oct,2025,Product,UX,forecast_revenue,N/A
Oct,2025,Product,UX,revenue_variance,N/A
Oct,2025,Product,UX,revenue_variance_pct,N/A
Oct,2025,Product,UX,actual_expense,179000
Oct,2025,Product,UX,budget_expense,172000
Oct,2025,Product,UX,forecast_expense,176000
Oct,2025,Product,UX,expense_variance,7000
Oct,2025,Product,UX,expense_variance_pct,0.0407
Oct,2025,Product,UX,gross_margin,N/A
Oct,2025,Product,UX,gross_margin_pct,N/A
Oct,2025,Product,UX,forecast_error_expense,4000
Oct,2025,Product,UX,forecast_accuracy_expense_pct,0.9766
Oct,2025,Product,UX,variance_driver_rate,N/A
Oct,2025,Product,UX,variance_driver_volume,N/A

Oct,2025,Engineering,Backend,actual_revenue,N/A
Oct,2025,Engineering,Backend,budget_revenue,N/A
Oct,2025,Engineering,Backend,forecast_revenue,N/A
Oct,2025,Engineering,Backend,revenue_variance,N/A
Oct,2025,Engineering,Backend,revenue_variance_pct,N/A
Oct,2025,Engineering,Backend,actual_expense,385000
Oct,2025,Engineering,Backend,budget_expense,370000
Oct,2025,Engineering,Backend,forecast_expense,378000
Oct,2025,Engineering,Backend,expense_variance,15000
Oct,2025,Engineering,Backend,expense_variance_pct,0.0405
Oct,2025,Engineering,Backend,gross_margin,N/A
Oct,2025,Engineering,Backend,gross_margin_pct,N/A
Oct,2025,Engineering,Backend,forecast_error_expense,8000
Oct,2025,Engineering,Backend,forecast_accuracy_expense_pct,0.9790
Oct,2025,Engineering,Backend,variance_driver_rate,N/A
Oct,2025,Engineering,Backend,variance_driver_volume,N/A

Oct,2025,Engineering,Frontend,actual_revenue,N/A
Oct,2025,Engineering,Frontend,budget_revenue,N/A
Oct,2025,Engineering,Frontend,forecast_revenue,N/A
Oct,2025,Engineering,Frontend,revenue_variance,N/A
Oct,2025,Engineering,Frontend,revenue_variance_pct,N/A
Oct,2025,Engineering,Frontend,actual_expense,335000
Oct,2025,Engineering,Frontend,budget_expense,324000
Oct,2025,Engineering,Frontend,forecast_expense,329000
Oct,2025,Engineering,Frontend,expense_variance,11000
Oct,2025,Engineering,Frontend,expense_variance_pct,0.0340
Oct,2025,Engineering,Frontend,gross_margin,N/A
Oct,2025,Engineering,Frontend,gross_margin_pct,N/A
Oct,2025,Engineering,Frontend,forecast_error_expense,5000
Oct,2025,Engineering,Frontend,forecast_accuracy_expense_pct,0.9853
Oct,2025,Engineering,Frontend,variance_driver_rate,N/A
Oct,2025,Engineering,Frontend,variance_driver_volume,N/A

Oct,2025,Engineering,DevOps,actual_revenue,N/A
Oct,2025,Engineering,DevOps,budget_revenue,N/A
Oct,2025,Engineering,DevOps,forecast_revenue,N/A
Oct,2025,Engineering,DevOps,revenue_variance,N/A
Oct,2025,Engineering,DevOps,revenue_variance_pct,N/A
Oct,2025,Engineering,DevOps,actual_expense,305000
Oct,2025,Engineering,DevOps,budget_expense,294000
Oct,2025,Engineering,DevOps,forecast_expense,299000
Oct,2025,Engineering,DevOps,expense_variance,11000
Oct,2025,Engineering,DevOps,expense_variance_pct,0.0374
Oct,2025,Engineering,DevOps,gross_margin,N/A
Oct,2025,Engineering,DevOps,gross_margin_pct,N/A
Oct,2025,Engineering,DevOps,forecast_error_expense,5000
Oct,2025,Engineering,DevOps,forecast_accuracy_expense_pct,0.9828
Oct,2025,Engineering,DevOps,variance_driver_rate,N/A
Oct,2025,Engineering,DevOps,variance_driver_volume,N/A

Oct,2025,G&A,HR,actual_revenue,N/A
Oct,2025,G&A,HR,budget_revenue,N/A
Oct,2025,G&A,HR,forecast_revenue,N/A
Oct,2025,G&A,HR,revenue_variance,N/A
Oct,2025,G&A,HR,revenue_variance_pct,N/A
Oct,2025,G&A,HR,actual_expense,144000
Oct,2025,G&A,HR,budget_expense,140000
Oct,2025,G&A,HR,forecast_expense,142000
Oct,2025,G&A,HR,expense_variance,4000
Oct,2025,G

Nov,2025,Sales,Field Sales,actual_revenue,650000
Nov,2025,Sales,Field Sales,budget_revenue,640000
Nov,2025,Sales,Field Sales,forecast_revenue,645000
Nov,2025,Sales,Field Sales,revenue_variance,10000
Nov,2025,Sales,Field Sales,revenue_variance_pct,0.0156
Nov,2025,Sales,Field Sales,actual_expense,262000
Nov,2025,Sales,Field Sales,budget_expense,252000
Nov,2025,Sales,Field Sales,forecast_expense,257000
Nov,2025,Sales,Field Sales,expense_variance,10000
Nov,2025,Sales,Field Sales,expense_variance_pct,0.0397
Nov,2025,Sales,Field Sales,gross_margin,388000
Nov,2025,Sales,Field Sales,gross_margin_pct,0.597
Nov,2025,Sales,Field Sales,forecast_error_revenue,5000
Nov,2025,Sales,Field Sales,forecast_accuracy_revenue_pct,0.9923
Nov,2025,Sales,Field Sales,forecast_error_expense,5000
Nov,2025,Sales,Field Sales,forecast_accuracy_expense_pct,0.9799
Nov,2025,Sales,Field Sales,variance_driver_rate,N/A
Nov,2025,Sales,Field Sales,variance_driver_volume,N/A

Nov,2025,Sales,Inside Sales,actual_revenue,465000
Nov,2025,Sales,Inside Sales,budget_revenue,460000
Nov,2025,Sales,Inside Sales,forecast_revenue,463000
Nov,2025,Sales,Inside Sales,revenue_variance,5000
Nov,2025,Sales,Inside Sales,revenue_variance_pct,0.0109
Nov,2025,Sales,Inside Sales,actual_expense,159000
Nov,2025,Sales,Inside Sales,budget_expense,155000
Nov,2025,Sales,Inside Sales,forecast_expense,157000
Nov,2025,Sales,Inside Sales,expense_variance,4000
Nov,2025,Sales,Inside Sales,expense_variance_pct,0.0258
Nov,2025,Sales,Inside Sales,gross_margin,306000
Nov,2025,Sales,Inside Sales,gross_margin_pct,0.6581
Nov,2025,Sales,Inside Sales,forecast_error_revenue,2000
Nov,2025,Sales,Inside Sales,forecast_accuracy_revenue_pct,0.9957
Nov,2025,Sales,Inside Sales,forecast_error_expense,2000
Nov,2025,Sales,Inside Sales,forecast_accuracy_expense_pct,0.9873
Nov,2025,Sales,Inside Sales,variance_driver_rate,N/A
Nov,2025,Sales,Inside Sales,variance_driver_volume,N/A

Nov,2025,Sales,Sales Ops,actual_revenue,126000
Nov,2025,Sales,Sales Ops,budget_revenue,125000
Nov,2025,Sales,Sales Ops,forecast_revenue,126000
Nov,2025,Sales,Sales Ops,revenue_variance,1000
Nov,2025,Sales,Sales Ops,revenue_variance_pct,0.0080
Nov,2025,Sales,Sales Ops,actual_expense,81000
Nov,2025,Sales,Sales Ops,budget_expense,77000
Nov,2025,Sales,Sales Ops,forecast_expense,78000
Nov,2025,Sales,Sales Ops,expense_variance,4000
Nov,2025,Sales,Sales Ops,expense_variance_pct,0.0519
Nov,2025,Sales,Sales Ops,gross_margin,45000
Nov,2025,Sales,Sales Ops,gross_margin_pct,0.3571
Nov,2025,Sales,Sales Ops,forecast_error_revenue,0
Nov,2025,Sales,Sales Ops,forecast_accuracy_revenue_pct,1.0000
Nov,2025,Sales,Sales Ops,forecast_error_expense,3000
Nov,2025,Sales,Sales Ops,forecast_accuracy_expense_pct,0.9592
Nov,2025,Sales,Sales Ops,variance_driver_rate,N/A
Nov,2025,Sales,Sales Ops,variance_driver_volume,N/A

Nov,2025,Marketing,Digital,actual_revenue,232000
Nov,2025,Marketing,Digital,budget_revenue,227000
Nov,2025,Marketing,Digital,forecast_revenue,230000
Nov,2025,Marketing,Digital,revenue_variance,5000
Nov,2025,Marketing,Digital,revenue_variance_pct,0.0220
Nov,2025,Marketing,Digital,actual_expense,170000
Nov,2025,Marketing,Digital,budget_expense,165000
Nov,2025,Marketing,Digital,forecast_expense,167000
Nov,2025,Marketing,Digital,expense_variance,5000
Nov,2025,Marketing,Digital,expense_variance_pct,0.0303
Nov,2025,Marketing,Digital,gross_margin,62000
Nov,2025,Marketing,Digital,gross_margin_pct,0.2672
Nov,2025,Marketing,Digital,forecast_error_revenue,2000
Nov,2025,Marketing,Digital,forecast_accuracy_revenue_pct,0.9913
Nov,2025,Marketing,Digital,forecast_error_expense,3000
Nov,2025,Marketing,Digital,forecast_accuracy_expense_pct,0.9819
Nov,2025,Marketing,Digital,variance_driver_rate,N/A
Nov,2025,Marketing,Digital,variance_driver_volume,N/A

Nov,2025,Marketing,Events,actual_revenue,190000
Nov,2025,Marketing,Events,budget_revenue,188000
Nov,2025,Marketing,Events,forecast_revenue,189000
Nov,2025,Marketing,Events,revenue_variance,2000
Nov,2025,Marketing,Events,revenue_variance_pct,0.0106
Nov,2025,Marketing,Events,actual_expense,178000
Nov,2025,Marketing,Events,budget_expense,171000
Nov,2025,Marketing,Events,forecast_expense,174000
Nov,2025,Marketing,Events,expense_variance,7000
Nov,2025,Marketing,Events,expense_variance_pct,0.0409
Nov,2025,Marketing,Events,gross_margin,12000
Nov,2025,Marketing,Events,gross_margin_pct,0.0632
Nov,2025,Marketing,Events,forecast_error_revenue,1000
Nov,2025,Marketing,Events,forecast_accuracy_revenue_pct,0.9947
Nov,2025,Marketing,Events,forecast_error_expense,3000
Nov,2025,Marketing,Events,forecast_accuracy_expense_pct,0.9826
Nov,2025,Marketing,Events,variance_driver_rate,N/A
Nov,2025,Marketing,Events,variance_driver_volume,N/A

Nov,2025,Marketing,Brand,actual_revenue,131000
Nov,2025,Marketing,Brand,budget_revenue,130000
Nov,2025,Marketing,Brand,forecast_revenue,131000
Nov,2025,Marketing,Brand,revenue_variance,1000
Nov,2025,Marketing,Brand,revenue_variance_pct,0.0077
Nov,2025,Marketing,Brand,actual_expense,139000
Nov,2025,Marketing,Brand,budget_expense,135000
Nov,2025,Marketing,Brand,forecast_expense,137000
Nov,2025,Marketing,Brand,expense_variance,4000
Nov,2025,Marketing,Brand,expense_variance_pct,0.0296
Nov,2025,Marketing,Brand,gross_margin,-8000
Nov,2025,Marketing,Brand,gross_margin_pct,-0.0611
Nov,2025,Marketing,Brand,forecast_error_revenue,0
Nov,2025,Marketing,Brand,forecast_accuracy_revenue_pct,1.0000
Nov,2025,Marketing,Brand,forecast_error_expense,2000
Nov,2025,Marketing,Brand,forecast_accuracy_expense_pct,0.9851
Nov,2025,Marketing,Brand,variance_driver_rate,N/A
Nov,2025,Marketing,Brand,variance_driver_volume,N/A

Nov,2025,Customer Success,Support,actual_revenue,244000
Nov,2025,Customer Success,Support,budget_revenue,241000
Nov,2025,Customer Success,Support,forecast_revenue,243000
Nov,2025,Customer Success,Support,revenue_variance,3000
Nov,2025,Customer Success,Support,revenue_variance_pct,0.0124
Nov,2025,Customer Success,Support,actual_expense,162000
Nov,2025,Customer Success,Support,budget_expense,156000
Nov,2025,Customer Success,Support,forecast_expense,159000
Nov,2025,Customer Success,Support,expense_variance,6000
Nov,2025,Customer Success,Support,expense_variance_pct,0.0385
Nov,2025,Customer Success,Support,gross_margin,82000
Nov,2025,Customer Success,Support,gross_margin_pct,0.3361
Nov,2025,Customer Success,Support,forecast_error_revenue,1000
Nov,2025,Customer Success,Support,forecast_accuracy_revenue_pct,0.9966
Nov,2025,Customer Success,Support,forecast_error_expense,3000
Nov,2025,Customer Success,Support,forecast_accuracy_expense_pct,0.9805
Nov,2025,Customer Success,Support,variance_driver_rate,N/A
Nov,2025,Customer Success,Support,variance_driver_volume,N/A

Nov,2025,Customer Success,Onboarding,actual_revenue,216000
Nov,2025,Customer Success,Onboarding,budget_revenue,214000
Nov,2025,Customer Success,Onboarding,forecast_revenue,215000
Nov,2025,Customer Success,Onboarding,revenue_variance,2000
Nov,2025,Customer Success,Onboarding,revenue_variance_pct,0.0093
Nov,2025,Customer Success,Onboarding,actual_expense,151000
Nov,2025,Customer Success,Onboarding,budget_expense,146000
Nov,2025,Customer Success,Onboarding,forecast_expense,149000
Nov,2025,Customer Success,Onboarding,expense_variance,5000
Nov,2025,Customer Success,Onboarding,expense_variance_pct,0.0342
Nov,2025,Customer Success,Onboarding,gross_margin,65000
Nov,2025,Customer Success,Onboarding,gross_margin_pct,0.3009
Nov,2025,Customer Success,Onboarding,forecast_error_revenue,1000
Nov,2025,Customer Success,Onboarding,forecast_accuracy_revenue_pct,0.9954
Nov,2025,Customer Success,Onboarding,forecast_error_expense,2000
Nov,2025,Customer Success,Onboarding,forecast_accuracy_expense_pct,0.9865
Nov,2025,Customer Success,Onboarding,variance_driver_rate,N/A
Nov,2025,Customer Success,Onboarding,variance_driver_volume,N/A

Nov,2025,Product,Product Management,actual_revenue,N/A
Nov,2025,Product,Product Management,budget_revenue,N/A
Nov,2025,Product,Product Management,forecast_revenue,N/A
Nov,2025,Product,Product Management,revenue_variance,N/A
Nov,2025,Product,Product Management,revenue_variance_pct,N/A
Nov,2025,Product,Product Management,actual_expense,289000
Nov,2025,Product,Product Management,budget_expense,281000
Nov,2025,Product,Product Management,forecast_expense,285000
Nov,2025,Product,Product Management,expense_variance,8000
Nov,2025,Product,Product Management,expense_variance_pct,0.0285
Nov,2025,Product,Product Management,gross_margin,N/A
Nov,2025,Product,Product Management,gross_margin_pct,N/A
Nov,2025,Product,Product Management,forecast_error_expense,4000
Nov,2025,Product,Product Management,forecast_accuracy_expense_pct,0.9859
Nov,2025,Product,Product Management,variance_driver_rate,N/A
Nov,2025,Product,Product Management,variance_driver_volume,N/A

Nov,2025,Product,UX,actual_revenue,N/A
Nov,2025,Product,UX,budget_revenue,N/A
Nov,2025,Product,UX,forecast_revenue,N/A
Nov,2025,Product,UX,revenue_variance,N/A
Nov,2025,Product,UX,revenue_variance_pct,N/A
Nov,2025,Product,UX,actual_expense,180000
Nov,2025,Product,UX,budget_expense,173000
Nov,2025,Product,UX,forecast_expense,177000
Nov,2025,Product,UX,expense_variance,7000
Nov,2025,Product,UX,expense_variance_pct,0.0405
Nov,2025,Product,UX,gross_margin,N/A
Nov,2025,Product,UX,gross_margin_pct,N/A
Nov,2025,Product,UX,forecast_error_expense,4000
Nov,2025,Product,UX,forecast_accuracy_expense_pct,0.9767
Nov,2025,Product,UX,variance_driver_rate,N/A
Nov,2025,Product,UX,variance_driver_volume,N/A

Nov,2025,Engineering,Backend,actual_revenue,N/A
Nov,2025,Engineering,Backend,budget_revenue,N/A
Nov,2025,Engineering,Backend,forecast_revenue,N/A
Nov,2025,Engineering,Backend,revenue_variance,N/A
Nov,2025,Engineering,Backend,revenue_variance_pct,N/A
Nov,2025,Engineering,Backend,actual_expense,387000
Nov,2025,Engineering,Backend,budget_expense,372000
Nov,2025,Engineering,Backend,forecast_expense,380000
Nov,2025,Engineering,Backend,expense_variance,15000
Nov,2025,Engineering,Backend,expense_variance_pct,0.0403
Nov,2025,Engineering,Backend,gross_margin,N/A
Nov,2025,Engineering,Backend,gross_margin_pct,N/A
Nov,2025,Engineering,Backend,forecast_error_expense,8000
Nov,2025,Engineering,Backend,forecast_accuracy_expense_pct,0.9791
Nov,2025,Engineering,Backend,variance_driver_rate,N/A
Nov,2025,Engineering,Backend,variance_driver_volume,N/A

Nov,2025,Engineering,Frontend,actual_revenue,N/A
Nov,2025,Engineering,Frontend,budget_revenue,N/A
Nov,2025,Engineering,Frontend,forecast_revenue,N/A
Nov,2025,Engineering,Frontend,revenue_variance,N/A
Nov,2025,Engineering,Frontend,revenue_variance_pct,N/A
Nov,2025,Engineering,Frontend,actual_expense,337000
Nov,2025,Engineering,Frontend,budget_expense,326000
Nov,2025,Engineering,Frontend,forecast_expense,331000
Nov,2025,Engineering,Frontend,expense_variance,11000
Nov,2025,Engineering,Frontend,expense_variance_pct,0.0337
Nov,2025,Engineering,Frontend,gross_margin,N/A
Nov,2025,Engineering,Frontend,gross_margin_pct,N/A
Nov,2025,Engineering,Frontend,forecast_error_expense,5000
Nov,2025,Engineering,Frontend,forecast_accuracy_expense_pct,0.9854
Nov,2025,Engineering,Frontend,variance_driver_rate,N/A
Nov,2025,Engineering,Frontend,variance_driver_volume,N/A

Nov,2025,Engineering,DevOps,actual_revenue,N/A
Nov,2025,Engineering,DevOps,budget_revenue,N/A
Nov,2025,Engineering,DevOps,forecast_revenue,N/A
Nov,2025,Engineering,DevOps,revenue_variance,N/A
Nov,2025,Engineering,DevOps,revenue_variance_pct,N/A
Nov,2025,Engineering,DevOps,actual_expense,307000
Nov,2025,Engineering,DevOps,budget_expense,296000
Nov,2025,Engineering,DevOps,forecast_expense,301000
Nov,2025,Engineering,DevOps,expense_variance,11000
Nov,2025,Engineering,DevOps,expense_variance_pct,0.0372
Nov,2025,Engineering,DevOps,gross_margin,N/A
Nov,2025,Engineering,DevOps,gross_margin_pct,N/A
Nov,2025,Engineering,DevOps,forecast_error_expense,5000
Nov,2025,Engineering,DevOps,forecast_accuracy_expense_pct,0.9829
Nov,2025,Engineering,DevOps,variance_driver_rate,N/A
Nov,2025,Engineering,DevOps,variance_driver_volume,N/A

Nov,2025,G&A,HR,actual_revenue,N/A
Nov,2025,G&A,HR,budget_revenue,N/A
Nov,2025,G&A,HR,forecast_revenue,N/A
Nov,2025,G&A,HR,revenue_variance,N/A
Nov,2025,G&A,HR,revenue_variance_pct,N/A
Nov,2025,G&A,HR,actual_expense,145000
Nov,2025,G&A,HR,budget_expense,141000
Nov,2025,G&A,HR,forecast_expense,143000
Nov,2025,G

Dec,2025,Sales,Field Sales,actual_revenue,655000
Dec,2025,Sales,Field Sales,budget_revenue,645000
Dec,2025,Sales,Field Sales,forecast_revenue,650000
Dec,2025,Sales,Field Sales,revenue_variance,10000
Dec,2025,Sales,Field Sales,revenue_variance_pct,0.0155
Dec,2025,Sales,Field Sales,actual_expense,264000
Dec,2025,Sales,Field Sales,budget_expense,254000
Dec,2025,Sales,Field Sales,forecast_expense,259000
Dec,2025,Sales,Field Sales,expense_variance,10000
Dec,2025,Sales,Field Sales,expense_variance_pct,0.0394
Dec,2025,Sales,Field Sales,gross_margin,391000
Dec,2025,Sales,Field Sales,gross_margin_pct,0.5977
Dec,2025,Sales,Field Sales,forecast_error_revenue,5000
Dec,2025,Sales,Field Sales,forecast_accuracy_revenue_pct,0.9923
Dec,2025,Sales,Field Sales,forecast_error_expense,5000
Dec,2025,Sales,Field Sales,forecast_accuracy_expense_pct,0.9800
Dec,2025,Sales,Field Sales,variance_driver_rate,N/A
Dec,2025,Sales,Field Sales,variance_driver_volume,N/A

Dec,2025,Sales,Inside Sales,actual_revenue,468000
Dec,2025,Sales,Inside Sales,budget_revenue,463000
Dec,2025,Sales,Inside Sales,forecast_revenue,466000
Dec,2025,Sales,Inside Sales,revenue_variance,5000
Dec,2025,Sales,Inside Sales,revenue_variance_pct,0.0108
Dec,2025,Sales,Inside Sales,actual_expense,160000
Dec,2025,Sales,Inside Sales,budget_expense,156000
Dec,2025,Sales,Inside Sales,forecast_expense,158000
Dec,2025,Sales,Inside Sales,expense_variance,4000
Dec,2025,Sales,Inside Sales,expense_variance_pct,0.0256
Dec,2025,Sales,Inside Sales,gross_margin,308000
Dec,2025,Sales,Inside Sales,gross_margin_pct,0.6581
Dec,2025,Sales,Inside Sales,forecast_error_revenue,2000
Dec,2025,Sales,Inside Sales,forecast_accuracy_revenue_pct,0.9957
Dec,2025,Sales,Inside Sales,forecast_error_expense,2000
Dec,2025,Sales,Inside Sales,forecast_accuracy_expense_pct,0.9874
Dec,2025,Sales,Inside Sales,variance_driver_rate,N/A
Dec,2025,Sales,Inside Sales,variance_driver_volume,N/A

Dec,2025,Sales,Sales Ops,actual_revenue,127000
Dec,2025,Sales,Sales Ops,budget_revenue,126000
Dec,2025,Sales,Sales Ops,forecast_revenue,127000
Dec,2025,Sales,Sales Ops,revenue_variance,1000
Dec,2025,Sales,Sales Ops,revenue_variance_pct,0.0079
Dec,2025,Sales,Sales Ops,actual_expense,81500
Dec,2025,Sales,Sales Ops,budget_expense,77500
Dec,2025,Sales,Sales Ops,forecast_expense,78500
Dec,2025,Sales,Sales Ops,expense_variance,4000
Dec,2025,Sales,Sales Ops,expense_variance_pct,0.0516
Dec,2025,Sales,Sales Ops,gross_margin,45500
Dec,2025,Sales,Sales Ops,gross_margin_pct,0.3583
Dec,2025,Sales,Sales Ops,forecast_error_revenue,0
Dec,2025,Sales,Sales Ops,forecast_accuracy_revenue_pct,1.0000
Dec,2025,Sales,Sales Ops,forecast_error_expense,3000
Dec,2025,Sales,Sales Ops,forecast_accuracy_expense_pct,0.9593
Dec,2025,Sales,Sales Ops,variance_driver_rate,N/A
Dec,2025,Sales,Sales Ops,variance_driver_volume,N/A

Dec,2025,Marketing,Digital,actual_revenue,234000
Dec,2025,Marketing,Digital,budget_revenue,229000
Dec,2025,Marketing,Digital,forecast_revenue,232000
Dec,2025,Marketing,Digital,revenue_variance,5000
Dec,2025,Marketing,Digital,revenue_variance_pct,0.0218
Dec,2025,Marketing,Digital,actual_expense,171000
Dec,2025,Marketing,Digital,budget_expense,166000
Dec,2025,Marketing,Digital,forecast_expense,168000
Dec,2025,Marketing,Digital,expense_variance,5000
Dec,2025,Marketing,Digital,expense_variance_pct,0.0301
Dec,2025,Marketing,Digital,gross_margin,63000
Dec,2025,Marketing,Digital,gross_margin_pct,0.2692
Dec,2025,Marketing,Digital,forecast_error_revenue,2000
Dec,2025,Marketing,Digital,forecast_accuracy_revenue_pct,0.9914
Dec,2025,Marketing,Digital,forecast_error_expense,3000
Dec,2025,Marketing,Digital,forecast_accuracy_expense_pct,0.9820
Dec,2025,Marketing,Digital,variance_driver_rate,N/A
Dec,2025,Marketing,Digital,variance_driver_volume,N/A

Dec,2025,Marketing,Events,actual_revenue,192000
Dec,2025,Marketing,Events,budget_revenue,190000
Dec,2025,Marketing,Events,forecast_revenue,191000
Dec,2025,Marketing,Events,revenue_variance,2000
Dec,2025,Marketing,Events,revenue_variance_pct,0.0105
Dec,2025,Marketing,Events,actual_expense,179000
Dec,2025,Marketing,Events,budget_expense,172000
Dec,2025,Marketing,Events,forecast_expense,175000
Dec,2025,Marketing,Events,expense_variance,7000
Dec,2025,Marketing,Events,expense_variance_pct,0.0407
Dec,2025,Marketing,Events,gross_margin,13000
Dec,2025,Marketing,Events,gross_margin_pct,0.0677
Dec,2025,Marketing,Events,forecast_error_revenue,1000
Dec,2025,Marketing,Events,forecast_accuracy_revenue_pct,0.9948
Dec,2025,Marketing,Events,forecast_error_expense,3000
Dec,2025,Marketing,Events,forecast_accuracy_expense_pct,0.9827
Dec,2025,Marketing,Events,variance_driver_rate,N/A
Dec,2025,Marketing,Events,variance_driver_volume,N/A

Dec,2025,Marketing,Brand,actual_revenue,132000
Dec,2025,Marketing,Brand,budget_revenue,131000
Dec,2025,Marketing,Brand,forecast_revenue,132000
Dec,2025,Marketing,Brand,revenue_variance,1000
Dec,2025,Marketing,Brand,revenue_variance_pct,0.0076
Dec,2025,Marketing,Brand,actual_expense,140000
Dec,2025,Marketing,Brand,budget_expense,136000
Dec,2025,Marketing,Brand,forecast_expense,138000
Dec,2025,Marketing,Brand,expense_variance,4000
Dec,2025,Marketing,Brand,expense_variance_pct,0.0294
Dec,2025,Marketing,Brand,gross_margin,-8000
Dec,2025,Marketing,Brand,gross_margin_pct,-0.0606
Dec,2025,Marketing,Brand,forecast_error_revenue,0
Dec,2025,Marketing,Brand,forecast_accuracy_revenue_pct,1.0000
Dec,2025,Marketing,Brand,forecast_error_expense,2000
Dec,2025,Marketing,Brand,forecast_accuracy_expense_pct,0.9852
Dec,2025,Marketing,Brand,variance_driver_rate,N/A
Dec,2025,Marketing,Brand,variance_driver_volume,N/A

Dec,2025,Customer Success,Support,actual_revenue,246000
Dec,2025,Customer Success,Support,budget_revenue,243000
Dec,2025,Customer Success,Support,forecast_revenue,245000
Dec,2025,Customer Success,Support,revenue_variance,3000
Dec,2025,Customer Success,Support,revenue_variance_pct,0.0123
Dec,2025,Customer Success,Support,actual_expense,163000
Dec,2025,Customer Success,Support,budget_expense,157000
Dec,2025,Customer Success,Support,forecast_expense,160000
Dec,2025,Customer Success,Support,expense_variance,6000
Dec,2025,Customer Success,Support,expense_variance_pct,0.0383
Dec,2025,Customer Success,Support,gross_margin,83000
Dec,2025,Customer Success,Support,gross_margin_pct,0.3370
Dec,2025,Customer Success,Support,forecast_error_revenue,1000
Dec,2025,Customer Success,Support,forecast_accuracy_revenue_pct,0.9967
Dec,2025,Customer Success,Support,forecast_error_expense,3000
Dec,2025,Customer Success,Support,forecast_accuracy_expense_pct,0.9806
Dec,2025,Customer Success,Support,variance_driver_rate,N/A
Dec,2025,Customer Success,Support,variance_driver_volume,N/A

Dec,2025,Customer Success,Onboarding,actual_revenue,218000
Dec,2025,Customer Success,Onboarding,budget_revenue,216000
Dec,2025,Customer Success,Onboarding,forecast_revenue,217000
Dec,2025,Customer Success,Onboarding,revenue_variance,2000
Dec,2025,Customer Success,Onboarding,revenue_variance_pct,0.0093
Dec,2025,Customer Success,Onboarding,actual_expense,152000
Dec,2025,Customer Success,Onboarding,budget_expense,147000
Dec,2025,Customer Success,Onboarding,forecast_expense,150000
Dec,2025,Customer Success,Onboarding,expense_variance,5000
Dec,2025,Customer Success,Onboarding,expense_variance_pct,0.0340
Dec,2025,Customer Success,Onboarding,gross_margin,66000
Dec,2025,Customer Success,Onboarding,gross_margin_pct,0.3028
Dec,2025,Customer Success,Onboarding,forecast_error_revenue,1000
Dec,2025,Customer Success,Onboarding,forecast_accuracy_revenue_pct,0.9954
Dec,2025,Customer Success,Onboarding,forecast_error_expense,2000
Dec,2025,Customer Success,Onboarding,forecast_accuracy_expense_pct,0.9866
Dec,2025,Customer Success,Onboarding,variance_driver_rate,N/A
Dec,2025,Customer Success,Onboarding,variance_driver_volume,N/A

Dec,2025,Product,Product Management,actual_revenue,N/A
Dec,2025,Product,Product Management,budget_revenue,N/A
Dec,2025,Product,Product Management,forecast_revenue,N/A
Dec,2025,Product,Product Management,revenue_variance,N/A
Dec,2025,Product,Product Management,revenue_variance_pct,N/A
Dec,2025,Product,Product Management,actual_expense,291000
Dec,2025,Product,Product Management,budget_expense,283000
Dec,2025,Product,Product Management,forecast_expense,287000
Dec,2025,Product,Product Management,expense_variance,8000
Dec,2025,Product,Product Management,expense_variance_pct,0.0283
Dec,2025,Product,Product Management,gross_margin,N/A
Dec,2025,Product,Product Management,gross_margin_pct,N/A
Dec,2025,Product,Product Management,forecast_error_expense,4000
Dec,2025,Product,Product Management,forecast_accuracy_expense_pct,0.9860
Dec,2025,Product,Product Management,variance_driver_rate,N/A
Dec,2025,Product,Product Management,variance_driver_volume,N/A

Dec,2025,Product,UX,actual_revenue,N/A
Dec,2025,Product,UX,budget_revenue,N/A
Dec,2025,Product,UX,forecast_revenue,N/A
Dec,2025,Product,UX,revenue_variance,N/A
Dec,2025,Product,UX,revenue_variance_pct,N/A
Dec,2025,Product,UX,actual_expense,181000
Dec,2025,Product,UX,budget_expense,174000
Dec,2025,Product,UX,forecast_expense,178000
Dec,2025,Product,UX,expense_variance,7000
Dec,2025,Product,UX,expense_variance_pct,0.0402
Dec,2025,Product,UX,gross_margin,N/A
Dec,2025,Product,UX,gross_margin_pct,N/A
Dec,2025,Product,UX,forecast_error_expense,4000
Dec,2025,Product,UX,forecast_accuracy_expense_pct,0.9768
Dec,2025,Product,UX,variance_driver_rate,N/A
Dec,2025,Product,UX,variance_driver_volume,N/A

Dec,2025,Engineering,Backend,actual_revenue,N/A
Dec,2025,Engineering,Backend,budget_revenue,N/A
Dec,2025,Engineering,Backend,forecast_revenue,N/A
Dec,2025,Engineering,Backend,revenue_variance,N/A
Dec,2025,Engineering,Backend,revenue_variance_pct,N/A
Dec,2025,Engineering,Backend,actual_expense,389000
Dec,2025,Engineering,Backend,budget_expense,374000
Dec,2025,Engineering,Backend,forecast_expense,382000
Dec,2025,Engineering,Backend,expense_variance,15000
Dec,2025,Engineering,Backend,expense_variance_pct,0.0401
Dec,2025,Engineering,Backend,gross_margin,N/A
Dec,2025,Engineering,Backend,gross_margin_pct,N/A
Dec,2025,Engineering,Backend,forecast_error_expense,8000
Dec,2025,Engineering,Backend,forecast_accuracy_expense_pct,0.9792
Dec,2025,Engineering,Backend,variance_driver_rate,N/A
Dec,2025,Engineering,Backend,variance_driver_volume,N/A

Dec,2025,Engineering,Frontend,actual_revenue,N/A
Dec,2025,Engineering,Frontend,budget_revenue,N/A
Dec,2025,Engineering,Frontend,forecast_revenue,N/A
Dec,2025,Engineering,Frontend,revenue_variance,N/A
Dec,2025,Engineering,Frontend,revenue_variance_pct,N/A
Dec,2025,Engineering,Frontend,actual_expense,339000
Dec,2025,Engineering,Frontend,budget_expense,328000
Dec,2025,Engineering,Frontend,forecast_expense,333000
Dec,2025,Engineering,Frontend,expense_variance,11000
Dec,2025,Engineering,Frontend,expense_variance_pct,0.0335
Dec,2025,Engineering,Frontend,gross_margin,N/A
Dec,2025,Engineering,Frontend,gross_margin_pct,N/A
Dec,2025,Engineering,Frontend,forecast_error_expense,5000
Dec,2025,Engineering,Frontend,forecast_accuracy_expense_pct,0.9855
Dec,2025,Engineering,Frontend,variance_driver_rate,N/A
Dec,2025,Engineering,Frontend,variance_driver_volume,N/A

Dec,2025,Engineering,DevOps,actual_revenue,N/A
Dec,2025,Engineering,DevOps,budget_revenue,N/A
Dec,2025,Engineering,DevOps,forecast_revenue,N/A
Dec,2025,Engineering,DevOps,revenue_variance,N/A
Dec,2025,Engineering,DevOps,revenue_variance_pct,N/A
Dec,2025,Engineering,DevOps,actual_expense,309000
Dec,2025,Engineering,DevOps,budget_expense,298000
Dec,2025,Engineering,DevOps,forecast_expense,303000
Dec,2025,Engineering,DevOps,expense_variance,11000
Dec,2025,Engineering,DevOps,expense_variance_pct,0.0369
Dec,2025,Engineering,DevOps,gross_margin,N/A
Dec,2025,Engineering,DevOps,gross_margin_pct,N/A
Dec,2025,Engineering,DevOps,forecast_error_expense,5000
Dec,2025,Engineering,DevOps,forecast_accuracy_expense_pct,0.9830
Dec,2025,Engineering,DevOps,variance_driver_rate,N/A
Dec,2025,Engineering,DevOps,variance_driver_volume,N/A

Dec,2025,G&A,HR,actual_revenue,N/A
Dec,2025,G&A,HR,budget_revenue,N/A
Dec,2025,G&A,HR,forecast_revenue,N/A
Dec,2025,G&A,HR,revenue_variance,N/A
Dec,2025,G&A,HR,revenue_variance_pct,N/A
Dec,2025,G&A,HR,actual_expense,146000
Dec,2025,G&A,HR,budget_expense,142000
Dec,2025,G&A,HR,forecast_expense,144000
Dec,2025,G&A,HR,expense_variance,4000
Dec,2025,G&A,HR,expense_variance_pct,0.0282
